shipment_id,origin_city,destination_city,carrier,service_level,goods_type,customer_priority_tier,shipment_month,distance_km,weight_kg,num_stops,is_cross_border,scheduled_transit_hours,pickup_delay_minutes,driver_experience_years,vehicle_age_years,weather_condition,traffic_index,route_congestion_score,prior_late_deliveries_30d,fuel_cost_cad,actual_transit_hours,delivered_late
SHP-103848,Mississauga ON,Edmonton AB,NorthStar Carriers,Standard,General Freight,Bronze,1,376.0,257.1,2,0,7.53,55.0,5.1,6.1,Fog,37.2,0.291,1,146.39,7.55,0
SHP-102827,Montreal QC,Winnipeg MB,PrairieLine,Standard,General Freight,Silver,12,159.8,734.1,0,0,1.0,69.0,5.3,4.2,Snow,77.4,0.236,0,155.07,1.17,1
SHP-105254,Toronto ON,Hamilton ON,QuebecExpress,Standard,Fragile,Silver,9,423.0,680.8,0,0,7.12,-13.0,1.4,2.8,Rain,36.5,0.344,0,163.44,6.47,0
SHP-102719,Montreal QC,Hamilton ON,MapleFreight Fleet,Standard,General Freight,Silver,1,494.1,1292.2,0,0,7.61,-20.0,4.0,14.8,Fog,51.2,0.491,2,,8.03,0
SHP-105198,Mississauga ON,Sudbury ON,MapleFreight Fleet,Standard,Refrigerated,Bronze,9,843.5,3327.1,1,0,12.9,28.0,2.9,1.6,Clear,82.7,0.423,1,263.22,13.49,0
SHP-101857,Montreal QC,Winnipeg MB,Contract Owner-Op,Express,General Freight,Gold,10,572.7,1310.8,1,0,8.82,53.0,3.7,5.3,Storm,72.9,0.467,4,149.19,10.0,1
SHP-102142,Toronto ON,Toronto ON,QuebecExpress,Economy,General Freight,Silver,6,303.3,1259.5,2,1,5.81,-5.0,4.5,3.2,Clear,65.2,0.514,0,133.83,5.32,0
SHP-103123,Mississauga ON,Winnipeg MB,NorthStar Carriers,Standard,General Freight,Gold,1,776.6,1043.6,1,0,11.41,9.0,4.9,4.2,,58.9,0.586,0,180.57,11.6,0
SHP-100691,Mississauga ON,Quebec City QC,PrairieLine,Express,General Freight,Silver,9,755.4,889.2,3,0,12.17,25.0,2.3,4.7,Clear,54.4,0.33,1,150.68,10.77,0
SHP-101694,London ON,Regina SK,MapleFreight Fleet,Express,Fragile,Silver,9,172.7,1322.8,3,0,3.6,38.0,10.2,2.4,Clear,63.6,0.778,1,124.74,3.26,0
SHP-102224,Calgary AB,Quebec City QC,MapleFreight Fleet,Standard,Bulk,Silver,9,495.2,3993.1,3,0,8.3,-20.0,2.6,1.8,Clear,20.1,0.463,0,251.7,8.23,0
SHP-103308,Montreal QC,Regina SK,Contract Owner-Op,Standard,General Freight,Bronze,8,365.2,847.6,3,0,7.68,36.0,12.4,4.8,Clear,59.1,0.352,2,180.59,10.02,1
SHP-101568,Calgary AB,Hamilton ON,MapleFreight Fleet,standard,General Freight,Bronze,2,687.3,2659.2,3,0,12.55,-20.0,1.8,4.2,Clear,59.2,0.73,1,175.71,12.02,0
SHP-104140,London ON,Regina SK,MapleFreight Fleet,Standard,General Freight,Bronze,11,498.9,2470.4,5,0,10.55,-20.0,17.2,12.3,Rain,57.4,0.248,1,94.62,10.66,0
SHP-100887,Toronto ON,Calgary AB,QuebecExpress,Express,Fragile,Bronze,9,641.3,1649.0,2,0,8.0,2.0,7.9,2.9,Rain,65.3,0.449,1,136.76,8.21,0
SHP-103326,Toronto ON,Winnipeg MB,PrairieLine,Express,Fragile,Gold,7,902.5,1224.2,4,0,14.36,-20.0,13.0,11.9,Clear,56.9,0.249,2,186.15,14.33,0
SHP-102074,Montreal QC,Edmonton AB,QuebecExpress,Standard,General Freight,Silver,8,763.0,472.9,5,0,16.25,37.0,1.1,12.3,Rain,36.9,0.589,3,172.79,15.6,0
SHP-104611,Calgary AB,Ottawa ON,PrairieLine,Express,General Freight,Silver,12,1065.0,189.1,3,1,16.97,43.0,5.6,1.1,Clear,68.9,0.353,1,130.69,16.75,0
SHP-101093,Calgary AB,Winnipeg MB,MapleFreight Fleet,Standard,Refrigerated,Silver,5,459.0,486.3,2,1,8.05,-20.0,2.3,4.8,Clear,66.3,0.568,0,214.07,7.46,0
SHP-102752,Toronto ON,Hamilton ON,MapleFreight Fleet,Standard,General Freight,Gold,9,980.1,570.6,1,1,14.73,27.0,7.8,6.5,Clear,,0.169,0,285.06,14.69,0
SHP-100730,Mississauga ON,Montreal QC,MapleFreight Fleet,Standard,General Freight,Silver,4,444.1,749.3,4,0,9.08,47.0,16.1,7.3,Clear,56.4,0.321,2,217.17,9.19,0
SHP-103838,Mississauga ON,Calgary AB,PrairieLine,Express,General Freight,Bronze,6,931.3,265.2,3,0,14.03,-1.0,11.6,3.4,Clear,30.6,0.528,1,190.22,14.78,0
SHP-103763,Mississauga ON,Sudbury ON,MapleFreight Fleet,Standard,Refrigerated,Silver,4,369.4,887.1,4,0,7.11,37.0,8.4,1.0,Clear,43.0,0.597,2,194.6,7.09,0
SHP-101473,Toronto ON,Sudbury ON,NorthStar Carriers,Economy,General Freight,Silver,1,911.1,1437.1,4,0,16.95,0.0,2.7,3.6,Snow,75.4,0.475,0,114.66,16.75,0
SHP-105997,Montreal QC,Ottawa ON,MapleFreight Fleet,Express,General Freight,Silver,3,1043.4,1739.2,5,0,19.38,45.0,9.6,6.6,Clear,32.6,0.452,1,149.17,18.79,0
SHP-104274,Winnipeg MB,Regina SK,PrairieLine,Standard,General Freight,Silver,6,339.2,1175.5,4,1,7.99,-20.0,7.3,2.2,Rain,47.7,0.632,2,137.97,7.13,0
SHP-104494,London ON,Calgary AB,PrairieLine,Standard,General Freight,Silver,9,656.0,2552.4,5,0,10.94,14.0,8.5,3.8,Clear,48.8,0.469,2,200.57,10.23,0
SHP-102408,London ON,Quebec City QC,MapleFreight Fleet,Standard,Refrigerated,Bronze,5,1051.7,2388.8,2,0,14.77,-20.0,2.9,6.0,Fog,66.5,0.589,3,111.53,13.95,0
SHP-101202,Ottawa ON,Regina SK,MapleFreight Fleet,Economy,Bulk,Silver,10,531.1,2071.0,2,0,7.79,-17.0,4.3,8.6,Clear,57.9,0.704,2,209.21,8.13,0
SHP-105757,Montreal QC,Sudbury ON,QuebecExpress,Standard,General Freight,Silver,11,112.2,719.3,4,0,2.97,35.0,4.7,5.5,Rain,91.3,0.263,2,170.4,2.82,0
SHP-101440,Toronto ON,Sudbury ON,QuebecExpress,Express,General Freight,Gold,7,721.4,1697.7,5,0,12.7,26.0,1.7,7.1,Clear,55.1,0.735,1,298.26,13.45,0
SHP-103835,Winnipeg MB,Edmonton AB,Contract Owner-Op,Standard,General Freight,Silver,6,290.4,340.5,5,0,6.97,-20.0,5.5,3.8,Storm,60.0,0.675,0,318.45,7.32,0
SHP-101782,Toronto ON,Regina SK,MapleFreight Fleet,Economy,Bulk,Gold,6,830.8,1684.4,3,0,14.57,7.0,5.9,4.0,Rain,44.2,0.559,2,195.46,15.36,0
SHP-102740,Montreal QC,Ottawa ON,NorthStar Carriers,Standard,General Freight,Bronze,12,573.0,975.6,4,0,13.17,-0.0,0.5,9.7,Clear,47.9,0.824,3,230.23,12.03,0
SHP-103057,Mississauga ON,Hamilton ON,NorthStar Carriers,Economy,General Freight,Bronze,4,1201.8,1845.0,1,0,16.06,47.0,5.1,2.6,Rain,73.0,0.24,0,227.15,15.14,0
SHP-103390,Toronto ON,Ottawa ON,QuebecExpress,Standard,Bulk,Silver,12,287.8,1283.6,5,0,9.22,99.0,4.9,2.1,Fog,38.8,0.562,1,128.83,9.25,0
SHP-101245,Montreal QC,Hamilton ON,Contract Owner-Op,Economy,General Freight,Gold,8,366.0,1360.5,1,0,6.17,-14.0,3.1,3.8,Rain,43.2,0.595,0,286.17,5.75,0
SHP-103442,Mississauga ON,Hamilton ON,PrairieLine,Standard,Hazardous,Silver,9,682.0,322.0,4,0,12.8,68.0,12.9,14.3,Clear,61.9,0.094,2,270.0,12.15,0
SHP-101865,Calgary AB,Regina SK,NorthStar Carriers,Economy,General Freight,Bronze,7,312.1,215.5,3,0,5.63,35.0,16.2,2.2,Storm,28.9,0.664,0,284.64,5.38,0
SHP-102552,Montreal QC,Sudbury ON,NorthStar Carriers,Standard,Refrigerated,Bronze,3,628.0,456.5,1,0,11.73,14.0,5.6,12.3,Clear,68.2,0.0,1,240.01,11.17,0
SHP-104710,London ON,Toronto ON,Contract Owner-Op,Standard,Fragile,Gold,4,454.8,560.8,5,0,9.09,10.0,1.6,2.0,Clear,35.1,0.18,1,243.47,8.91,0
SHP-103629,Ottawa ON,Hamilton ON,PrairieLine,Express,General Freight,Silver,3,338.3,704.2,3,0,7.55,63.0,3.0,9.2,Clear,45.8,0.316,4,219.14,6.73,0
SHP-104570,Montreal QC,Regina SK,MapleFreight Fleet,Economy,General Freight,Bronze,8,1332.0,913.5,4,0,19.97,24.0,11.3,7.4,Rain,52.1,0.607,1,125.13,24.26,1
SHP-104263,Calgary AB,Winnipeg MB,NorthStar Carriers,Express,Fragile,Silver,7,341.7,342.5,1,0,6.91,-3.0,3.4,6.1,Rain,61.2,0.41,0,168.34,6.23,0
SHP-100675,Montreal QC,Edmonton AB,MapleFreight Fleet,Standard,General Freight,Silver,11,858.3,164.2,2,0,11.72,-20.0,8.1,5.8,Snow,81.7,0.446,1,218.24,11.61,0
SHP-100997,Calgary AB,Edmonton AB,MapleFreight Fleet,Standard,General Freight,Silver,3,539.9,639.7,5,0,10.82,5.0,2.3,4.0,Rain,95.1,0.233,3,203.53,14.32,1
SHP-104703,Calgary AB,Montreal QC,PrairieLine,Express,Refrigerated,Bronze,11,284.2,394.3,5,0,9.41,59.0,7.3,4.9,Snow,42.4,0.356,2,,11.72,1
SHP-102580,Montreal QC,Regina SK,NorthStar Carriers,Standard,Refrigerated,Gold,10,588.9,941.1,1,0,7.01,73.0,7.2,2.7,,52.2,0.0,1,154.7,6.53,0
SHP-102402,Toronto ON,Sudbury ON,MapleFreight Fleet,Express,General Freight,Gold,9,564.8,450.1,3,0,10.91,23.0,1.5,4.4,Rain,74.1,0.409,1,240.92,9.98,0
SHP-100450,Calgary AB,Montreal QC,Contract Owner-Op,Standard,General Freight,Bronze,12,313.7,1731.9,0,1,5.72,59.0,10.7,4.5,Clear,72.9,0.674,1,109.36,7.28,1
SHP-102927,Ottawa ON,Regina SK,Contract Owner-Op,Economy,Refrigerated,Silver,10,394.5,774.3,1,0,4.53,13.0,,6.9,Snow,71.8,0.675,0,142.52,6.99,1
SHP-104189,Toronto ON,Winnipeg MB,MapleFreight Fleet,Standard,General Freight,Silver,12,415.8,922.2,5,0,8.75,46.0,10.5,0.9,Snow,43.8,0.522,0,109.01,7.73,0
SHP-104848,London ON,Toronto ON,PrairieLine,Standard,Hazardous,Silver,2,905.1,432.0,3,0,13.9,116.0,10.9,2.1,Fog,51.4,0.753,2,145.51,14.67,0
SHP-101401,Montreal QC,Winnipeg MB,PrairieLine,Economy,General Freight,Silver,11,991.7,2341.7,3,1,15.29,57.0,1.3,10.1,Clear,76.2,0.292,1,271.46,22.7,1
SHP-105068,Calgary AB,Calgary AB,PrairieLine,Standard,General Freight,Silver,4,666.6,2139.6,3,0,10.4,46.0,7.2,6.9,Clear,38.6,0.652,2,190.74,10.71,0
SHP-103510,Toronto ON,Winnipeg MB,MapleFreight Fleet,Standard,General Freight,Bronze,1,948.7,842.0,5,1,14.49,64.0,8.3,11.3,Clear,43.6,0.79,0,,21.96,1
SHP-101563,Ottawa ON,Hamilton ON,Contract Owner-Op,Standard,Fragile,Gold,2,433.0,607.7,1,0,4.29,10.0,0.8,8.3,Clear,31.3,0.629,2,169.0,4.22,0
SHP-104607,London ON,Calgary AB,MapleFreight Fleet,Economy,Bulk,Silver,11,1080.4,1133.8,0,0,13.27,52.0,0.8,11.1,,26.6,0.353,0,111.03,14.01,0
SHP-105752,Mississauga ON,Toronto ON,QuebecExpress,Standard,General Freight,Silver,1,814.1,921.8,3,0,12.35,50.0,4.1,3.2,Clear,77.1,0.59,0,318.01,17.78,1
SHP-101627,Ottawa ON,Toronto ON,PrairieLine,Express,General Freight,Silver,11,511.0,2247.9,5,0,8.29,3.0,10.5,3.4,Clear,56.4,0.221,2,102.83,8.48,0
SHP-103202,Ottawa ON,Toronto ON,NorthStar Carriers,Standard,Bulk,Silver,3,323.7,1517.1,4,0,4.54,94.0,3.6,2.8,Snow,37.4,0.697,1,275.32,4.06,0
SHP-100921,Mississauga ON,Edmonton AB,PrairieLine,Standard,General Freight,Silver,4,1192.7,588.6,2,0,18.07,49.0,10.0,1.4,Clear,55.0,0.433,1,186.71,18.87,0
SHP-103605,Calgary AB,Regina SK,NorthStar Carriers,Standard,Bulk,Silver,10,494.1,627.0,1,0,7.36,29.0,7.8,2.4,Clear,52.3,0.671,1,262.47,7.76,0
SHP-104116,Toronto ON,Quebec City QC,PrairieLine,Standard,Refrigerated,Gold,9,717.5,1164.7,0,0,10.03,6.0,9.7,2.6,Clear,47.5,0.425,0,211.58,9.48,0
SHP-103425,Toronto ON,Edmonton AB,MapleFreight Fleet,Standard,Refrigerated,Bronze,6,467.7,638.7,2,0,6.58,-20.0,10.6,3.0,Rain,83.7,0.547,1,159.95,5.82,0
SHP-101734,Montreal QC,Calgary AB,PrairieLine,Standard,Fragile,Silver,8,1068.6,920.4,3,0,16.22,55.0,12.1,1.0,Rain,28.2,0.563,3,204.23,23.74,1
SHP-102337,Mississauga ON,Ottawa ON,PrairieLine,Economy,General Freight,Gold,2,214.4,511.7,0,1,3.29,41.0,3.3,8.5,Clear,63.0,0.379,2,214.27,3.41,0
SHP-101512,Calgary AB,Regina SK,QuebecExpress,Standard,General Freight,Bronze,2,422.8,2131.2,0,0,5.33,1.0,0.3,5.4,Snow,49.2,0.4,2,166.35,6.2,1
SHP-102188,Ottawa ON,Sudbury ON,NorthStar Carriers,Standard,Refrigerated,Bronze,2,469.1,352.2,3,0,9.0,-10.0,10.6,12.3,Rain,49.8,0.13,0,205.87,10.4,1
SHP-104287,Mississauga ON,Regina SK,MapleFreight Fleet,Standard,General Freight,Silver,5,451.7,844.2,0,0,6.41,14.0,4.2,1.4,Snow,76.0,0.388,1,179.41,5.83,0
SHP-105536,Ottawa ON,Toronto ON,MapleFreight Fleet,Standard,Hazardous,Silver,1,1056.9,1788.6,0,0,13.88,45.0,4.1,4.2,Clear,49.9,0.518,2,276.15,14.42,0
SHP-102485,London ON,Ottawa ON,QuebecExpress,Standard,General Freight,Silver,2,272.2,793.4,4,0,7.65,-17.0,3.4,5.4,Clear,71.8,0.0,0,96.02,6.97,0
SHP-100338,Toronto ON,Calgary AB,NorthStar Carriers,Standard,General Freight,Silver,11,270.5,842.7,2,0,4.8,35.0,15.9,11.6,,85.0,0.298,3,286.79,4.43,0
SHP-103957,Toronto ON,Toronto ON,NorthStar Carriers,Standard,Fragile,Bronze,3,548.0,324.2,4,0,9.21,32.0,16.2,7.6,Clear,74.2,0.74,0,232.58,9.39,0
SHP-100243,Montreal QC,Hamilton ON,MapleFreight Fleet,Standard,General Freight,Bronze,12,769.8,2237.2,0,0,14.99,17.0,5.3,6.3,Rain,81.7,0.327,4,220.84,14.65,0
SHP-103026,Montreal QC,Sudbury ON,QuebecExpress,Economy,General Freight,Gold,5,1492.0,1447.2,0,0,19.3,-6.0,5.6,5.1,Clear,42.2,0.683,1,139.87,18.05,0
SHP-100739,Montreal QC,Winnipeg MB,MapleFreight Fleet,Express,General Freight,Bronze,6,444.8,991.2,0,0,6.02,5.0,1.8,8.4,Snow,60.0,0.119,1,115.75,5.73,0
SHP-102899,Toronto ON,Toronto ON,Contract Owner-Op,Standard,General Freight,Silver,5,444.3,1807.6,2,0,5.12,12.0,,10.1,Rain,57.4,0.428,1,126.2,4.58,0
SHP-104756,Toronto ON,Sudbury ON,MapleFreight Fleet,Economy,Bulk,Silver,11,924.2,508.5,0,1,15.65,37.0,3.9,3.5,Rain,68.3,0.72,0,210.06,14.74,0
SHP-104141,Ottawa ON,Quebec City QC,MapleFreight Fleet,Economy,General Freight,Silver,6,507.4,670.8,5,0,10.84,31.0,14.3,6.0,Rain,71.3,0.479,1,190.99,11.05,0
SHP-101344,Montreal QC,Sudbury ON,MapleFreight Fleet,Express,Refrigerated,Gold,1,887.8,394.0,4,0,16.06,48.0,9.2,4.0,Clear,59.0,0.35,1,,14.32,0
SHP-102760,Montreal QC,Regina SK,MapleFreight Fleet,Express,Fragile,Gold,10,486.1,871.4,2,0,8.83,-20.0,12.0,1.5,Snow,45.6,0.662,1,206.14,8.81,0
SHP-103044,Calgary AB,Edmonton AB,MapleFreight Fleet,Economy,General Freight,Bronze,3,1033.5,434.2,5,0,17.27,4.0,3.6,8.8,Rain,,0.34,1,226.65,16.41,0
SHP-104128,Toronto ON,Winnipeg MB,Contract Owner-Op,Standard,Fragile,Gold,11,823.3,579.7,2,0,11.92,-20.0,1.4,3.1,Snow,55.8,0.196,1,137.61,14.76,1
SHP-104258,Calgary AB,Montreal QC,MapleFreight Fleet,Standard,Fragile,Bronze,10,674.7,1852.9,5,1,13.95,34.0,4.6,5.2,Fog,27.5,1.0,2,105.15,21.28,1
SHP-100714,Winnipeg MB,Quebec City QC,MapleFreight Fleet,Standard,Fragile,Bronze,6,840.7,391.0,1,0,13.19,-5.0,3.5,9.2,Clear,78.7,0.383,0,69.01,12.99,0
SHP-101152,Montreal QC,Winnipeg MB,MapleFreight Fleet,Standard,Fragile,Bronze,6,369.3,327.6,4,0,6.35,31.0,1.2,10.7,Rain,77.7,0.413,1,104.74,6.52,0
SHP-104430,Toronto ON,Calgary AB,MapleFreight Fleet,Express,General Freight,Bronze,5,623.2,2823.2,2,0,9.6,-12.0,7.0,2.7,Clear,53.6,0.758,1,115.88,12.32,1
SHP-101151,Mississauga ON,Ottawa ON,NorthStar Carriers,Standard,General Freight,Bronze,5,1097.2,1395.6,1,0,15.22,-20.0,11.2,4.8,Clear,40.3,0.288,3,218.21,14.42,0
SHP-104059,Calgary AB,Hamilton ON,NorthStar Carriers,Standard,General Freight,Silver,6,1167.7,1776.3,5,0,18.65,48.0,5.2,4.5,,71.1,0.52,0,230.84,27.5,1
SHP-102767,Montreal QC,Hamilton ON,PrairieLine,Standard,Refrigerated,Silver,12,449.2,1791.8,2,0,7.23,30.0,11.4,6.5,Clear,78.7,0.547,1,203.5,6.54,0
SHP-105948,Mississauga ON,Toronto ON,MapleFreight Fleet,Standard,General Freight,Gold,2,353.2,537.8,3,0,7.92,-20.0,6.3,8.0,Clear,74.6,0.655,2,102.71,7.95,0
SHP-104965,Montreal QC,Quebec City QC,QuebecExpress,Economy,General Freight,Gold,4,717.3,1555.4,3,1,10.32,-18.0,3.3,1.3,Clear,25.1,0.602,2,,13.42,1
SHP-102080,Mississauga ON,Winnipeg MB,Contract Owner-Op,Standard,General Freight,Silver,6,636.7,1423.5,2,0,9.8,58.0,20.4,2.6,Rain,58.0,0.238,1,182.5,10.18,0
SHP-102236,London ON,Hamilton ON,MapleFreight Fleet,Economy,Fragile,Silver,9,703.2,520.2,1,0,11.49,36.0,1.3,2.7,Clear,80.0,0.407,0,266.51,10.85,0
SHP-102744,Montreal QC,Edmonton AB,NorthStar Carriers,Express,Bulk,Silver,3,627.0,559.6,2,0,12.16,41.0,24.9,4.1,Clear,66.0,0.607,1,291.95,11.14,0
SHP-102135,Montreal QC,Hamilton ON,MapleFreight Fleet,Economy,Hazardous,Silver,7,421.8,276.7,2,0,6.13,122.0,7.9,7.8,Rain,57.0,0.879,1,119.25,5.76,0
SHP-101334,Montreal QC,Montreal QC,PrairieLine,Economy,Fragile,Bronze,2,424.5,1361.7,1,1,6.1,1.0,8.7,3.5,Rain,78.0,0.461,0,140.64,5.66,0
SHP-102339,Toronto ON,Ottawa ON,QuebecExpress,Standard,General Freight,Silver,2,349.0,472.3,2,0,6.59,19.0,4.5,4.0,Clear,10.5,0.116,2,211.06,6.2,0
SHP-100961,Montreal QC,Calgary AB,MapleFreight Fleet,Economy,General Freight,Silver,5,782.8,1276.1,3,0,14.09,32.0,13.2,4.8,Fog,,0.753,0,195.78,14.45,0
SHP-102187,Calgary AB,Hamilton ON,QuebecExpress,Standard,Refrigerated,Gold,11,866.0,257.0,5,0,15.19,-20.0,3.5,2.7,Clear,72.6,0.284,0,172.62,15.02,0
SHP-105370,Winnipeg MB,Sudbury ON,MapleFreight Fleet,Standard,Bulk,Bronze,5,1237.6,369.3,2,0,18.7,43.0,5.8,7.2,Rain,73.5,0.266,3,212.28,18.08,0
SHP-103141,Toronto ON,Edmonton AB,QuebecExpress,Standard,Refrigerated,Bronze,10,808.7,233.9,3,0,14.04,10.0,2.3,3.4,Rain,35.3,0.296,1,178.8,19.85,1
SHP-100896,Winnipeg MB,Quebec City QC,NorthStar Carriers,Express,General Freight,Silver,11,682.1,1495.0,0,0,8.81,12.0,5.9,3.4,Clear,86.2,0.677,1,195.69,8.21,0
SHP-102970,Toronto ON,Quebec City QC,MapleFreight Fleet,Express,Refrigerated,Bronze,12,466.1,849.5,3,0,7.97,10.0,12.7,12.5,Clear,29.6,0.512,1,170.63,8.18,0
SHP-104373,Toronto ON,Montreal QC,MapleFreight Fleet,Standard,Fragile,Silver,1,676.7,773.9,0,0,11.34,7.0,5.9,7.1,Rain,68.3,0.654,0,197.85,10.6,0
SHP-101137,Toronto ON,Calgary AB,QuebecExpress,Economy,Refrigerated,Bronze,10,365.1,273.4,2,0,6.7,-20.0,,4.8,Rain,59.4,0.666,2,187.02,8.45,1
SHP-103944,Toronto ON,Edmonton AB,Contract Owner-Op,Standard,General Freight,Bronze,11,390.8,495.7,0,0,5.57,57.0,6.8,14.8,Rain,68.1,0.169,1,105.84,5.85,0
SHP-105317,London ON,Toronto ON,Contract Owner-Op,Express,Refrigerated,Gold,3,1322.7,1568.9,2,0,18.19,-20.0,4.9,4.6,Clear,41.8,0.641,1,211.83,25.51,1
SHP-104738,Toronto ON,Toronto ON,MapleFreight Fleet,Standard,Refrigerated,Silver,2,443.7,1368.5,4,0,8.22,20.0,6.0,15.1,Rain,91.3,0.753,1,169.06,7.33,0
SHP-101189,Montreal QC,Montreal QC,MapleFreight Fleet,Economy,General Freight,Silver,10,260.8,958.9,2,0,6.01,-20.0,21.2,15.8,Clear,64.9,0.579,2,203.1,6.02,0
SHP-105635,Mississauga ON,Regina SK,QuebecExpress,Standard,Fragile,Silver,7,179.0,1249.2,0,1,4.29,64.0,3.8,10.4,Rain,45.1,0.33,1,221.34,4.39,0
SHP-104834,Calgary AB,Calgary AB,MapleFreight Fleet,Standard,Fragile,Bronze,6,516.0,773.3,0,0,9.01,65.0,11.4,3.7,Snow,66.3,0.197,1,227.44,8.44,0
SHP-100347,Calgary AB,Edmonton AB,QuebecExpress,Standard,Fragile,Silver,8,1463.9,612.9,1,0,21.7,50.0,3.9,3.9,Snow,79.9,0.312,0,238.12,19.23,0
SHP-103551,Toronto ON,Edmonton AB,NorthStar Carriers,Express,General Freight,Bronze,12,493.6,1655.0,0,0,7.58,61.0,11.3,1.1,Clear,56.3,0.531,0,,6.98,0
SHP-100752,Ottawa ON,Montreal QC,MapleFreight Fleet,Standard,Hazardous,Silver,7,570.8,796.8,1,0,7.45,113.0,12.8,3.3,Clear,70.0,0.466,2,,7.4,0
SHP-104612,Toronto ON,Sudbury ON,Contract Owner-Op,Express,General Freight,Gold,1,513.6,1028.3,5,1,12.02,-20.0,4.1,7.9,Clear,65.5,0.598,1,164.44,13.63,1
SHP-101477,Montreal QC,Regina SK,MapleFreight Fleet,Standard,Refrigerated,Silver,8,344.4,1510.5,0,0,4.34,17.0,6.8,3.0,Clear,28.6,0.485,5,198.4,4.26,0
SHP-101227,London ON,Montreal QC,MapleFreight Fleet,Express,Hazardous,Gold,5,681.3,829.2,5,0,12.7,13.0,2.6,11.1,Snow,36.1,0.454,1,117.94,18.37,1
SHP-101677,Mississauga ON,Montreal QC,QuebecExpress,Express,Bulk,Silver,12,874.6,627.9,3,0,15.86,9.0,14.0,2.7,Rain,64.7,0.448,2,227.26,14.07,0
SHP-104485,Toronto ON,Sudbury ON,QuebecExpress,Express,General Freight,Gold,6,821.4,248.3,1,0,10.77,-20.0,2.7,16.4,Clear,66.9,0.577,0,152.78,9.95,0
SHP-101394,Ottawa ON,Regina SK,Contract Owner-Op,Standard,Bulk,Silver,9,609.2,854.3,5,0,12.66,-5.0,5.2,4.0,Rain,46.6,0.647,3,,11.62,0
SHP-103836,Calgary AB,Calgary AB,MapleFreight Fleet,Standard,General Freight,Bronze,3,388.6,770.0,1,0,5.45,7.0,4.9,5.7,Fog,60.3,0.333,0,148.58,5.11,0
SHP-103443,Calgary AB,Hamilton ON,MapleFreight Fleet,Standard,General Freight,Bronze,3,757.0,401.8,5,0,13.61,-2.0,5.4,3.4,Rain,58.3,0.706,2,143.22,12.1,0
SHP-105563,Mississauga ON,Quebec City QC,MapleFreight Fleet,Express,Refrigerated,Bronze,8,455.5,462.6,2,0,9.27,91.0,,6.7,Storm,73.9,0.271,2,213.4,9.63,0
SHP-102305,Montreal QC,Edmonton AB,MapleFreight Fleet,Standard,General Freight,Silver,10,438.7,439.6,3,0,8.02,-6.0,9.9,1.4,Snow,51.7,0.476,3,99.74,7.67,0
SHP-103962,Calgary AB,Sudbury ON,MapleFreight Fleet,Express,General Freight,Silver,3,245.0,391.2,0,0,1.56,82.0,6.3,3.2,Clear,64.8,0.576,3,201.56,1.5,0
SHP-101066,Mississauga ON,Hamilton ON,NorthStar Carriers,Standard,Refrigerated,Bronze,1,463.3,636.4,4,0,9.9,23.0,4.8,1.3,Snow,63.5,0.404,1,176.83,9.75,0
SHP-100104,Montreal QC,Sudbury ON,PrairieLine,Economy,Hazardous,Silver,12,443.3,1740.4,3,1,9.16,74.0,1.2,6.2,Clear,45.8,0.341,1,233.89,12.56,1
SHP-105638,Toronto ON,Toronto ON,NorthStar Carriers,Express,General Freight,Bronze,4,416.2,472.1,4,0,7.35,-20.0,3.8,7.2,Snow,70.9,0.652,1,72.6,6.77,0
SHP-101943,Calgary AB,Ottawa ON,MapleFreight Fleet,Express,Fragile,Bronze,8,1058.8,441.6,0,0,13.61,-17.0,7.9,4.6,Snow,59.6,0.398,1,175.05,12.02,0
SHP-100544,Winnipeg MB,Regina SK,NorthStar Carriers,Standard,Fragile,Silver,12,1300.3,809.8,0,0,18.13,7.0,7.6,8.5,Rain,58.7,0.495,0,153.16,19.13,0
SHP-104259,Toronto ON,Hamilton ON,NorthStar Carriers,Standard,General Freight,Bronze,10,1605.3,1333.8,3,0,24.82,31.0,,0.5,Clear,53.3,0.264,0,134.84,22.07,0
SHP-100459,Winnipeg MB,Hamilton ON,MapleFreight Fleet,Express,Bulk,Silver,9,1676.9,203.4,2,0,25.76,-20.0,0.5,5.0,Rain,51.2,0.368,2,188.77,23.05,0
SHP-105871,Toronto ON,Regina SK,MapleFreight Fleet,Express,General Freight,Gold,2,987.3,452.6,1,0,12.02,22.0,3.8,1.2,Clear,15.1,0.577,2,235.04,12.13,0
SHP-103915,Toronto ON,Ottawa ON,PrairieLine,Economy,General Freight,Silver,10,397.0,353.2,3,0,7.42,-3.0,7.5,6.5,Snow,37.6,0.597,2,233.98,7.51,0
SHP-101414,Mississauga ON,Regina SK,NorthStar Carriers,Express,Refrigerated,Bronze,12,206.2,1025.9,2,0,2.83,56.0,9.9,5.1,Snow,60.0,0.247,1,135.0,3.53,1
SHP-100366,Montreal QC,Sudbury ON,QuebecExpress,Standard,General Freight,Gold,10,948.6,574.3,5,0,17.72,67.0,10.7,1.4,Clear,66.6,0.329,2,124.11,15.61,0
SHP-104957,Calgary AB,Toronto ON,PrairieLine,Express,Hazardous,Silver,3,915.8,644.4,2,0,13.43,99.0,3.7,16.5,Clear,53.9,0.606,2,210.38,20.56,1
SHP-105642,Toronto ON,Toronto ON,MapleFreight Fleet,Economy,General Freight,Bronze,1,483.6,1361.3,1,0,4.75,-20.0,16.1,2.3,Rain,58.2,0.443,1,106.89,4.4,0
SHP-102690,Montreal QC,Montreal QC,QuebecExpress,Express,Fragile,Silver,6,489.2,1649.2,5,0,11.28,59.0,4.2,10.5,Clear,21.3,0.379,1,190.23,10.58,0
SHP-100220,Winnipeg MB,Toronto ON,MapleFreight Fleet,Standard,General Freight,Silver,6,396.4,821.8,0,0,5.7,40.0,5.9,2.2,Clear,66.9,0.739,0,218.61,5.23,0
SHP-102962,Mississauga ON,Toronto ON,MapleFreight Fleet,Standard,General Freight,Silver,9,810.0,1813.2,1,0,13.81,-20.0,10.0,3.7,Rain,55.2,0.062,2,237.83,12.97,0
SHP-105457,Toronto ON,Winnipeg MB,MapleFreight Fleet,Express,Bulk,Silver,2,860.2,2370.4,0,0,10.76,-8.0,12.0,4.2,,42.4,0.416,2,130.83,10.29,0
SHP-101331,Ottawa ON,Toronto ON,MapleFreight Fleet,Economy,Refrigerated,Silver,9,512.4,394.1,1,0,6.83,49.0,2.2,4.4,Fog,44.5,0.674,1,138.16,9.41,1
SHP-101755,Toronto ON,Hamilton ON,PrairieLine,Standard,General Freight,Silver,9,385.6,285.0,4,0,9.51,73.0,3.9,4.7,Clear,79.9,0.317,1,151.98,10.87,1
SHP-101910,Ottawa ON,Montreal QC,QuebecExpress,Standard,General Freight,Bronze,9,334.6,126.7,3,0,5.83,-20.0,,5.4,Fog,71.6,0.704,0,213.35,6.18,0
SHP-104513,London ON,Toronto ON,QuebecExpress,Standard,Bulk,Gold,6,1309.9,1693.3,2,1,21.75,11.0,8.9,7.8,Rain,48.5,0.441,2,172.86,19.18,0
SHP-103491,Mississauga ON,Sudbury ON,Contract Owner-Op,Express,General Freight,Gold,8,493.7,764.6,3,0,7.24,36.0,1.2,5.4,Clear,21.9,0.25,3,118.86,7.33,0
SHP-100179,Winnipeg MB,Calgary AB,NorthStar Carriers,Economy,General Freight,Bronze,11,1104.0,3160.3,3,0,17.0,0.0,8.0,1.9,Clear,78.3,0.594,1,262.69,15.04,0
SHP-100319,Toronto ON,Calgary AB,QuebecExpress,Standard,General Freight,Silver,2,904.1,1337.1,4,0,13.21,60.0,8.5,6.9,Rain,48.2,0.434,1,147.01,13.53,0
SHP-102504,Toronto ON,Winnipeg MB,MapleFreight Fleet,Express,General Freight,Silver,4,944.6,933.8,3,0,14.31,29.0,2.9,4.0,Fog,34.7,0.316,0,115.53,14.83,0
SHP-102003,London ON,Montreal QC,MapleFreight Fleet,Standard,Bulk,Silver,12,275.6,255.7,3,1,5.51,-9.0,8.0,2.4,Clear,79.4,0.383,0,238.16,5.7,0
SHP-105970,Toronto ON,Calgary AB,MapleFreight Fleet,Standard,Bulk,Bronze,11,1087.8,1549.9,5,0,17.41,-12.0,12.4,5.1,Snow,64.2,0.489,3,98.58,17.28,0
SHP-104347,Montreal QC,Winnipeg MB,QuebecExpress,Economy,General Freight,Bronze,9,1011.3,977.4,1,0,16.62,54.0,12.2,1.0,Clear,53.4,0.535,1,91.01,17.15,0
SHP-103837,Montreal QC,Hamilton ON,QuebecExpress,Express,General Freight,Bronze,6,774.2,993.4,5,0,15.88,-10.0,3.2,2.1,Clear,67.3,0.686,2,128.21,19.27,1
SHP-100425,Toronto ON,Regina SK,PrairieLine,Express,General Freight,Bronze,10,306.8,1638.5,1,0,7.04,27.0,3.4,4.4,Rain,55.9,0.215,2,220.67,6.92,0
SHP-103105,Mississauga ON,Quebec City QC,MapleFreight Fleet,Standard,General Freight,Bronze,3,538.6,637.3,5,0,10.3,-9.0,11.2,2.6,Fog,42.9,0.249,0,180.11,9.18,0
SHP-100091,Toronto ON,Regina SK,PrairieLine,Express,Fragile,Gold,3,419.7,269.4,3,0,9.13,6.0,0.8,6.8,Rain,53.1,0.334,0,161.37,8.51,0
SHP-104500,London ON,Regina SK,NorthStar Carriers,Standard,Refrigerated,Silver,2,566.4,497.2,4,0,11.0,47.0,4.5,3.2,Clear,32.0,0.851,2,287.14,10.07,0
SHP-105790,Ottawa ON,Edmonton AB,NorthStar Carriers,Express,Refrigerated,Gold,1,818.6,446.9,4,0,13.87,34.0,2.8,1.3,Clear,40.9,0.728,2,309.76,14.05,0
SHP-100577,Ottawa ON,Sudbury ON,MapleFreight Fleet,Standard,Fragile,Gold,11,908.1,998.5,5,0,16.76,48.0,6.4,5.8,Rain,58.8,0.312,2,187.98,16.17,0
SHP-104085,Toronto ON,Toronto ON,QuebecExpress,Express,Refrigerated,Gold,4,1590.4,798.2,2,0,22.69,-15.0,3.6,11.8,Clear,87.7,0.586,1,99.39,31.84,1
SHP-101592,Winnipeg MB,Winnipeg MB,NorthStar Carriers,Economy,Refrigerated,Bronze,2,247.3,922.1,2,0,4.42,8.0,6.2,1.7,Snow,45.9,0.107,0,176.72,4.65,0
SHP-103122,Toronto ON,Winnipeg MB,PrairieLine,Standard,General Freight,Silver,6,685.6,572.1,0,0,6.99,-13.0,3.1,0.5,Clear,,0.681,0,280.76,6.99,0
SHP-105012,Montreal QC,Hamilton ON,QuebecExpress,Economy,Bulk,Silver,8,382.2,822.4,1,0,5.55,-20.0,6.0,14.8,Clear,38.8,0.394,2,220.81,5.14,0
SHP-105528,Ottawa ON,Sudbury ON,PrairieLine,Standard,Refrigerated,Bronze,6,584.1,494.8,2,0,9.86,51.0,2.4,2.7,Rain,65.9,0.212,1,181.34,11.54,1
SHP-104319,Calgary AB,Calgary AB,NorthStar Carriers,Economy,General Freight,Bronze,5,1010.1,430.6,1,0,15.29,45.0,9.1,16.1,Fog,31.6,0.178,1,218.17,15.98,0
SHP-100421,Montreal QC,Winnipeg MB,NorthStar Carriers,Express,Refrigerated,Silver,9,904.8,774.0,1,0,13.49,25.0,6.0,11.9,Clear,74.7,0.0,0,164.43,13.21,0
SHP-100457,Montreal QC,Toronto ON,PrairieLine,Economy,General Freight,Silver,8,532.1,1113.3,4,0,9.22,26.0,20.2,4.6,Clear,66.3,0.691,0,115.19,8.49,0
SHP-104327,Calgary AB,Calgary AB,NorthStar Carriers,Standard,Refrigerated,Bronze,5,211.4,1097.7,1,0,5.57,12.0,3.9,1.1,Clear,82.8,0.697,1,193.72,5.58,0
SHP-104831,Toronto ON,Sudbury ON,MapleFreight Fleet,Express,Refrigerated,Gold,7,417.3,320.6,1,0,6.6,51.0,4.7,5.1,Rain,63.0,0.538,1,150.96,6.66,0
SHP-103740,Mississauga ON,Calgary AB,MapleFreight Fleet,Standard,General Freight,Bronze,6,762.5,1288.1,4,0,11.93,111.0,8.0,1.9,Fog,71.9,0.682,0,310.59,17.17,1
SHP-100373,London ON,Sudbury ON,MapleFreight Fleet,Economy,General Freight,Silver,2,859.4,879.4,5,0,14.6,-6.0,,20.0,Clear,66.4,0.186,0,85.13,13.88,0
SHP-101324,Montreal QC,Ottawa ON,QuebecExpress,Standard,General Freight,Bronze,9,619.3,1080.8,2,0,9.42,60.0,4.5,1.8,Rain,68.5,0.662,3,186.68,11.87,1
SHP-103257,Ottawa ON,Calgary AB,Contract Owner-Op,Standard,General Freight,Bronze,9,211.3,487.6,1,0,2.21,-13.0,9.0,1.1,Clear,85.0,0.581,1,214.81,2.21,0
SHP-104550,Ottawa ON,Hamilton ON,QuebecExpress,Express,General Freight,Bronze,6,957.9,1585.6,3,0,17.24,3.0,18.9,2.9,Rain,60.0,0.223,3,226.14,16.83,0
SHP-105104,London ON,Winnipeg MB,MapleFreight Fleet,Economy,General Freight,Silver,10,1636.1,93.8,4,0,26.33,24.0,9.4,11.0,Storm,59.1,0.6,0,249.22,35.19,1
SHP-103773,Mississauga ON,Calgary AB,PrairieLine,Express,General Freight,Gold,5,1504.8,75.6,3,0,23.15,-1.0,6.7,0.6,Clear,33.9,0.713,2,183.86,21.9,0
SHP-103454,Ottawa ON,Calgary AB,Contract Owner-Op,Standard,General Freight,Silver,8,826.9,1981.5,4,0,15.4,-0.0,15.9,4.2,Rain,55.8,0.678,1,281.38,14.82,0
SHP-102777,Toronto ON,Ottawa ON,QuebecExpress,Express,Fragile,Bronze,6,409.9,1833.6,5,0,7.74,-1.0,1.4,5.6,Clear,83.3,0.696,1,94.65,7.99,0
SHP-104210,Toronto ON,Ottawa ON,MapleFreight Fleet,Standard,Bulk,Bronze,1,597.9,1807.8,0,0,7.22,-20.0,8.2,6.3,Fog,55.1,0.853,2,219.03,7.58,0
SHP-100138,Montreal QC,Winnipeg MB,MapleFreight Fleet,Express,General Freight,Bronze,7,632.4,906.7,2,0,9.74,-16.0,5.8,2.4,Clear,34.7,0.457,2,118.96,9.67,0
SHP-105123,Toronto ON,Toronto ON,MapleFreight Fleet,Economy,General Freight,Bronze,6,848.7,242.8,1,0,13.07,60.0,12.0,3.9,Rain,72.2,0.574,1,212.01,12.7,0
SHP-100083,Montreal QC,Edmonton AB,MapleFreight Fleet,Express,General Freight,Bronze,11,701.7,163.4,4,0,12.7,40.0,4.6,1.5,Clear,56.8,0.424,1,174.3,13.38,0
SHP-105733,Toronto ON,Hamilton ON,MapleFreight Fleet,Standard,Hazardous,Gold,2,564.8,823.8,0,1,7.7,18.0,6.8,5.8,Clear,48.5,0.564,1,112.85,7.98,0
SHP-103097,Mississauga ON,Winnipeg MB,NorthStar Carriers,Standard,General Freight,Bronze,9,1269.4,443.6,1,0,18.03,-20.0,6.2,1.7,Clear,33.9,0.532,0,231.69,18.96,0
SHP-103744,London ON,Edmonton AB,MapleFreight Fleet,Express,Fragile,Silver,10,521.1,702.1,1,0,7.53,-20.0,4.5,1.1,Clear,57.3,0.576,3,251.0,7.83,0
SHP-101059,Montreal QC,Edmonton AB,MapleFreight Fleet,Economy,General Freight,Silver,3,391.1,1183.4,1,0,7.35,57.0,6.7,1.9,,38.3,0.357,0,103.36,7.73,0
SHP-100249,Calgary AB,Toronto ON,PrairieLine,Standard,General Freight,Silver,12,1499.4,2120.1,0,0,18.28,15.0,1.6,3.9,Fog,63.7,0.163,1,,18.57,0
SHP-105915,Toronto ON,Sudbury ON,PrairieLine,Standard,General Freight,Bronze,12,655.7,227.4,4,0,12.73,-14.0,3.8,5.9,Rain,17.2,0.44,3,131.63,11.39,0
SHP-102491,Mississauga ON,Toronto ON,NorthStar Carriers,Standard,General Freight,Gold,6,705.3,1431.1,2,1,12.83,71.0,2.0,4.7,Storm,55.8,0.463,1,122.33,19.03,1
SHP-104541,London ON,Ottawa ON,NorthStar Carriers,Standard,General Freight,Gold,11,608.8,637.0,2,0,9.95,-1.0,3.1,3.8,Clear,62.7,0.441,1,193.43,8.97,0
SHP-101769,Calgary AB,Quebec City QC,NorthStar Carriers,Standard,Bulk,Bronze,11,1103.8,1425.9,1,1,17.09,-5.0,11.6,7.7,Clear,49.5,0.356,3,82.32,18.08,0
SHP-102118,Montreal QC,Calgary AB,Contract Owner-Op,Standard,General Freight,Silver,6,277.8,441.7,1,0,3.61,58.0,5.0,3.7,Clear,66.5,0.508,1,181.91,3.56,0
SHP-105375,Montreal QC,Ottawa ON,MapleFreight Fleet,Express,Fragile,Bronze,5,374.0,1278.6,3,0,8.67,-20.0,,14.8,Fog,67.9,0.388,1,305.99,8.81,0
SHP-100309,Toronto ON,Montreal QC,QuebecExpress,Express,Bulk,Silver,8,462.3,980.7,3,0,7.66,-11.0,4.2,0.7,Clear,,0.533,1,204.25,7.92,0
SHP-101115,Winnipeg MB,Ottawa ON,NorthStar Carriers,Economy,General Freight,Silver,11,1382.6,875.6,4,0,20.78,52.0,6.1,4.8,Clear,82.6,0.419,1,165.71,31.61,1
SHP-105107,Calgary AB,Ottawa ON,PrairieLine,Economy,General Freight,Gold,8,814.9,672.0,3,0,14.34,56.0,12.8,8.9,Snow,56.0,0.15,1,207.91,22.17,1
SHP-102529,Toronto ON,Edmonton AB,NorthStar Carriers,Express,Bulk,Bronze,6,423.6,272.6,4,0,8.44,-2.0,7.6,3.1,Clear,52.6,0.17,0,195.79,8.17,0
SHP-102315,London ON,Regina SK,MapleFreight Fleet,Express,Refrigerated,Bronze,1,1073.2,434.7,4,0,17.95,23.0,5.3,3.7,Snow,76.4,0.414,0,135.23,18.68,0
SHP-101519,Mississauga ON,Edmonton AB,QuebecExpress,Standard,General Freight,Gold,7,794.8,663.9,2,1,13.64,19.0,7.1,0.6,Rain,66.2,0.592,0,186.01,13.02,0
SHP-102246,Montreal QC,Regina SK,PrairieLine,Standard,Fragile,Silver,4,351.9,968.1,5,0,9.08,30.0,9.8,5.3,Rain,87.4,0.389,1,241.76,8.72,0
SHP-102419,Calgary AB,Ottawa ON,NorthStar Carriers,Economy,Refrigerated,Silver,12,1130.8,452.0,0,0,16.27,65.0,8.5,2.9,Clear,52.7,0.471,2,207.55,17.02,0
SHP-101974,Ottawa ON,Ottawa ON,Contract Owner-Op,Express,General Freight,Bronze,4,1206.4,433.6,2,0,19.49,30.0,3.5,3.1,Rain,96.2,0.404,4,235.09,25.62,1
SHP-105021,London ON,Sudbury ON,NorthStar Carriers,Standard,Bulk,Silver,3,495.4,987.2,0,0,7.62,-12.0,2.2,8.2,Clear,56.8,0.436,0,158.69,7.74,0
SHP-105492,Toronto ON,Toronto ON,QuebecExpress,Economy,Bulk,Bronze,1,2043.0,288.6,2,0,29.3,5.0,7.6,8.0,Clear,28.9,0.451,3,117.46,42.99,1
SHP-104493,Toronto ON,Edmonton AB,MapleFreight Fleet,Express,Fragile,Bronze,3,583.1,962.3,4,0,9.64,51.0,1.2,3.0,Clear,75.2,0.158,1,103.16,10.17,0
SHP-100858,London ON,Montreal QC,NorthStar Carriers,Economy,General Freight,Silver,8,1041.2,878.7,4,0,16.98,19.0,10.1,3.3,Rain,37.6,0.229,0,143.05,16.49,0
SHP-104284,Toronto ON,Hamilton ON,PrairieLine,Standard,General Freight,Bronze,8,442.7,2116.9,5,0,9.48,-20.0,4.1,10.9,Clear,58.5,0.039,1,158.89,8.61,0
SHP-103447,Toronto ON,Calgary AB,MapleFreight Fleet,Standard,Bulk,Bronze,11,430.5,1018.4,5,0,9.94,5.0,4.9,9.3,Snow,24.2,0.468,3,106.86,10.49,0
SHP-103846,Ottawa ON,Quebec City QC,MapleFreight Fleet,Express,General Freight,Silver,3,1050.0,927.4,1,0,16.45,-20.0,4.4,1.2,Rain,55.1,0.5,2,322.81,14.71,0
SHP-102045,Mississauga ON,Winnipeg MB,PrairieLine,Economy,Bulk,Silver,6,687.2,740.2,0,0,10.86,-6.0,3.3,3.2,Clear,41.9,0.433,1,146.31,11.29,0
SHP-101316,Ottawa ON,Sudbury ON,QuebecExpress,Economy,General Freight,Silver,10,557.1,774.5,0,0,9.47,6.0,0.2,9.3,Snow,58.8,0.891,1,146.51,9.06,0
SHP-103480,Calgary AB,Quebec City QC,MapleFreight Fleet,Standard,Refrigerated,Bronze,11,214.0,859.6,4,0,6.52,72.0,1.1,2.3,Clear,34.8,0.564,0,104.54,6.29,0
SHP-101165,Toronto ON,Toronto ON,MapleFreight Fleet,Express,General Freight,Silver,8,1012.1,207.0,2,0,15.08,95.0,2.4,4.8,Rain,51.0,0.882,1,298.55,15.78,0
SHP-105684,Ottawa ON,Edmonton AB,QuebecExpress,Standard,Hazardous,Silver,6,400.1,1140.0,4,0,5.69,28.0,14.1,1.8,,,0.259,1,267.93,5.12,0
SHP-104648,Toronto ON,Edmonton AB,MapleFreight Fleet,Standard,Refrigerated,Bronze,5,176.7,721.5,2,0,4.25,53.0,8.3,3.5,Clear,52.6,0.485,2,155.34,4.25,0
SHP-105674,Mississauga ON,Ottawa ON,QuebecExpress,Economy,General Freight,Silver,8,479.4,419.3,2,0,7.38,30.0,3.8,5.7,Rain,97.4,0.541,1,319.48,7.75,0
SHP-102896,Calgary AB,Sudbury ON,NorthStar Carriers,Standard,General Freight,Silver,2,249.8,631.7,2,0,3.64,3.0,1.3,7.6,Clear,39.4,0.682,0,118.27,3.39,0
SHP-105975,Winnipeg MB,Winnipeg MB,QuebecExpress,Standard,Fragile,Silver,2,284.1,1027.8,1,0,3.95,-20.0,5.4,12.2,Clear,69.1,0.648,0,282.69,3.71,0
SHP-104552,Calgary AB,Winnipeg MB,Contract Owner-Op,Economy,General Freight,Gold,1,392.6,958.3,2,0,7.31,35.0,14.4,4.2,Snow,66.2,0.359,2,125.96,8.78,1
SHP-103844,Mississauga ON,Quebec City QC,PrairieLine,Standard,Fragile,Gold,3,1555.2,242.8,4,0,25.86,16.0,3.0,3.9,Clear,64.1,0.685,1,110.77,36.43,1
SHP-102030,Mississauga ON,Hamilton ON,PrairieLine,Express,Fragile,Silver,9,803.4,1621.3,3,0,14.72,-1.0,4.1,10.5,Clear,42.1,0.763,1,245.62,13.88,0
SHP-104620,Winnipeg MB,Calgary AB,MapleFreight Fleet,Standard,Hazardous,Silver,6,787.9,896.7,0,0,10.92,-20.0,5.3,4.5,Clear,62.3,0.538,1,180.98,10.4,0
SHP-101422,Montreal QC,Toronto ON,MapleFreight Fleet,Standard,General Freight,Silver,2,260.8,750.0,4,0,7.59,-11.0,5.2,1.2,Clear,66.6,0.632,2,162.19,7.06,0
SHP-104567,Winnipeg MB,Ottawa ON,NorthStar Carriers,Standard,General Freight,Gold,12,765.8,861.5,4,1,14.48,100.0,6.3,1.9,Clear,66.4,0.064,2,181.88,19.75,1
SHP-104177,Toronto ON,Montreal QC,MapleFreight Fleet,Express,Refrigerated,Silver,7,636.7,1017.4,2,0,11.07,9.0,3.5,1.8,Clear,70.3,0.406,0,,11.54,0
SHP-103849,Montreal QC,Regina SK,MapleFreight Fleet,Standard,General Freight,Bronze,2,200.9,982.3,4,0,6.63,53.0,7.1,10.1,Clear,70.3,0.368,1,125.9,10.45,1
SHP-100221,Calgary AB,Toronto ON,NorthStar Carriers,Standard,Refrigerated,Gold,10,971.4,984.9,4,0,15.38,40.0,3.4,8.9,Rain,38.3,0.255,1,213.75,14.59,0
SHP-100327,Toronto ON,Sudbury ON,NorthStar Carriers,Standard,Bulk,Silver,9,559.1,530.4,3,0,7.06,4.0,9.8,0.9,Rain,55.0,0.421,1,222.24,6.71,0
SHP-101023,Mississauga ON,Winnipeg MB,PrairieLine,Standard,General Freight,Silver,10,196.1,990.3,2,0,2.3,29.0,1.5,10.7,Snow,49.0,0.173,3,100.61,2.32,0
SHP-101318,Toronto ON,Ottawa ON,Contract Owner-Op,standard,General Freight,Bronze,10,340.4,1250.1,0,0,5.9,4.0,20.1,4.1,Clear,57.2,0.138,0,237.39,5.78,0
SHP-103197,Mississauga ON,Winnipeg MB,MapleFreight Fleet,Standard,Bulk,Gold,5,1297.7,107.8,0,0,17.44,-20.0,9.1,4.5,Snow,32.7,0.221,1,197.36,15.74,0
SHP-104365,Calgary AB,Montreal QC,MapleFreight Fleet,Economy,General Freight,Silver,7,450.2,1293.1,5,0,11.19,41.0,3.4,3.7,Rain,83.6,0.71,0,271.85,10.13,0
SHP-102625,Montreal QC,Winnipeg MB,MapleFreight Fleet,Express,Refrigerated,Gold,6,160.9,1106.3,2,0,3.06,9.0,,6.6,Snow,84.9,0.605,3,130.82,3.09,0
SHP-102885,Calgary AB,Edmonton AB,NorthStar Carriers,Standard,General Freight,Silver,9,664.3,1267.1,5,0,13.44,114.0,4.6,2.5,Clear,50.0,0.451,1,188.73,13.12,0
SHP-105367,Mississauga ON,Quebec City QC,MapleFreight Fleet,Standard,Hazardous,Silver,12,354.6,1013.2,1,0,5.62,69.0,5.6,3.4,Clear,27.7,0.242,0,290.56,5.11,0
SHP-101077,Mississauga ON,Hamilton ON,QuebecExpress,Standard,General Freight,Silver,9,809.8,489.7,2,0,10.75,-4.0,4.5,5.1,Clear,98.1,0.49,0,,10.68,0
SHP-105746,Ottawa ON,Montreal QC,MapleFreight Fleet,Economy,Refrigerated,Bronze,5,297.8,435.3,2,0,5.07,61.0,2.2,10.8,Fog,48.7,0.667,0,154.78,4.9,0
SHP-102034,London ON,Sudbury ON,PrairieLine,Standard,Refrigerated,Silver,3,571.1,435.3,5,0,12.13,-8.0,10.6,3.7,Clear,97.6,0.659,0,201.24,10.72,0
SHP-103323,Mississauga ON,Quebec City QC,NorthStar Carriers,Standard,Bulk,Silver,12,771.3,259.4,1,0,11.08,31.0,2.8,8.1,Storm,52.5,0.696,1,185.28,14.66,1
SHP-100864,Mississauga ON,Winnipeg MB,NorthStar Carriers,Standard,General Freight,Bronze,2,1132.8,1351.8,1,0,16.84,1.0,2.4,4.7,Clear,66.4,0.223,3,190.98,25.26,1
SHP-104101,Toronto ON,Toronto ON,QuebecExpress,Standard,Fragile,Bronze,1,514.3,1321.5,4,1,12.14,89.0,5.7,0.7,Rain,59.6,0.46,2,126.07,11.22,0
SHP-100002,Calgary AB,Quebec City QC,NorthStar Carriers,Standard,Fragile,Silver,10,689.5,861.9,1,0,11.71,61.0,1.5,2.9,,83.4,0.068,2,168.87,14.72,1
SHP-103150,Ottawa ON,Montreal QC,PrairieLine,Standard,Hazardous,Silver,7,286.9,379.3,4,0,5.31,47.0,5.0,5.4,Clear,45.1,0.56,0,91.65,5.1,0
SHP-102682,Montreal QC,Calgary AB,QuebecExpress,Express,General Freight,Gold,11,636.2,1003.9,3,1,9.56,59.0,5.5,3.7,Rain,67.2,0.411,1,,14.92,1
SHP-105392,Mississauga ON,Hamilton ON,NorthStar Carriers,Standard,Refrigerated,Silver,5,794.4,1417.0,5,0,11.89,40.0,11.9,2.9,Clear,36.0,0.339,0,307.26,10.55,0
SHP-105893,London ON,Montreal QC,MapleFreight Fleet,Standard,General Freight,Bronze,5,568.9,1451.1,0,0,7.13,31.0,14.0,11.2,Clear,70.1,0.501,2,187.63,7.31,0
SHP-100111,Winnipeg MB,Ottawa ON,Contract Owner-Op,Standard,Refrigerated,Bronze,5,354.7,1294.5,4,0,10.83,11.0,9.8,3.3,Fog,75.8,0.529,0,172.35,10.63,0
SHP-105568,London ON,Calgary AB,NorthStar Carriers,Standard,Fragile,Silver,4,845.9,832.3,4,0,14.31,73.0,4.8,2.7,Rain,48.4,0.264,3,264.26,16.89,1
SHP-103237,London ON,Calgary AB,NorthStar Carriers,Economy,Hazardous,Bronze,11,545.8,1938.3,4,0,12.1,60.0,14.0,4.9,Clear,47.1,0.489,3,161.94,11.67,0
SHP-103896,Toronto ON,Hamilton ON,PrairieLine,Economy,General Freight,Silver,4,628.6,979.0,1,0,10.24,18.0,4.0,5.8,Clear,53.1,0.518,0,120.03,10.81,0
SHP-100628,Toronto ON,Toronto ON,MapleFreight Fleet,Express,General Freight,Silver,12,355.6,1362.4,1,0,5.59,-20.0,3.8,9.8,Clear,74.6,0.269,1,211.29,5.69,0
SHP-104974,London ON,Hamilton ON,MapleFreight Fleet,Standard,Bulk,Gold,3,438.9,1709.5,4,0,7.54,0.0,,3.7,Clear,34.5,0.488,1,151.05,7.17,0
SHP-105479,Toronto ON,Ottawa ON,NorthStar Carriers,Express,General Freight,Silver,6,519.5,1131.1,3,0,9.08,44.0,14.6,10.4,Clear,71.1,0.751,2,104.65,8.76,0
SHP-105231,Toronto ON,Montreal QC,MapleFreight Fleet,Economy,Refrigerated,Bronze,9,683.6,709.7,2,0,10.79,37.0,1.4,6.5,Clear,76.9,0.318,0,179.98,9.89,0
SHP-104074,London ON,Winnipeg MB,MapleFreight Fleet,Economy,Fragile,Silver,12,1052.2,1048.5,3,0,15.4,51.0,10.2,4.4,Storm,38.1,0.413,2,152.03,17.32,1
SHP-103587,Toronto ON,Toronto ON,MapleFreight Fleet,Economy,Hazardous,Bronze,6,778.9,2197.5,2,1,12.72,86.0,6.6,4.2,Clear,62.5,0.294,0,166.66,13.1,0
SHP-103559,Calgary AB,Sudbury ON,NorthStar Carriers,Express,Refrigerated,Silver,1,848.5,2711.1,5,0,14.31,10.0,6.9,4.0,Snow,54.3,0.839,2,243.74,12.98,0
SHP-100711,Calgary AB,Edmonton AB,NorthStar Carriers,Standard,Hazardous,Silver,3,813.2,289.0,4,0,15.48,56.0,20.1,4.6,Clear,57.1,0.031,1,137.64,14.57,0
SHP-103174,Winnipeg MB,Montreal QC,QuebecExpress,Standard,General Freight,Bronze,4,1078.4,92.4,4,0,18.73,17.0,2.4,4.1,Clear,60.1,0.255,1,,29.71,1
SHP-102129,Ottawa ON,Calgary AB,QuebecExpress,Standard,General Freight,Bronze,8,668.3,957.5,0,0,9.47,22.0,6.0,6.7,Clear,42.3,0.376,0,132.63,9.08,0
SHP-101219,Mississauga ON,Hamilton ON,PrairieLine,Express,General Freight,Silver,7,276.5,413.8,0,0,4.09,-12.0,,4.8,Clear,20.1,0.499,1,251.01,4.19,0
SHP-105613,Mississauga ON,Ottawa ON,Contract Owner-Op,Economy,Refrigerated,Silver,12,760.8,1886.7,2,0,11.18,31.0,,7.8,Clear,46.6,0.299,1,287.42,12.93,1
SHP-100580,Toronto ON,Winnipeg MB,NorthStar Carriers,Express,General Freight,Silver,3,567.6,792.0,5,0,9.2,6.0,4.7,7.3,Storm,52.7,0.648,0,217.02,8.1,0
SHP-103344,Mississauga ON,Regina SK,PrairieLine,Standard,General Freight,Gold,7,899.6,650.0,4,0,14.67,32.0,4.1,1.5,Rain,49.8,0.549,2,114.72,15.48,0
SHP-103634,Winnipeg MB,Hamilton ON,Contract Owner-Op,Express,Bulk,Bronze,5,1070.4,442.2,2,0,16.48,45.0,3.1,4.1,Clear,,0.502,2,109.74,16.63,0
SHP-105927,Mississauga ON,Calgary AB,QuebecExpress,Economy,Refrigerated,Bronze,5,609.7,2628.3,5,0,11.73,-7.0,4.9,6.5,Storm,88.5,0.132,1,203.19,18.22,1
SHP-104269,Montreal QC,Winnipeg MB,NorthStar Carriers,Express,Refrigerated,Bronze,9,811.3,1564.1,0,0,13.39,54.0,5.5,3.0,Storm,58.1,0.367,1,129.02,19.87,1
SHP-105480,Montreal QC,Toronto ON,MapleFreight Fleet,Economy,General Freight,Silver,10,236.4,969.0,0,0,2.91,98.0,8.6,3.0,Clear,62.4,0.361,0,131.23,2.97,0
SHP-105372,London ON,Montreal QC,NorthStar Carriers,Economy,Fragile,Silver,6,251.5,618.7,0,0,1.89,62.0,7.6,3.6,Clear,46.6,0.604,3,267.7,1.9,0
SHP-103842,Ottawa ON,Edmonton AB,NorthStar Carriers,Express,Bulk,Silver,3,805.8,913.6,4,0,12.96,14.0,8.7,4.9,Clear,68.8,0.474,2,187.5,15.65,1
SHP-101818,Montreal QC,Sudbury ON,QuebecExpress,Standard,Bulk,Bronze,11,665.0,2178.2,4,0,10.5,8.0,9.4,3.7,Clear,38.2,0.51,2,198.38,9.56,0
SHP-104858,Ottawa ON,Edmonton AB,MapleFreight Fleet,Standard,Hazardous,Silver,1,846.8,1821.2,2,0,13.72,18.0,1.4,12.7,Clear,50.6,0.479,4,168.61,17.26,1
SHP-103172,Toronto ON,Winnipeg MB,PrairieLine,Standard,General Freight,Gold,10,561.2,227.4,4,0,8.98,-3.0,0.6,6.4,Snow,83.4,0.304,1,158.2,10.78,1
SHP-104795,Mississauga ON,Winnipeg MB,MapleFreight Fleet,Standard,General Freight,Gold,11,659.1,473.3,4,0,12.05,-20.0,6.9,2.0,Snow,61.4,0.544,1,67.15,10.88,0
SHP-102244,Ottawa ON,Hamilton ON,NorthStar Carriers,Standard,General Freight,Silver,8,518.6,208.7,0,0,6.22,-20.0,10.1,4.4,Clear,41.2,0.539,0,242.4,6.12,0
SHP-101702,Ottawa ON,Hamilton ON,QuebecExpress,Economy,Hazardous,Gold,6,174.0,1183.7,5,0,4.56,51.0,3.6,6.1,Rain,13.3,0.526,1,189.67,5.61,1
SHP-101780,Calgary AB,Montreal QC,MapleFreight Fleet,standard,Refrigerated,Silver,8,545.4,825.1,0,0,8.42,-20.0,23.2,12.0,Clear,51.2,0.494,1,131.38,8.37,0
SHP-101606,Mississauga ON,Sudbury ON,MapleFreight Fleet,Standard,Hazardous,Bronze,4,988.7,1442.4,2,0,17.14,25.0,5.5,18.9,Clear,61.7,0.404,0,149.71,16.46,0
SHP-101729,Mississauga ON,Regina SK,Contract Owner-Op,Economy,Fragile,Silver,10,323.7,1003.1,4,1,7.01,96.0,0.8,5.2,Fog,42.5,0.256,3,273.99,10.26,1
SHP-103939,Ottawa ON,Montreal QC,MapleFreight Fleet,Economy,General Freight,Silver,5,866.3,644.6,1,0,13.55,-11.0,3.5,5.1,Clear,73.5,0.48,1,205.71,13.53,0
SHP-101858,Toronto ON,Ottawa ON,NorthStar Carriers,Standard,Fragile,Silver,7,292.2,500.4,3,0,5.45,3.0,,14.0,Clear,36.9,0.525,1,104.74,5.08,0
SHP-100710,Ottawa ON,Hamilton ON,QuebecExpress,Economy,General Freight,Gold,1,1033.9,732.2,3,0,17.49,-20.0,4.9,2.5,Clear,45.8,0.42,1,164.02,16.1,0
SHP-101962,Montreal QC,Montreal QC,QuebecExpress,Express,Fragile,Silver,2,738.2,852.0,4,0,15.54,44.0,8.8,3.4,Snow,70.1,0.517,0,164.96,18.84,1
SHP-105585,Toronto ON,Hamilton ON,Contract Owner-Op,Standard,General Freight,Silver,8,351.6,341.9,2,0,5.39,-5.0,1.1,9.5,Rain,55.3,0.576,1,165.33,5.67,0
SHP-105768,Calgary AB,Edmonton AB,MapleFreight Fleet,Express,General Freight,Silver,3,136.2,1442.3,3,0,5.88,10.0,14.9,8.1,Rain,73.7,0.651,3,136.47,6.96,1
SHP-105547,Winnipeg MB,Edmonton AB,PrairieLine,Standard,Bulk,Silver,12,478.0,1039.4,3,0,8.35,12.0,4.2,1.9,Clear,70.2,0.268,0,217.29,7.41,0
SHP-105919,Toronto ON,Toronto ON,QuebecExpress,Standard,General Freight,Silver,5,720.6,530.8,5,0,13.03,-20.0,0.7,5.6,Clear,70.9,0.345,0,169.47,12.41,0
SHP-104944,Mississauga ON,Hamilton ON,MapleFreight Fleet,Standard,Hazardous,Bronze,11,1553.6,1085.1,3,0,23.3,17.0,8.3,3.2,Clear,43.9,0.466,2,167.75,23.52,0
SHP-104419,London ON,Sudbury ON,MapleFreight Fleet,Economy,Hazardous,Bronze,11,330.1,1190.8,3,0,5.82,-19.0,1.4,5.8,Clear,77.0,0.276,1,194.01,6.11,0
SHP-101703,Toronto ON,Sudbury ON,PrairieLine,Express,Fragile,Bronze,2,440.8,424.3,5,1,8.54,-20.0,9.3,3.2,Clear,36.1,0.174,0,106.87,7.7,0
SHP-102147,Winnipeg MB,Edmonton AB,Contract Owner-Op,Standard,Fragile,Silver,2,814.5,994.8,2,0,13.52,-15.0,2.7,2.4,Rain,60.3,0.406,1,119.17,12.18,0
SHP-103909,Montreal QC,Toronto ON,QuebecExpress,Economy,Refrigerated,Gold,3,305.5,856.7,5,0,6.81,-20.0,1.6,1.7,Clear,54.8,0.216,2,102.33,7.17,0
SHP-102222,Mississauga ON,Hamilton ON,MapleFreight Fleet,Express,General Freight,Silver,7,311.4,468.4,2,0,5.63,37.0,5.1,3.5,Fog,47.3,0.602,1,247.6,5.34,0
SHP-100748,Toronto ON,Ottawa ON,QuebecExpress,Economy,General Freight,Gold,4,937.7,861.5,3,0,14.59,35.0,0.7,3.0,Snow,32.3,0.483,0,241.05,18.97,1
SHP-102216,Winnipeg MB,Ottawa ON,NorthStar Carriers,Express,General Freight,Bronze,12,1254.9,1293.9,3,0,19.02,37.0,,2.2,Snow,36.5,0.957,0,123.93,16.86,0
SHP-103603,Winnipeg MB,Ottawa ON,MapleFreight Fleet,Standard,Fragile,Silver,12,764.6,458.7,1,0,11.64,-20.0,4.0,4.5,Clear,34.7,0.479,2,203.18,10.72,0
SHP-105903,Toronto ON,Edmonton AB,MapleFreight Fleet,Standard,General Freight,Silver,3,518.9,1128.4,4,0,11.94,4.0,15.3,2.1,Fog,,0.491,1,263.98,10.96,0
SHP-100344,Montreal QC,Edmonton AB,MapleFreight Fleet,Standard,Bulk,Silver,9,929.1,377.3,3,0,13.84,27.0,6.8,5.1,Rain,70.4,0.499,1,178.86,14.02,0
SHP-104170,Winnipeg MB,Regina SK,PrairieLine,Standard,Refrigerated,Bronze,1,706.0,1217.7,3,0,10.63,-7.0,5.2,0.9,Clear,86.8,0.455,2,95.34,14.89,1
SHP-101751,Calgary AB,Toronto ON,Contract Owner-Op,Standard,Bulk,Silver,9,608.6,169.8,4,0,13.93,58.0,1.7,11.7,Rain,50.8,0.151,1,177.96,13.23,0
SHP-102588,Winnipeg MB,Winnipeg MB,PrairieLine,Economy,Fragile,Silver,9,344.2,1925.3,4,0,7.48,23.0,12.9,7.9,Rain,74.6,0.41,0,181.18,7.8,0
SHP-100078,Calgary AB,Montreal QC,MapleFreight Fleet,Express,General Freight,Gold,5,647.5,739.9,0,0,7.19,-20.0,13.9,2.2,Snow,54.7,0.323,3,211.05,7.2,0
SHP-103737,Ottawa ON,Regina SK,MapleFreight Fleet,Economy,General Freight,Bronze,11,959.8,285.9,5,0,16.34,76.0,4.8,1.7,Snow,49.0,0.143,0,283.99,15.85,0
SHP-101085,Toronto ON,Hamilton ON,PrairieLine,Express,Fragile,Silver,7,735.4,666.9,5,0,12.89,-20.0,10.9,5.6,Rain,52.5,0.364,1,210.91,12.77,0
SHP-105761,Mississauga ON,Montreal QC,NorthStar Carriers,Standard,Refrigerated,Bronze,6,303.7,68.9,4,0,7.92,31.0,8.0,2.5,Clear,43.0,0.723,1,235.19,11.98,1
SHP-105063,Montreal QC,Toronto ON,NorthStar Carriers,Economy,General Freight,Silver,1,453.6,827.3,1,0,5.55,-10.0,6.8,0.8,,79.6,0.504,2,51.52,5.23,0
SHP-103591,Toronto ON,Regina SK,QuebecExpress,Express,General Freight,Bronze,2,712.9,588.4,0,0,8.8,52.0,7.2,4.6,Rain,48.3,0.704,2,196.98,7.78,0
SHP-101420,Montreal QC,Hamilton ON,MapleFreight Fleet,Economy,General Freight,Silver,6,1472.6,888.7,1,0,22.85,24.0,5.2,10.8,Clear,78.1,0.433,0,166.51,22.12,0
SHP-102782,London ON,Ottawa ON,MapleFreight Fleet,Economy,General Freight,Silver,11,427.4,323.5,3,0,8.82,22.0,3.3,4.2,Clear,69.2,0.602,1,214.83,8.25,0
SHP-101966,Toronto ON,Toronto ON,MapleFreight Fleet,Standard,Bulk,Bronze,7,282.0,1063.1,1,0,5.4,40.0,,3.9,,43.0,0.468,0,,5.08,0
SHP-105593,London ON,Montreal QC,NorthStar Carriers,Standard,Fragile,Silver,4,582.3,496.0,4,0,11.97,25.0,3.6,2.6,Clear,30.3,0.412,0,220.55,11.71,0
SHP-103720,Toronto ON,Sudbury ON,NorthStar Carriers,Standard,General Freight,Silver,2,603.6,1353.8,5,0,13.58,69.0,0.4,6.5,Snow,52.1,0.278,3,259.67,18.21,1
SHP-100798,Montreal QC,Montreal QC,MapleFreight Fleet,Economy,Fragile,Silver,7,1781.1,2372.8,5,0,29.41,34.0,9.2,2.9,Clear,75.5,0.863,0,209.33,29.26,0
SHP-104325,Winnipeg MB,Sudbury ON,MapleFreight Fleet,Standard,Fragile,Silver,6,871.6,793.3,0,0,13.77,36.0,4.1,4.7,Clear,97.5,0.815,0,269.12,12.69,0
SHP-100146,London ON,Regina SK,QuebecExpress,standard,General Freight,Silver,1,395.0,337.2,5,0,7.97,76.0,2.9,20.0,Snow,60.4,0.291,1,121.27,9.41,1
SHP-103974,Toronto ON,Regina SK,QuebecExpress,Standard,Fragile,Silver,4,485.1,1572.5,1,0,8.97,55.0,4.8,6.4,Clear,54.7,0.56,0,267.87,8.89,0
SHP-100965,Toronto ON,Toronto ON,PrairieLine,Express,General Freight,Bronze,2,851.5,626.1,4,0,13.79,-20.0,3.9,9.0,Snow,36.7,0.693,1,201.36,12.9,0
SHP-103545,Winnipeg MB,Ottawa ON,PrairieLine,Standard,Fragile,Silver,5,491.0,913.4,3,0,8.79,-11.0,0.6,5.2,Snow,68.2,0.295,1,236.77,8.12,0
SHP-101977,Winnipeg MB,Quebec City QC,NorthStar Carriers,Express,General Freight,Silver,11,324.1,963.5,1,1,7.52,-1.0,5.5,5.6,Clear,41.8,0.468,0,60.29,6.73,0
SHP-100244,Ottawa ON,Toronto ON,MapleFreight Fleet,Standard,General Freight,Gold,11,454.1,847.4,1,0,7.72,54.0,2.2,2.1,Clear,52.6,0.066,3,110.66,7.16,0
SHP-103600,Calgary AB,Ottawa ON,PrairieLine,Standard,Fragile,Bronze,10,297.2,543.8,5,0,6.46,-20.0,1.5,6.0,Clear,53.4,0.217,4,207.44,6.59,0
SHP-102474,Mississauga ON,Calgary AB,MapleFreight Fleet,Standard,General Freight,Silver,7,593.2,660.6,0,0,6.93,48.0,2.3,7.3,Clear,56.0,0.468,1,308.93,6.34,0
SHP-100643,Ottawa ON,Edmonton AB,MapleFreight Fleet,Standard,General Freight,Bronze,8,1929.8,1608.2,3,0,28.57,42.0,1.0,6.7,Clear,46.7,0.184,1,60.61,41.14,1
SHP-103229,Montreal QC,Ottawa ON,MapleFreight Fleet,Express,General Freight,Bronze,3,817.0,1871.1,4,0,13.64,61.0,3.8,6.9,Clear,30.4,0.062,2,251.4,14.1,0
SHP-103319,Montreal QC,Regina SK,MapleFreight Fleet,Standard,Fragile,Bronze,8,551.1,1168.2,5,0,10.29,-20.0,4.0,13.4,Rain,27.2,0.602,1,102.78,9.74,0
SHP-104773,Montreal QC,Winnipeg MB,QuebecExpress,Standard,Hazardous,Silver,4,388.7,1427.1,1,0,6.22,36.0,,6.3,Clear,65.0,0.46,3,188.56,6.13,0
SHP-103040,Toronto ON,Regina SK,MapleFreight Fleet,Economy,General Freight,Bronze,5,374.5,1065.2,1,1,5.1,41.0,11.8,11.6,Clear,69.8,0.171,2,179.01,4.97,0
SHP-102953,Winnipeg MB,Quebec City QC,QuebecExpress,Express,Bulk,Silver,5,530.0,150.0,4,0,9.96,27.0,7.9,2.8,Clear,75.1,0.374,3,86.52,14.57,1
SHP-101958,Calgary AB,Regina SK,PrairieLine,standard,General Freight,Silver,8,1381.3,1507.0,3,0,19.74,18.0,0.2,1.7,Clear,92.1,0.648,2,152.84,20.29,0
SHP-105267,Calgary AB,Calgary AB,MapleFreight Fleet,Standard,General Freight,Silver,8,352.3,956.0,4,0,6.74,45.0,10.6,12.5,Clear,41.6,0.589,2,126.94,8.89,1
SHP-105562,Montreal QC,Winnipeg MB,PrairieLine,Express,General Freight,Gold,10,692.1,221.2,0,0,7.21,-20.0,12.7,2.0,Snow,46.4,0.286,0,64.93,6.47,0
SHP-103570,London ON,Sudbury ON,MapleFreight Fleet,Standard,General Freight,Silver,10,942.2,503.3,2,0,15.99,33.0,17.4,5.1,Fog,64.0,0.522,1,,15.52,0
SHP-105402,Calgary AB,Quebec City QC,MapleFreight Fleet,Standard,Fragile,Silver,2,708.8,1667.0,3,0,9.88,24.0,10.5,2.4,Snow,44.1,0.491,0,181.26,9.38,0
SHP-101049,Calgary AB,Winnipeg MB,PrairieLine,Standard,Bulk,Silver,12,468.9,2173.9,3,0,7.91,35.0,4.7,3.4,Clear,37.3,0.45,5,196.85,8.3,0
SHP-101935,Ottawa ON,Calgary AB,NorthStar Carriers,Standard,Bulk,Bronze,6,289.8,750.3,3,0,5.33,72.0,2.5,7.5,Rain,72.9,0.757,1,254.22,5.05,0
SHP-101601,Winnipeg MB,Ottawa ON,MapleFreight Fleet,Economy,General Freight,Silver,8,775.3,454.8,0,0,9.88,-11.0,3.2,10.4,Snow,59.8,0.333,3,187.72,10.27,0
SHP-100056,Toronto ON,Ottawa ON,Contract Owner-Op,Standard,General Freight,Bronze,11,831.5,181.2,2,0,12.98,11.0,8.7,3.3,Rain,38.4,0.632,0,158.18,13.18,0
SHP-103803,Winnipeg MB,Montreal QC,NorthStar Carriers,Express,General Freight,Gold,2,372.9,1696.9,3,0,9.09,17.0,7.1,3.4,Rain,60.4,0.402,2,,9.63,0
SHP-102447,Montreal QC,Edmonton AB,Contract Owner-Op,Standard,General Freight,Silver,3,533.3,1275.3,1,0,5.47,8.0,13.3,8.0,Clear,38.5,0.411,3,77.76,5.6,0
SHP-102111,Toronto ON,Edmonton AB,QuebecExpress,Standard,General Freight,Bronze,5,979.2,497.9,5,0,17.75,-7.0,10.7,5.2,Clear,58.5,0.274,0,210.43,18.11,0
SHP-100081,Toronto ON,Regina SK,MapleFreight Fleet,Standard,Bulk,Silver,11,272.2,2552.1,5,0,7.75,23.0,5.6,6.0,Rain,32.8,0.365,2,75.64,6.98,0
SHP-105672,Ottawa ON,Montreal QC,NorthStar Carriers,Standard,General Freight,Silver,9,654.0,3074.5,3,1,11.81,30.0,,15.2,Clear,46.8,0.438,0,165.57,18.75,1
SHP-103843,Ottawa ON,Sudbury ON,MapleFreight Fleet,Economy,Refrigerated,Gold,2,415.1,1355.3,2,0,6.79,-20.0,3.1,3.5,Rain,54.9,0.465,3,196.89,6.77,0
SHP-101032,Calgary AB,Winnipeg MB,NorthStar Carriers,Economy,General Freight,Gold,11,528.7,705.5,5,0,8.73,20.0,3.9,5.7,Clear,34.4,0.395,1,30.0,13.05,1
SHP-100200,Montreal QC,Hamilton ON,Contract Owner-Op,Standard,General Freight,Silver,7,327.8,1031.5,5,0,8.12,69.0,2.4,4.0,Clear,46.3,0.151,3,131.84,8.52,0
SHP-103817,Toronto ON,Montreal QC,QuebecExpress,Express,Bulk,Bronze,8,776.5,518.4,4,0,13.04,30.0,7.7,6.1,Clear,81.7,0.276,2,289.89,18.28,1
SHP-100194,Montreal QC,Quebec City QC,NorthStar Carriers,Standard,Refrigerated,Bronze,6,854.0,1181.6,5,0,15.4,2.0,4.2,5.5,Rain,55.2,0.628,0,,13.81,0
SHP-100464,Mississauga ON,Hamilton ON,NorthStar Carriers,Express,Refrigerated,Silver,4,607.1,702.7,5,0,10.44,62.0,13.1,3.5,Clear,47.5,0.282,1,218.58,9.27,0
SHP-101523,Calgary AB,Montreal QC,PrairieLine,Economy,Fragile,Silver,4,496.9,339.1,4,0,9.65,16.0,3.1,3.6,Snow,25.8,0.786,1,204.63,8.75,0
SHP-104600,Montreal QC,Winnipeg MB,QuebecExpress,Economy,General Freight,Silver,9,1074.4,1002.8,2,1,18.95,-0.0,1.9,7.4,Clear,58.1,0.594,2,179.97,28.02,1
SHP-100069,London ON,Ottawa ON,QuebecExpress,Economy,General Freight,Gold,6,147.8,270.2,4,0,5.71,54.0,3.5,4.9,Rain,88.2,0.279,1,231.08,5.76,0
SHP-101911,Ottawa ON,Hamilton ON,PrairieLine,Economy,General Freight,Bronze,3,206.5,2441.0,5,0,8.14,-9.0,8.5,8.0,,49.7,0.607,2,208.78,8.02,0
SHP-100967,Mississauga ON,Regina SK,Contract Owner-Op,Standard,Bulk,Silver,1,361.9,1827.9,0,0,4.1,11.0,3.8,6.6,Clear,53.2,0.111,0,153.83,4.27,0
SHP-104926,Winnipeg MB,Hamilton ON,MapleFreight Fleet,Standard,General Freight,Silver,6,781.0,1330.6,0,0,11.44,33.0,4.7,4.7,Snow,80.8,0.754,3,150.77,17.73,1
SHP-103724,Mississauga ON,Edmonton AB,QuebecExpress,Express,Fragile,Gold,5,322.2,1044.5,1,0,5.57,12.0,9.7,3.8,Clear,64.1,0.441,0,263.38,5.25,0
SHP-104404,Toronto ON,Winnipeg MB,NorthStar Carriers,Economy,General Freight,Silver,6,828.4,902.7,4,0,16.23,-20.0,6.3,8.2,Fog,34.3,0.508,2,178.97,14.87,0
SHP-104746,Toronto ON,Edmonton AB,MapleFreight Fleet,Standard,General Freight,Silver,10,540.8,342.0,4,0,8.81,-2.0,9.9,3.5,Clear,48.0,0.479,3,167.33,7.98,0
SHP-105170,Toronto ON,Quebec City QC,MapleFreight Fleet,Standard,General Freight,Bronze,7,626.0,417.1,3,0,10.42,-20.0,3.2,6.8,Clear,56.1,0.625,0,167.24,10.44,0
SHP-100509,Toronto ON,Toronto ON,MapleFreight Fleet,Express,General Freight,Silver,6,468.3,790.2,5,0,9.1,-14.0,,2.7,Clear,42.7,0.485,0,90.34,9.28,0
SHP-102076,Toronto ON,Ottawa ON,MapleFreight Fleet,Economy,General Freight,Silver,3,191.2,549.9,4,0,5.07,-14.0,9.6,4.6,Clear,32.3,0.467,0,166.14,4.88,0
SHP-101280,Mississauga ON,Calgary AB,MapleFreight Fleet,Standard,Refrigerated,Bronze,7,673.2,524.7,3,0,10.29,33.0,5.5,1.8,Rain,60.3,0.366,1,177.35,10.52,0
SHP-104134,Mississauga ON,Toronto ON,Contract Owner-Op,Economy,Fragile,Silver,6,988.0,1562.3,0,0,15.08,28.0,1.5,3.5,Clear,,0.579,1,90.58,15.19,0
SHP-101285,Calgary AB,Hamilton ON,Contract Owner-Op,Standard,Refrigerated,Gold,2,513.8,380.3,3,0,8.33,21.0,4.2,6.6,Fog,26.9,0.451,0,200.57,7.88,0
SHP-100407,Montreal QC,Toronto ON,MapleFreight Fleet,Express,General Freight,Silver,2,466.9,1154.1,0,0,5.43,57.0,3.2,4.9,Clear,54.2,0.199,3,210.24,5.63,0
SHP-102850,Calgary AB,Hamilton ON,MapleFreight Fleet,Economy,Refrigerated,Bronze,3,597.1,398.0,5,0,12.35,-7.0,11.7,9.2,Rain,19.2,0.869,0,178.61,12.94,0
SHP-103100,London ON,Sudbury ON,Contract Owner-Op,Standard,General Freight,Silver,9,341.5,966.9,0,0,2.87,-20.0,1.7,5.9,Snow,55.6,0.535,0,162.81,2.76,0
SHP-102151,Ottawa ON,Montreal QC,QuebecExpress,Express,General Freight,Bronze,6,367.7,1109.4,2,0,7.6,62.0,4.2,2.9,Clear,48.6,0.1,1,142.58,8.03,0
SHP-100506,Montreal QC,Sudbury ON,MapleFreight Fleet,Standard,Fragile,Bronze,8,831.6,758.0,2,0,13.14,14.0,6.3,7.0,Rain,64.3,0.409,0,133.81,13.92,0
SHP-100016,Montreal QC,Ottawa ON,Contract Owner-Op,Standard,General Freight,Bronze,3,573.2,1296.0,3,0,11.49,-20.0,12.7,2.8,Clear,49.3,0.506,1,179.65,11.64,0
SHP-100554,Toronto ON,Toronto ON,QuebecExpress,Standard,General Freight,Bronze,7,597.3,785.3,2,0,10.17,56.0,5.1,11.0,,62.3,0.395,0,203.63,9.0,0
SHP-100236,Toronto ON,Toronto ON,Contract Owner-Op,Standard,Refrigerated,Silver,4,372.8,756.3,1,0,5.53,22.0,2.9,7.4,Snow,,0.227,0,,5.03,0
SHP-104723,Mississauga ON,Winnipeg MB,MapleFreight Fleet,Economy,Bulk,Gold,4,429.7,892.1,5,0,9.56,-20.0,,5.4,Clear,100.0,0.886,0,186.39,9.58,0
SHP-102064,Toronto ON,Winnipeg MB,MapleFreight Fleet,Express,General Freight,Gold,5,732.3,1175.5,4,0,14.7,1.0,6.9,8.3,Snow,45.5,0.108,0,106.03,13.62,0
SHP-100638,Ottawa ON,Winnipeg MB,MapleFreight Fleet,Standard,Fragile,Gold,5,942.9,288.7,2,0,12.41,27.0,23.5,1.6,Clear,57.8,0.382,0,233.92,12.13,0
SHP-101933,Mississauga ON,Montreal QC,PrairieLine,Standard,Refrigerated,Bronze,2,794.9,304.1,0,1,11.95,52.0,1.0,0.9,Clear,33.6,0.444,2,202.88,12.19,0
SHP-103228,Toronto ON,Hamilton ON,PrairieLine,Economy,Refrigerated,Gold,12,1082.4,465.4,5,0,20.73,22.0,2.3,4.5,Clear,72.4,0.376,1,228.85,29.42,1
SHP-105824,Montreal QC,Winnipeg MB,MapleFreight Fleet,Standard,General Freight,Silver,9,719.2,527.6,1,0,10.72,10.0,1.5,3.4,Clear,28.4,0.407,0,208.42,10.51,0
SHP-100963,Toronto ON,Sudbury ON,MapleFreight Fleet,Standard,General Freight,Bronze,11,519.4,1959.7,4,0,10.02,9.0,6.4,1.0,Snow,60.1,0.823,2,134.92,9.38,0
SHP-102386,London ON,Hamilton ON,QuebecExpress,Standard,General Freight,Bronze,2,717.7,755.3,3,0,11.12,5.0,6.3,3.9,Clear,56.5,0.518,3,174.82,9.99,0
SHP-100656,Calgary AB,Edmonton AB,MapleFreight Fleet,Standard,Fragile,Gold,3,545.1,276.9,3,0,8.04,-20.0,1.6,4.5,Snow,75.3,0.332,1,231.06,8.45,0
SHP-103043,Mississauga ON,Winnipeg MB,PrairieLine,Express,General Freight,Bronze,3,531.7,436.5,0,0,8.38,6.0,3.1,5.0,Clear,57.7,0.285,1,247.56,8.09,0
SHP-101459,London ON,Edmonton AB,MapleFreight Fleet,Express,General Freight,Bronze,7,748.7,1857.6,4,0,14.72,34.0,3.6,5.0,Clear,48.8,0.488,1,198.95,15.49,0
SHP-102164,Calgary AB,Ottawa ON,NorthStar Carriers,Standard,Bulk,Silver,8,1139.0,2656.9,0,0,16.39,39.0,7.6,5.7,Rain,52.4,0.616,1,208.57,15.45,0
SHP-101304,Montreal QC,Ottawa ON,QuebecExpress,Standard,General Freight,Gold,7,1098.6,1022.7,0,0,16.92,27.0,7.0,4.8,Rain,69.0,0.138,0,195.12,16.2,0
SHP-103262,Montreal QC,Montreal QC,Contract Owner-Op,Economy,Bulk,Silver,5,847.6,619.0,1,1,9.42,34.0,4.5,8.5,,68.8,0.103,1,105.41,11.72,1
SHP-103046,Toronto ON,Montreal QC,Contract Owner-Op,Standard,Refrigerated,Gold,5,1450.7,1138.4,4,0,23.08,44.0,6.7,1.6,Clear,41.4,0.724,2,94.59,29.25,1
SHP-103689,Ottawa ON,Sudbury ON,QuebecExpress,Economy,Bulk,Bronze,11,695.5,379.6,0,0,10.02,-19.0,2.3,5.3,Clear,70.7,0.287,0,172.44,9.86,0
SHP-103252,Ottawa ON,Regina SK,PrairieLine,Express,Refrigerated,Gold,8,702.4,1791.7,1,0,9.78,7.0,1.3,9.3,Clear,18.4,0.528,1,134.68,9.89,0
SHP-102606,Calgary AB,Regina SK,QuebecExpress,Standard,General Freight,Gold,3,431.0,685.1,3,1,7.48,-16.0,14.0,3.2,Clear,46.2,0.495,2,30.0,7.8,0
SHP-104880,Toronto ON,Edmonton AB,MapleFreight Fleet,Standard,Refrigerated,Bronze,6,567.3,403.2,0,0,7.01,17.0,5.3,7.7,Rain,86.9,0.666,0,156.43,6.32,0
SHP-103415,Toronto ON,Toronto ON,QuebecExpress,Standard,Refrigerated,Gold,2,339.8,276.6,0,1,4.51,62.0,2.8,3.3,Snow,32.8,0.507,1,202.0,7.05,1
SHP-103785,Toronto ON,Montreal QC,PrairieLine,Economy,General Freight,Silver,1,279.9,263.9,1,0,6.42,29.0,2.9,3.5,Storm,66.5,0.706,2,74.48,6.58,0
SHP-102013,Ottawa ON,Calgary AB,MapleFreight Fleet,Express,General Freight,Silver,5,530.1,854.9,3,0,10.85,42.0,8.6,9.5,Clear,30.4,0.447,1,229.35,10.79,0
SHP-102361,Winnipeg MB,Edmonton AB,MapleFreight Fleet,Standard,Bulk,Silver,9,387.0,318.8,1,0,6.67,20.0,8.9,11.1,Clear,46.9,0.392,0,,6.62,0
SHP-100103,Montreal QC,Hamilton ON,PrairieLine,Standard,Bulk,Silver,3,571.6,352.7,5,1,11.78,-20.0,10.5,7.3,Fog,26.2,0.778,2,222.24,11.83,0
SHP-105211,Calgary AB,Edmonton AB,Contract Owner-Op,Standard,Hazardous,Silver,4,479.4,1555.0,3,0,9.71,31.0,7.2,5.3,Fog,54.9,0.494,2,204.41,9.81,0
SHP-105988,Calgary AB,Toronto ON,NorthStar Carriers,Standard,General Freight,Gold,10,425.7,452.7,1,0,9.27,49.0,11.8,2.0,Clear,70.0,0.855,0,173.5,9.08,0
SHP-105455,Montreal QC,Calgary AB,MapleFreight Fleet,Standard,General Freight,Bronze,8,493.9,1548.7,4,0,9.56,25.0,24.4,7.6,Fog,79.0,0.606,1,212.62,9.45,0
SHP-100614,Mississauga ON,Toronto ON,PrairieLine,Standard,Refrigerated,Silver,7,559.3,731.0,4,0,11.24,12.0,0.9,14.1,Rain,56.9,0.479,1,220.17,11.39,0
SHP-101971,Ottawa ON,Edmonton AB,PrairieLine,Standard,Bulk,Silver,9,606.6,825.1,3,0,9.62,39.0,6.4,8.0,Clear,37.9,0.492,3,132.76,8.96,0
SHP-100432,Toronto ON,Regina SK,PrairieLine,Standard,Fragile,Silver,9,337.6,1249.0,1,1,4.8,33.0,4.8,1.7,Rain,49.2,0.66,2,226.38,4.48,0
SHP-105540,Calgary AB,Quebec City QC,QuebecExpress,Standard,General Freight,Silver,10,615.7,699.4,0,0,9.78,51.0,8.0,1.2,Clear,42.6,0.706,2,,14.1,1
SHP-102957,London ON,Quebec City QC,MapleFreight Fleet,Standard,Bulk,Gold,5,1147.7,982.5,3,1,18.36,-5.0,7.1,1.4,Snow,70.6,0.181,3,198.95,18.21,0
SHP-102623,Toronto ON,Calgary AB,MapleFreight Fleet,Standard,Fragile,Bronze,4,196.3,333.6,1,0,4.76,-20.0,4.4,7.2,Clear,63.3,0.056,2,260.53,4.86,0
SHP-103623,Mississauga ON,Montreal QC,QuebecExpress,Standard,Bulk,Silver,6,236.5,1325.7,2,0,5.89,19.0,13.9,4.2,Clear,26.2,0.0,1,234.1,5.95,0
SHP-101418,Mississauga ON,Calgary AB,MapleFreight Fleet,Standard,Bulk,Bronze,9,447.3,650.3,2,0,5.13,21.0,1.4,6.6,Clear,30.4,0.773,2,62.31,4.64,0
SHP-102679,Calgary AB,Montreal QC,MapleFreight Fleet,Economy,General Freight,Bronze,10,347.3,481.5,3,0,5.17,27.0,5.0,6.4,Snow,46.3,0.32,0,231.18,4.76,0
SHP-103735,Mississauga ON,Montreal QC,QuebecExpress,Standard,General Freight,Bronze,6,298.8,517.2,5,0,8.29,97.0,2.8,1.7,Clear,71.0,0.118,2,87.36,8.55,0
SHP-104933,London ON,Hamilton ON,NorthStar Carriers,Express,Refrigerated,Bronze,7,820.0,262.7,0,1,13.28,24.0,9.1,1.1,Storm,65.2,0.475,3,222.26,18.78,1
SHP-102069,Ottawa ON,Edmonton AB,NorthStar Carriers,Standard,Refrigerated,Bronze,6,587.2,2034.6,0,0,9.04,-20.0,7.0,1.6,Clear,49.9,0.058,0,211.29,8.37,0
SHP-105747,Montreal QC,Montreal QC,QuebecExpress,Standard,Bulk,Bronze,4,495.5,52.6,4,1,10.84,47.0,3.1,3.2,Fog,67.9,0.392,0,260.14,15.49,1
SHP-100504,Montreal QC,Regina SK,MapleFreight Fleet,Express,Hazardous,Gold,12,348.6,786.6,0,0,2.51,39.0,2.0,7.0,Clear,34.8,0.277,0,114.16,2.35,0
SHP-105749,London ON,Hamilton ON,QuebecExpress,Express,General Freight,Silver,2,926.1,491.7,2,0,14.93,47.0,3.0,8.1,Clear,66.2,0.275,0,134.63,13.91,0
SHP-100910,Toronto ON,Winnipeg MB,MapleFreight Fleet,Standard,Refrigerated,Bronze,6,605.7,492.6,5,0,14.79,-15.0,5.1,6.9,Clear,34.8,0.414,0,205.09,14.36,0
SHP-101241,Toronto ON,Sudbury ON,MapleFreight Fleet,Economy,General Freight,Silver,3,449.4,1266.8,2,0,7.37,-20.0,0.7,4.3,Fog,64.1,0.538,4,187.42,7.66,0
SHP-102299,London ON,Ottawa ON,NorthStar Carriers,Express,Refrigerated,Silver,4,659.6,896.3,2,0,11.42,44.0,4.6,8.6,Fog,51.7,0.444,0,160.4,11.93,0
SHP-104939,Ottawa ON,Winnipeg MB,Contract Owner-Op,Express,General Freight,Silver,12,266.4,1163.2,5,0,6.87,3.0,2.5,9.2,Fog,61.8,0.305,0,119.09,6.29,0
SHP-100846,Ottawa ON,Quebec City QC,MapleFreight Fleet,Economy,General Freight,Silver,1,718.0,961.6,0,0,9.81,53.0,10.7,5.3,Clear,42.1,0.524,2,266.27,8.65,0
SHP-104766,Montreal QC,Toronto ON,QuebecExpress,Express,Fragile,Gold,9,523.7,602.6,5,1,9.51,46.0,11.2,12.5,Clear,,0.545,1,244.83,9.71,0
SHP-101992,Mississauga ON,Quebec City QC,NorthStar Carriers,Standard,General Freight,Silver,5,978.9,290.5,4,0,17.08,61.0,0.9,4.4,Clear,77.6,0.315,2,226.03,16.15,0
SHP-101353,Toronto ON,Hamilton ON,PrairieLine,Standard,Bulk,Bronze,7,892.2,1062.7,5,0,17.0,-5.0,2.3,6.5,Clear,46.1,0.858,0,236.2,24.45,1
SHP-100307,Mississauga ON,Hamilton ON,NorthStar Carriers,Standard,Bulk,Gold,9,967.2,581.1,2,0,15.28,-12.0,10.8,7.7,,76.1,0.605,0,133.45,13.64,0
SHP-105383,Mississauga ON,Quebec City QC,Contract Owner-Op,Standard,Hazardous,Gold,12,447.0,1931.1,2,0,9.46,41.0,1.5,3.5,Clear,63.0,0.536,1,179.99,12.37,1
SHP-103898,Calgary AB,Edmonton AB,Contract Owner-Op,Economy,Refrigerated,Silver,1,1329.7,578.9,4,0,22.08,-20.0,11.5,6.5,Fog,73.0,0.444,3,175.07,22.24,0
SHP-101365,Mississauga ON,Quebec City QC,QuebecExpress,Express,General Freight,Gold,11,820.8,253.7,2,1,14.19,-6.0,,1.0,Rain,63.2,0.583,2,186.65,14.88,0
SHP-100326,Toronto ON,Edmonton AB,QuebecExpress,Express,Hazardous,Bronze,6,837.5,757.6,4,0,14.7,26.0,1.5,5.4,Rain,65.1,0.769,1,183.04,13.12,0
SHP-102283,Montreal QC,Calgary AB,MapleFreight Fleet,Standard,Hazardous,Gold,12,285.3,153.3,2,0,4.55,-20.0,5.2,1.1,Rain,41.5,0.182,3,92.68,4.56,0
SHP-102511,Calgary AB,Toronto ON,Contract Owner-Op,Standard,Bulk,Bronze,12,166.3,505.0,4,0,5.81,62.0,6.7,7.6,Clear,36.5,0.345,0,,5.32,0
SHP-100410,Calgary AB,Regina SK,PrairieLine,Express,General Freight,Silver,1,759.7,818.6,1,0,15.22,11.0,11.1,2.9,,37.6,0.346,1,160.27,14.91,0
SHP-103176,Toronto ON,Hamilton ON,QuebecExpress,Standard,General Freight,Bronze,12,261.1,1067.1,4,0,6.34,87.0,3.7,4.2,Clear,,0.46,1,187.3,6.35,0
SHP-100760,Montreal QC,Edmonton AB,NorthStar Carriers,Standard,General Freight,Silver,7,408.7,977.2,5,0,10.64,-8.0,2.6,1.8,Clear,77.2,0.544,3,127.94,12.03,1
SHP-101431,London ON,Sudbury ON,Contract Owner-Op,Standard,General Freight,Silver,10,824.6,1209.4,2,0,12.46,-9.0,10.2,4.2,Clear,62.8,0.547,2,,11.03,0
SHP-104066,Ottawa ON,Regina SK,MapleFreight Fleet,Standard,General Freight,Silver,7,1115.9,314.3,0,1,16.6,9.0,8.2,1.0,Clear,73.1,0.442,0,174.47,16.45,0
SHP-100974,Montreal QC,Ottawa ON,NorthStar Carriers,Express,General Freight,Silver,8,591.0,216.3,4,0,10.28,41.0,9.2,3.9,Clear,77.7,0.538,1,136.43,10.47,0
SHP-101082,Toronto ON,Montreal QC,MapleFreight Fleet,Standard,Bulk,Bronze,4,645.7,41.5,0,0,8.85,5.0,3.8,2.7,Fog,,0.406,1,164.38,9.18,0
SHP-101854,Mississauga ON,Edmonton AB,PrairieLine,Standard,Refrigerated,Bronze,9,694.1,399.3,1,0,9.76,-2.0,3.3,4.3,Clear,76.9,0.462,2,168.83,9.17,0
SHP-101513,London ON,Winnipeg MB,PrairieLine,Standard,General Freight,Bronze,7,1536.6,1691.8,2,0,22.44,0.0,,8.8,,56.1,0.516,3,,23.14,0
SHP-101831,Toronto ON,Quebec City QC,MapleFreight Fleet,Express,Bulk,Bronze,10,857.1,200.1,0,0,12.29,-14.0,7.7,7.9,Fog,52.1,0.483,0,61.09,11.52,0
SHP-103022,Mississauga ON,Regina SK,Contract Owner-Op,Standard,General Freight,Bronze,1,404.4,570.1,2,0,7.42,-10.0,7.3,3.5,Snow,64.8,0.43,3,149.4,7.53,0
SHP-104270,Montreal QC,Sudbury ON,QuebecExpress,Express,General Freight,Bronze,9,1098.1,2828.4,3,0,17.0,80.0,4.8,7.0,Rain,43.1,0.492,4,151.39,26.7,1
SHP-104569,Calgary AB,Quebec City QC,MapleFreight Fleet,Standard,Bulk,Bronze,5,1428.7,358.5,2,0,19.85,23.0,10.2,9.1,Clear,44.7,0.356,1,226.42,19.01,0
SHP-102416,Mississauga ON,Toronto ON,MapleFreight Fleet,Standard,General Freight,Silver,7,225.0,2460.7,3,0,5.05,11.0,6.9,5.3,Clear,72.8,0.592,3,129.85,4.55,0
SHP-102002,Montreal QC,Toronto ON,PrairieLine,Express,General Freight,Silver,12,400.0,178.7,0,0,4.45,-19.0,9.2,5.9,Clear,71.5,0.329,0,,4.26,0
SHP-104123,Toronto ON,Edmonton AB,MapleFreight Fleet,Standard,Bulk,Silver,10,494.9,926.4,3,1,8.49,35.0,8.0,2.7,Snow,30.5,0.518,1,30.0,8.54,0
SHP-105444,Ottawa ON,Edmonton AB,NorthStar Carriers,Express,Bulk,Silver,10,757.7,780.8,4,0,12.96,-15.0,12.6,8.6,Clear,70.7,0.774,0,245.39,12.36,0
SHP-103502,Calgary AB,Winnipeg MB,MapleFreight Fleet,Economy,Fragile,Silver,12,594.5,2054.4,1,0,9.12,47.0,2.9,2.5,Clear,53.9,0.63,1,178.83,9.62,0
SHP-103241,Ottawa ON,Edmonton AB,PrairieLine,Standard,Bulk,Silver,8,518.2,1614.2,2,0,8.61,18.0,0.8,3.0,Fog,84.7,0.772,0,115.32,10.85,1
SHP-105073,Montreal QC,Edmonton AB,NorthStar Carriers,Standard,General Freight,Gold,7,518.1,315.5,4,0,10.11,-12.0,1.1,0.7,Rain,32.3,0.361,2,116.34,9.06,0
SHP-104251,London ON,Regina SK,MapleFreight Fleet,Standard,Refrigerated,Bronze,10,392.5,274.4,1,0,5.19,43.0,7.2,2.2,Rain,82.1,0.536,2,269.73,4.63,0
SHP-100484,London ON,Sudbury ON,PrairieLine,Express,Refrigerated,Gold,1,598.5,200.6,2,0,8.04,39.0,3.5,5.3,Clear,69.3,0.487,2,179.31,7.68,0
SHP-101518,Calgary AB,Winnipeg MB,NorthStar Carriers,Express,Refrigerated,Gold,9,1275.7,341.4,3,0,19.83,-20.0,6.8,3.3,Snow,57.0,0.52,3,195.71,19.85,0
SHP-102571,Toronto ON,Sudbury ON,Contract Owner-Op,Economy,General Freight,Silver,3,348.2,674.0,3,0,7.62,28.0,7.4,3.3,Fog,65.2,0.0,0,171.86,7.28,0
SHP-101347,Toronto ON,Hamilton ON,QuebecExpress,Economy,Bulk,Silver,8,400.4,2292.8,2,0,9.19,27.0,10.6,3.2,Clear,75.8,0.359,3,270.6,8.09,0
SHP-101036,London ON,Quebec City QC,MapleFreight Fleet,Express,Fragile,Gold,6,704.2,1604.7,5,0,14.04,-18.0,3.4,11.8,Clear,99.7,0.628,1,103.87,12.47,0
SHP-102334,London ON,Hamilton ON,NorthStar Carriers,Express,Refrigerated,Silver,2,859.6,345.5,2,1,12.7,38.0,2.4,7.3,Clear,62.6,0.297,0,131.95,12.1,0
SHP-101940,Ottawa ON,Montreal QC,PrairieLine,Express,Fragile,Bronze,8,556.5,161.6,0,0,7.47,36.0,3.3,10.3,Storm,62.2,1.0,1,216.76,9.31,1
SHP-102426,Toronto ON,Regina SK,NorthStar Carriers,Express,General Freight,Bronze,9,717.6,329.1,1,0,10.28,-20.0,4.9,4.5,Rain,41.0,0.073,4,119.87,9.26,0
SHP-103285,Mississauga ON,Sudbury ON,QuebecExpress,Standard,General Freight,Bronze,12,359.8,755.4,1,0,6.28,21.0,8.1,3.1,Clear,46.9,0.416,1,138.23,6.56,0
SHP-100262,Winnipeg MB,Toronto ON,NorthStar Carriers,Express,Bulk,Gold,12,373.8,578.3,2,0,5.3,-9.0,7.9,5.3,Clear,66.7,0.349,1,145.42,5.05,0
SHP-103031,Montreal QC,Ottawa ON,PrairieLine,Standard,General Freight,Gold,1,423.8,1421.8,1,0,6.84,-20.0,2.2,8.6,Rain,38.9,0.519,3,159.63,6.77,0
SHP-104093,Winnipeg MB,Toronto ON,QuebecExpress,Standard,Fragile,Bronze,8,1110.4,618.9,3,0,18.36,22.0,1.6,3.5,Clear,45.6,0.372,2,,16.21,0
SHP-100522,Ottawa ON,Montreal QC,MapleFreight Fleet,Express,Refrigerated,Silver,6,254.1,715.2,1,0,2.34,-7.0,1.9,12.6,Clear,43.4,0.355,1,186.26,2.39,0
SHP-105415,Toronto ON,Toronto ON,NorthStar Carriers,Standard,Hazardous,Gold,10,460.8,1422.4,2,0,10.66,73.0,8.7,4.2,Clear,60.2,0.228,2,195.98,10.33,0
SHP-100054,Mississauga ON,Hamilton ON,NorthStar Carriers,Economy,Bulk,Silver,1,2556.7,1384.4,5,0,37.4,64.0,4.2,16.9,Storm,52.7,0.458,1,222.34,55.38,1
SHP-100362,Montreal QC,Sudbury ON,MapleFreight Fleet,standard,Refrigerated,Silver,10,911.2,1275.2,1,0,15.0,44.0,2.1,4.3,Rain,42.6,0.456,0,226.21,13.7,0
SHP-101367,Toronto ON,Toronto ON,NorthStar Carriers,Standard,General Freight,Silver,10,556.0,725.0,1,0,8.49,9.0,4.8,3.9,Rain,58.4,0.322,1,100.89,8.69,0
SHP-104337,Winnipeg MB,Sudbury ON,QuebecExpress,Standard,General Freight,Gold,9,621.3,850.3,0,0,9.43,-20.0,5.9,4.5,Rain,78.9,0.225,1,178.24,8.49,0
SHP-105734,Toronto ON,Toronto ON,NorthStar Carriers,Standard,General Freight,Bronze,9,340.4,1102.0,5,0,8.14,42.0,6.4,3.0,Snow,36.1,0.792,2,163.82,10.14,1
SHP-102285,Winnipeg MB,Winnipeg MB,Contract Owner-Op,Economy,Hazardous,Bronze,3,333.1,426.7,0,0,3.26,36.0,,18.6,Snow,83.1,0.465,1,249.44,4.07,1
SHP-100169,Mississauga ON,Sudbury ON,NorthStar Carriers,Express,Hazardous,Silver,2,388.0,1335.8,2,1,6.57,-4.0,0.8,5.8,Snow,81.9,0.356,2,135.06,6.56,0
SHP-101168,Calgary AB,Winnipeg MB,QuebecExpress,Standard,Refrigerated,Bronze,10,370.3,1295.4,5,0,9.58,4.0,2.9,6.8,Snow,40.2,0.372,1,145.29,9.14,0
SHP-105743,London ON,Edmonton AB,Contract Owner-Op,Express,Refrigerated,Gold,5,457.8,237.7,2,0,6.37,62.0,,2.0,Rain,47.5,0.374,2,137.26,6.32,0
SHP-103797,Toronto ON,Hamilton ON,QuebecExpress,Standard,Refrigerated,Gold,3,571.0,1324.9,1,0,7.24,56.0,4.4,0.5,Rain,35.4,0.387,1,74.81,7.48,0
SHP-101624,Ottawa ON,Sudbury ON,Contract Owner-Op,Economy,Bulk,Gold,5,176.6,1741.2,3,0,7.04,-20.0,9.4,3.4,Snow,81.4,0.369,2,,7.19,0
SHP-104512,Toronto ON,Toronto ON,QuebecExpress,Standard,General Freight,Bronze,6,804.8,1105.8,0,0,10.65,-20.0,5.9,7.9,Rain,54.6,0.419,0,192.34,10.8,0
SHP-101554,Mississauga ON,Regina SK,Contract Owner-Op,Standard,Hazardous,Bronze,5,553.7,748.6,3,0,8.7,-20.0,3.9,4.4,Clear,44.8,0.412,0,110.18,8.74,0
SHP-102146,Toronto ON,Toronto ON,Contract Owner-Op,Standard,Fragile,Bronze,6,1005.5,131.2,0,0,13.34,3.0,7.5,8.2,Rain,49.7,0.221,1,239.98,12.96,0
SHP-100701,Montreal QC,Regina SK,MapleFreight Fleet,Standard,General Freight,Bronze,8,503.2,2700.5,1,0,7.64,-4.0,6.7,3.6,Rain,48.7,0.0,1,94.21,7.61,0
SHP-101170,Montreal QC,Winnipeg MB,PrairieLine,Standard,General Freight,Silver,12,849.5,803.1,0,0,12.23,59.0,3.7,3.0,Clear,50.0,0.262,1,222.95,10.96,0
SHP-104216,Mississauga ON,Calgary AB,NorthStar Carriers,Standard,General Freight,Silver,5,821.8,930.8,1,0,11.44,32.0,3.5,3.3,,62.9,0.33,0,141.51,11.63,0
SHP-101091,Mississauga ON,Hamilton ON,MapleFreight Fleet,Economy,Refrigerated,Silver,5,1351.9,744.9,2,0,19.96,-7.0,9.6,3.5,Rain,77.0,0.282,1,153.82,22.39,1
SHP-101692,Mississauga ON,Hamilton ON,MapleFreight Fleet,Standard,Hazardous,Silver,5,372.5,480.8,5,1,8.76,37.0,8.5,4.4,Clear,34.2,0.388,3,212.54,7.96,0
SHP-105742,Calgary AB,Toronto ON,MapleFreight Fleet,Standard,Fragile,Gold,5,552.3,445.0,3,0,10.35,16.0,7.0,9.3,,23.0,0.595,0,152.59,9.23,0
SHP-102926,Montreal QC,Hamilton ON,NorthStar Carriers,Express,Fragile,Silver,11,547.3,823.6,5,0,11.56,-20.0,11.1,1.0,Snow,66.3,0.278,1,105.63,10.89,0
SHP-103337,Ottawa ON,Edmonton AB,MapleFreight Fleet,Standard,General Freight,Gold,8,597.7,1456.4,5,0,13.55,-20.0,7.9,14.1,Rain,79.4,0.692,2,126.17,13.61,0
SHP-101299,Ottawa ON,Ottawa ON,MapleFreight Fleet,Economy,Fragile,Silver,9,1272.5,1064.5,3,0,21.15,6.0,5.7,3.3,Clear,63.9,0.157,0,152.01,19.77,0
SHP-104566,London ON,Edmonton AB,NorthStar Carriers,Standard,Bulk,Silver,7,659.9,574.0,0,0,8.58,30.0,0.6,3.6,Clear,46.0,0.513,3,189.43,8.25,0
SHP-102595,Mississauga ON,Regina SK,NorthStar Carriers,Standard,Refrigerated,Silver,11,225.6,230.2,2,1,3.33,3.0,3.5,7.2,Fog,70.5,0.278,3,209.07,3.38,0
SHP-103726,Ottawa ON,Hamilton ON,PrairieLine,Express,General Freight,Bronze,10,931.1,104.5,5,0,16.61,-20.0,3.7,2.8,Clear,76.3,0.361,1,,16.02,0
SHP-104913,Toronto ON,Hamilton ON,MapleFreight Fleet,Economy,Refrigerated,Gold,2,434.2,290.4,0,0,6.38,59.0,3.7,4.1,Rain,44.9,0.133,3,137.99,5.84,0
SHP-103055,Montreal QC,Ottawa ON,NorthStar Carriers,Express,Refrigerated,Gold,12,1188.8,683.3,2,0,18.14,-20.0,7.7,3.1,Clear,73.1,0.126,1,206.42,22.79,1
SHP-101860,London ON,Sudbury ON,MapleFreight Fleet,Economy,General Freight,Silver,3,1150.5,886.3,5,0,21.18,-20.0,7.9,11.8,Clear,63.5,0.586,1,261.56,20.62,0
SHP-100676,Calgary AB,Montreal QC,NorthStar Carriers,Economy,General Freight,Silver,7,324.2,291.2,3,0,9.07,-20.0,7.0,7.8,Fog,76.0,0.788,3,119.52,9.49,0
SHP-101996,Mississauga ON,Edmonton AB,MapleFreight Fleet,Economy,Bulk,Silver,8,1014.5,3206.2,5,0,15.84,32.0,2.5,3.6,Clear,90.2,0.256,0,164.96,20.31,1
SHP-104973,Toronto ON,Quebec City QC,QuebecExpress,Express,Fragile,Gold,7,998.4,1878.8,4,1,16.07,-16.0,5.3,3.9,Clear,60.7,0.545,1,307.68,14.91,0
SHP-105226,London ON,Quebec City QC,PrairieLine,Economy,Fragile,Silver,1,937.9,1196.4,1,0,13.83,-9.0,10.2,0.9,Clear,74.2,0.406,0,217.61,13.88,0
SHP-102467,Ottawa ON,Hamilton ON,NorthStar Carriers,Standard,General Freight,Bronze,8,745.7,152.8,0,0,7.37,50.0,6.2,5.4,Snow,44.5,0.351,0,220.99,7.68,0
SHP-104260,Toronto ON,Montreal QC,NorthStar Carriers,Express,Refrigerated,Silver,11,863.9,1863.1,3,0,15.45,42.0,3.5,6.0,Snow,62.1,0.445,3,181.29,18.68,1
SHP-103068,Ottawa ON,Hamilton ON,NorthStar Carriers,Economy,General Freight,Silver,10,1037.3,874.9,2,0,14.9,48.0,15.4,10.6,Rain,56.6,0.469,2,69.66,17.52,1
SHP-105869,Montreal QC,Ottawa ON,MapleFreight Fleet,Express,General Freight,Silver,11,1194.2,1395.5,2,0,17.67,-20.0,13.9,2.9,Clear,30.6,0.154,1,224.91,17.8,0
SHP-100173,Ottawa ON,Winnipeg MB,MapleFreight Fleet,Standard,Bulk,Gold,6,913.2,1017.3,5,0,15.41,-0.0,2.0,1.3,Rain,47.2,0.34,3,232.53,13.85,0
SHP-103708,Toronto ON,Winnipeg MB,PrairieLine,Standard,Hazardous,Bronze,12,689.7,1203.4,4,0,12.22,79.0,9.4,4.6,Storm,51.8,0.334,3,142.75,15.17,1
SHP-100006,Calgary AB,Regina SK,Contract Owner-Op,Standard,Bulk,Silver,11,1369.8,692.6,4,0,21.35,71.0,6.1,10.6,Rain,66.5,0.242,1,266.61,20.67,0
SHP-104644,Ottawa ON,Winnipeg MB,MapleFreight Fleet,Standard,Fragile,Bronze,3,1024.6,173.5,1,0,13.75,3.0,3.8,7.4,Storm,34.4,0.278,0,117.92,12.82,0
SHP-101483,Toronto ON,Ottawa ON,NorthStar Carriers,Express,General Freight,Bronze,6,389.3,1139.3,2,0,6.53,32.0,1.5,6.4,Snow,63.0,0.264,3,172.23,6.13,0
SHP-100354,Montreal QC,Regina SK,MapleFreight Fleet,Standard,Refrigerated,Silver,3,833.8,1390.2,4,0,16.12,55.0,6.9,5.4,Clear,44.8,0.184,2,254.62,15.72,0
SHP-102061,Toronto ON,Quebec City QC,NorthStar Carriers,Standard,General Freight,Silver,9,1438.1,807.2,1,0,21.22,8.0,1.1,7.9,Clear,69.6,0.55,2,331.24,20.51,0
SHP-103208,Calgary AB,Montreal QC,MapleFreight Fleet,Standard,Refrigerated,Gold,6,441.0,609.9,4,0,11.62,-20.0,17.8,8.3,Clear,67.2,0.269,1,170.76,10.28,0
SHP-103515,London ON,Quebec City QC,MapleFreight Fleet,Standard,Bulk,Bronze,4,602.9,361.2,5,0,11.37,30.0,5.7,5.4,Rain,54.6,0.475,3,82.87,16.28,1
SHP-105808,Calgary AB,Quebec City QC,NorthStar Carriers,Express,General Freight,Silver,9,539.2,153.5,5,0,10.87,26.0,5.9,8.8,Rain,43.8,0.848,2,146.04,11.23,0
SHP-102316,Montreal QC,Winnipeg MB,NorthStar Carriers,Express,Refrigerated,Silver,3,472.4,1229.7,1,0,7.61,77.0,5.6,4.5,Clear,63.7,0.146,1,99.68,6.94,0
SHP-100248,Ottawa ON,Edmonton AB,NorthStar Carriers,Economy,Fragile,Silver,11,178.4,887.4,1,0,2.93,-5.0,2.2,3.6,Clear,78.2,0.554,0,123.57,2.94,0
SHP-103175,Calgary AB,Ottawa ON,QuebecExpress,Standard,Hazardous,Gold,8,1139.4,660.0,3,0,18.64,-2.0,5.5,2.4,Clear,73.4,0.307,0,83.46,18.8,0
SHP-104797,London ON,Toronto ON,MapleFreight Fleet,Economy,Bulk,Bronze,3,695.1,1283.9,1,0,9.78,41.0,22.9,10.5,Clear,100.0,0.12,2,104.42,9.67,0
SHP-101835,Winnipeg MB,Quebec City QC,NorthStar Carriers,Standard,Refrigerated,Bronze,7,1237.4,806.4,1,0,18.1,-9.0,2.8,3.0,Clear,55.6,0.384,0,120.32,17.81,0
SHP-104351,Mississauga ON,Montreal QC,NorthStar Carriers,Standard,Refrigerated,Bronze,6,587.3,679.3,0,0,7.5,34.0,7.5,20.0,Rain,61.7,0.174,1,194.3,7.94,0
SHP-103522,Toronto ON,Edmonton AB,NorthStar Carriers,Standard,Refrigerated,Silver,12,822.1,855.9,4,0,16.34,50.0,1.5,13.9,Clear,93.2,0.829,2,185.3,15.66,0
SHP-105782,Montreal QC,Winnipeg MB,PrairieLine,Economy,Refrigerated,Bronze,2,917.1,1508.6,4,0,15.09,18.0,4.7,2.0,Snow,61.6,0.633,2,215.96,24.09,1
SHP-101283,Montreal QC,Montreal QC,Contract Owner-Op,Economy,General Freight,Silver,7,312.0,2528.9,5,0,6.38,-2.0,7.2,3.0,Clear,40.4,0.414,3,149.12,8.34,1
SHP-105132,Toronto ON,Hamilton ON,NorthStar Carriers,Express,General Freight,Bronze,10,398.5,739.6,4,0,9.42,-13.0,7.5,4.7,Clear,48.1,0.623,2,225.15,12.75,1
SHP-100279,Winnipeg MB,Hamilton ON,Contract Owner-Op,Express,Fragile,Bronze,8,1331.5,697.5,0,0,18.55,64.0,8.3,3.6,Clear,53.9,0.404,0,161.83,27.65,1
SHP-100894,Mississauga ON,Sudbury ON,MapleFreight Fleet,Standard,General Freight,Silver,11,641.8,820.7,3,0,11.93,-18.0,4.6,4.7,Rain,77.0,0.605,3,195.76,16.62,1
SHP-104317,Mississauga ON,Toronto ON,PrairieLine,Express,Refrigerated,Bronze,2,344.8,508.9,4,0,7.44,26.0,8.3,9.7,Clear,76.2,0.505,0,89.55,8.49,1
SHP-105663,Montreal QC,Winnipeg MB,NorthStar Carriers,Standard,General Freight,Silver,9,400.5,811.5,4,0,6.6,57.0,4.6,7.0,Clear,43.3,0.587,1,,6.27,0
SHP-104194,Montreal QC,Hamilton ON,QuebecExpress,Economy,General Freight,Bronze,5,359.1,762.0,0,0,5.24,7.0,14.7,3.3,Clear,74.3,0.558,0,198.37,5.22,0
SHP-100130,Mississauga ON,Toronto ON,MapleFreight Fleet,Express,Bulk,Bronze,5,1774.3,647.3,0,0,26.74,44.0,6.6,7.3,Clear,34.3,0.602,3,212.07,28.34,0
SHP-101632,Toronto ON,Montreal QC,MapleFreight Fleet,Economy,Hazardous,Bronze,10,895.9,689.2,2,0,12.95,64.0,4.4,4.5,Clear,92.0,0.515,1,138.23,12.48,0
SHP-100112,Calgary AB,Ottawa ON,Contract Owner-Op,Express,Refrigerated,Bronze,7,512.6,5044.0,2,0,8.57,13.0,4.3,3.5,Snow,64.1,0.285,0,195.03,12.05,1
SHP-105874,Ottawa ON,Ottawa ON,QuebecExpress,Standard,General Freight,Bronze,12,567.9,930.6,2,0,10.23,47.0,6.6,8.4,Fog,69.8,0.371,2,106.82,10.15,0
SHP-101098,Mississauga ON,Winnipeg MB,NorthStar Carriers,Standard,General Freight,Gold,9,529.4,1877.5,2,0,8.73,65.0,6.2,3.6,Clear,31.6,0.198,3,280.94,9.06,0
SHP-101766,Calgary AB,Quebec City QC,NorthStar Carriers,Economy,Hazardous,Gold,3,673.5,389.8,2,0,10.68,9.0,2.4,1.6,Rain,77.9,0.245,2,114.85,9.95,0
SHP-103137,Ottawa ON,Toronto ON,NorthStar Carriers,Standard,Fragile,Bronze,7,942.2,1840.9,4,1,14.25,11.0,12.4,1.1,Storm,35.8,0.385,0,252.63,17.55,1
SHP-102895,Montreal QC,Hamilton ON,MapleFreight Fleet,Standard,Fragile,Gold,1,864.3,779.9,0,0,12.71,-12.0,8.6,18.8,Snow,48.0,0.593,1,153.25,18.5,1
SHP-100365,Ottawa ON,Hamilton ON,MapleFreight Fleet,Express,Hazardous,Gold,8,319.9,975.4,0,0,3.99,-12.0,20.4,2.5,Clear,47.5,0.337,1,131.98,3.88,0
SHP-104898,Toronto ON,Edmonton AB,MapleFreight Fleet,Standard,Hazardous,Bronze,2,536.9,811.9,2,0,9.57,39.0,23.1,6.4,Clear,50.6,0.883,0,250.02,9.87,0
SHP-105363,Montreal QC,Regina SK,MapleFreight Fleet,Economy,General Freight,Bronze,10,346.2,634.3,3,0,6.08,-20.0,11.8,8.4,Rain,49.4,0.446,3,106.98,6.24,0
SHP-102930,Toronto ON,Ottawa ON,Contract Owner-Op,Standard,General Freight,Silver,11,674.9,177.9,5,0,12.93,-20.0,0.6,10.6,Rain,51.3,0.654,3,206.63,15.15,1
SHP-105924,Montreal QC,Winnipeg MB,MapleFreight Fleet,Standard,Bulk,Bronze,2,164.1,515.3,0,0,1.72,28.0,6.0,4.7,Storm,42.0,0.354,1,170.44,1.63,0
SHP-101959,Calgary AB,Ottawa ON,QuebecExpress,Economy,Bulk,Bronze,10,814.1,512.8,1,0,12.28,75.0,1.8,10.5,Clear,76.6,0.722,1,250.8,12.63,0
SHP-104506,Ottawa ON,Hamilton ON,MapleFreight Fleet,Economy,General Freight,Silver,9,158.3,878.0,3,0,4.33,-12.0,6.9,3.1,Snow,41.8,0.616,1,214.04,4.24,0
SHP-102737,Calgary AB,Sudbury ON,QuebecExpress,Economy,General Freight,Gold,2,937.0,990.5,0,0,13.41,-15.0,5.3,3.9,Fog,7.7,0.231,0,101.33,12.47,0
SHP-102455,Calgary AB,Montreal QC,MapleFreight Fleet,Standard,Refrigerated,Gold,4,713.1,2518.9,1,0,12.2,102.0,9.1,1.8,Storm,46.9,0.346,1,94.18,11.11,0
SHP-100962,Ottawa ON,Toronto ON,QuebecExpress,Standard,General Freight,Bronze,1,1361.4,699.8,1,0,20.2,21.0,0.6,6.0,Rain,49.6,0.676,0,166.04,20.34,0
SHP-100092,Calgary AB,Edmonton AB,NorthStar Carriers,Economy,Fragile,Silver,4,202.3,970.7,0,0,3.14,65.0,5.0,4.2,Clear,70.1,0.319,2,169.46,2.98,0
SHP-102819,Ottawa ON,Montreal QC,MapleFreight Fleet,Economy,General Freight,Bronze,11,576.4,702.5,0,1,7.0,43.0,13.9,2.4,Rain,92.7,0.467,1,351.66,6.94,0
SHP-103014,Montreal QC,Edmonton AB,PrairieLine,Standard,General Freight,Gold,6,396.3,336.7,1,0,6.39,31.0,2.6,4.4,Fog,45.0,0.495,2,183.14,6.21,0
SHP-100190,Toronto ON,Quebec City QC,QuebecExpress,Standard,Bulk,Silver,11,1131.8,990.5,0,0,17.06,-2.0,,1.4,Snow,42.2,0.774,1,162.6,17.12,0
SHP-105781,Winnipeg MB,Ottawa ON,MapleFreight Fleet,Standard,General Freight,Silver,1,350.1,1900.6,4,0,9.47,-20.0,14.3,2.7,Snow,80.7,0.668,1,131.68,8.95,0
SHP-102201,Montreal QC,Hamilton ON,MapleFreight Fleet,Standard,General Freight,Silver,9,173.5,730.8,3,0,4.65,-20.0,0.5,6.5,Clear,88.8,0.624,2,215.69,4.46,0
SHP-105530,Toronto ON,Edmonton AB,QuebecExpress,Economy,General Freight,Bronze,4,193.6,991.7,3,0,4.77,47.0,6.8,7.5,Rain,31.8,0.651,2,295.15,7.35,1
SHP-101018,Montreal QC,Regina SK,MapleFreight Fleet,Express,General Freight,Gold,3,377.0,542.6,0,0,5.56,27.0,6.6,3.2,Clear,42.1,0.547,2,129.16,5.07,0
SHP-103300,Mississauga ON,Winnipeg MB,NorthStar Carriers,Standard,General Freight,Bronze,5,780.1,1737.3,5,0,13.18,81.0,1.1,2.8,Snow,63.1,0.673,3,,15.13,1
SHP-102748,Toronto ON,Winnipeg MB,MapleFreight Fleet,Standard,Bulk,Gold,2,338.9,749.0,2,0,7.5,-20.0,7.8,5.1,Rain,30.4,0.607,0,312.49,6.96,0
SHP-104510,Mississauga ON,Sudbury ON,MapleFreight Fleet,Standard,General Freight,Bronze,11,753.6,1345.0,4,0,12.51,1.0,0.6,5.3,Clear,63.9,0.008,4,259.93,12.69,0
SHP-105190,Calgary AB,Quebec City QC,QuebecExpress,Standard,Refrigerated,Silver,5,210.3,556.1,0,0,1.44,12.0,2.1,4.8,Rain,17.7,0.518,1,203.89,1.29,0
SHP-104405,Montreal QC,Winnipeg MB,NorthStar Carriers,Standard,Fragile,Gold,11,168.4,375.5,2,0,2.04,-20.0,1.9,10.5,Clear,81.3,0.423,0,144.1,2.16,0
SHP-103861,Mississauga ON,Sudbury ON,QuebecExpress,Standard,General Freight,Silver,10,461.6,1144.7,1,0,6.91,3.0,9.0,7.2,Clear,80.7,0.308,2,176.39,7.79,1
SHP-100857,Ottawa ON,Winnipeg MB,QuebecExpress,Economy,General Freight,Bronze,5,506.8,1198.6,1,0,8.53,25.0,2.4,8.1,Clear,48.3,0.801,1,125.37,7.52,0
SHP-100874,London ON,Ottawa ON,MapleFreight Fleet,Economy,Bulk,Silver,1,741.6,992.7,2,0,9.89,-5.0,5.8,2.1,Clear,53.0,0.319,2,273.82,10.08,0
SHP-105323,Winnipeg MB,Regina SK,MapleFreight Fleet,Standard,General Freight,Silver,9,246.6,675.0,1,0,2.45,45.0,,3.5,Clear,28.4,1.0,0,161.47,2.33,0
SHP-105489,Toronto ON,Winnipeg MB,MapleFreight Fleet,Standard,General Freight,Silver,9,732.7,562.8,3,0,12.75,0.0,12.4,17.2,Rain,54.7,0.41,1,196.9,13.1,0
SHP-103664,Toronto ON,Montreal QC,MapleFreight Fleet,Express,Bulk,Silver,7,301.4,180.1,4,0,6.05,47.0,1.3,9.2,Fog,31.0,0.384,1,124.45,6.22,0
SHP-104283,Calgary AB,Calgary AB,MapleFreight Fleet,Economy,General Freight,Gold,9,490.2,254.3,3,0,9.25,-18.0,10.7,9.2,Clear,67.1,0.271,5,173.78,8.9,0
SHP-105313,Mississauga ON,Ottawa ON,MapleFreight Fleet,Economy,General Freight,Bronze,1,388.7,1439.8,4,0,9.56,39.0,,2.4,Rain,57.9,0.451,0,190.6,8.52,0
SHP-102905,Mississauga ON,Winnipeg MB,QuebecExpress,Standard,General Freight,Silver,7,429.6,1588.2,0,0,5.96,80.0,3.8,9.2,Fog,54.5,0.344,0,304.12,6.19,0
SHP-100184,Montreal QC,Ottawa ON,QuebecExpress,Express,Refrigerated,Silver,12,896.0,1284.5,5,0,18.62,56.0,15.8,11.6,Clear,67.0,0.488,3,316.65,27.93,1
SHP-101723,Winnipeg MB,Hamilton ON,MapleFreight Fleet,Standard,General Freight,Gold,12,889.4,245.7,4,0,16.34,22.0,1.5,12.5,Snow,44.0,0.453,1,209.3,21.48,1
SHP-101770,Winnipeg MB,Quebec City QC,MapleFreight Fleet,Express,Fragile,Bronze,2,486.7,1598.9,4,0,8.29,4.0,26.0,8.1,Snow,48.5,0.129,0,99.19,8.33,0
SHP-101990,London ON,Toronto ON,QuebecExpress,Standard,General Freight,Bronze,10,1616.7,341.4,2,0,23.83,60.0,4.9,2.9,Snow,39.5,0.436,1,224.04,32.19,1
SHP-102993,Ottawa ON,Sudbury ON,PrairieLine,Standard,Bulk,Bronze,5,783.2,550.7,5,0,14.1,64.0,9.8,2.2,Clear,62.6,0.67,0,228.42,13.34,0
SHP-103910,Calgary AB,Winnipeg MB,MapleFreight Fleet,Express,Refrigerated,Silver,12,355.7,1060.2,5,0,8.92,-20.0,2.4,0.2,Clear,68.3,0.268,0,132.68,8.12,0
SHP-103183,Toronto ON,Calgary AB,MapleFreight Fleet,Standard,General Freight,Silver,1,267.6,613.7,1,1,5.53,-15.0,2.0,7.1,Snow,59.4,0.433,1,30.0,4.99,0
SHP-102828,Ottawa ON,Regina SK,MapleFreight Fleet,Economy,Bulk,Gold,5,601.2,519.0,3,0,10.56,9.0,4.2,9.0,Fog,63.8,0.05,4,334.37,9.9,0
SHP-104701,Mississauga ON,Sudbury ON,NorthStar Carriers,standard,Fragile,Silver,8,923.4,706.5,5,0,17.42,60.0,5.5,2.9,Clear,43.7,0.441,1,196.45,15.52,0
SHP-105820,London ON,Regina SK,PrairieLine,Standard,Hazardous,Silver,9,539.5,145.1,3,0,10.02,-20.0,4.1,9.5,Clear,33.5,0.851,0,203.82,9.67,0
SHP-104767,London ON,Calgary AB,QuebecExpress,Express,Hazardous,Silver,9,447.0,742.8,4,0,9.91,33.0,9.4,5.3,Rain,49.7,0.37,1,129.34,10.42,0
SHP-104670,Toronto ON,Quebec City QC,PrairieLine,Standard,Fragile,Gold,8,468.4,1367.9,3,1,9.67,49.0,9.9,2.6,Snow,49.5,0.304,1,170.06,8.82,0
SHP-103621,London ON,Edmonton AB,MapleFreight Fleet,Standard,General Freight,Bronze,3,1136.2,690.3,1,0,17.1,52.0,15.0,4.5,Clear,83.1,0.578,1,178.69,15.08,0
SHP-105405,Toronto ON,Montreal QC,Contract Owner-Op,Standard,Refrigerated,Gold,11,258.7,408.0,5,0,5.47,43.0,0.8,6.5,Clear,82.1,0.577,2,126.71,8.66,1
SHP-101786,Mississauga ON,Edmonton AB,MapleFreight Fleet,Express,General Freight,Bronze,3,598.9,1334.4,5,0,10.22,-9.0,2.7,19.4,Rain,22.2,0.35,2,144.2,9.76,0
SHP-101080,London ON,Winnipeg MB,NorthStar Carriers,Express,Refrigerated,Gold,7,399.5,642.5,5,0,10.91,18.0,4.7,4.0,Clear,46.3,0.589,1,213.67,11.02,0
SHP-101748,Calgary AB,Edmonton AB,MapleFreight Fleet,Standard,Refrigerated,Bronze,2,791.5,1107.9,3,0,13.27,74.0,7.9,6.1,Rain,56.6,0.243,1,166.93,11.81,0
SHP-101161,Calgary AB,Sudbury ON,MapleFreight Fleet,Standard,Fragile,Bronze,6,1124.7,906.4,3,0,18.21,-14.0,3.8,14.3,Clear,68.4,0.246,0,194.99,19.3,0
SHP-103859,Toronto ON,Toronto ON,PrairieLine,Standard,Bulk,Silver,7,516.4,369.7,5,0,9.08,71.0,7.8,2.6,Fog,83.4,0.342,1,228.93,12.42,1
SHP-104202,Toronto ON,Toronto ON,MapleFreight Fleet,Economy,Fragile,Silver,12,298.5,930.0,5,1,5.24,-9.0,7.8,3.5,Clear,72.1,0.28,2,125.75,4.67,0
SHP-104118,Toronto ON,Sudbury ON,MapleFreight Fleet,Express,Fragile,Silver,6,564.6,1362.8,0,0,6.82,-16.0,4.6,7.3,Snow,38.5,0.321,2,308.06,6.69,0
SHP-103995,Ottawa ON,Calgary AB,NorthStar Carriers,Standard,General Freight,Gold,5,825.8,919.3,4,0,13.17,26.0,,5.3,Rain,52.2,0.647,2,139.6,15.84,1
SHP-101597,Ottawa ON,Regina SK,MapleFreight Fleet,Express,General Freight,Gold,11,1207.6,1195.2,5,0,20.23,0.0,7.6,8.9,Fog,77.8,0.405,2,192.99,26.4,1
SHP-103107,Ottawa ON,Edmonton AB,MapleFreight Fleet,Economy,Fragile,Bronze,10,880.5,927.0,4,1,14.34,22.0,7.3,3.4,Clear,41.9,0.303,2,236.53,14.78,0
SHP-104092,Montreal QC,Ottawa ON,MapleFreight Fleet,Express,General Freight,Silver,9,294.3,2282.9,2,0,5.17,55.0,0.2,5.2,Fog,40.8,0.601,2,214.14,4.73,0
SHP-103363,Calgary AB,Calgary AB,NorthStar Carriers,Express,General Freight,Bronze,2,648.2,658.7,0,0,8.44,-20.0,10.6,4.2,Snow,48.4,0.608,3,,7.97,0
SHP-105454,Calgary AB,Montreal QC,MapleFreight Fleet,Standard,Refrigerated,Bronze,4,1329.8,184.3,0,0,18.98,8.0,10.5,8.3,Clear,58.3,0.483,2,244.79,17.51,0
SHP-103880,Ottawa ON,Regina SK,NorthStar Carriers,Standard,Bulk,Bronze,12,951.7,1738.2,4,1,15.35,-3.0,10.6,3.4,Rain,24.7,0.436,2,197.25,18.96,1
SHP-104931,Ottawa ON,Toronto ON,PrairieLine,Standard,Refrigerated,Silver,6,271.7,2087.2,0,1,5.9,27.0,0.5,6.7,Fog,43.8,0.502,0,199.14,5.44,0
SHP-100652,Toronto ON,Edmonton AB,Contract Owner-Op,Standard,Bulk,Silver,7,768.8,1965.3,1,0,11.21,35.0,2.5,10.3,Clear,24.0,0.378,0,198.99,10.39,0
SHP-105138,Calgary AB,Montreal QC,QuebecExpress,Standard,General Freight,Silver,11,394.3,1036.1,5,0,8.88,6.0,7.1,2.8,Clear,56.0,0.352,1,109.59,9.31,0
SHP-105680,Ottawa ON,Toronto ON,MapleFreight Fleet,Standard,Fragile,Silver,6,284.3,202.9,0,0,2.87,-20.0,1.9,1.4,Snow,5.0,0.472,4,47.33,2.79,0
SHP-103936,London ON,Montreal QC,MapleFreight Fleet,Standard,General Freight,Silver,3,743.8,1872.4,3,0,12.17,-8.0,2.7,1.8,Rain,44.3,0.361,1,109.47,12.4,0
SHP-104806,Ottawa ON,Edmonton AB,PrairieLine,Express,Refrigerated,Gold,2,679.4,398.4,2,0,11.96,3.0,6.9,3.6,Fog,52.2,0.55,2,217.0,11.02,0
SHP-101809,Calgary AB,Regina SK,MapleFreight Fleet,Express,General Freight,Silver,3,817.2,2303.6,1,1,11.31,44.0,7.2,2.0,,78.2,0.0,2,179.44,10.35,0
SHP-104545,Mississauga ON,Calgary AB,NorthStar Carriers,Express,Refrigerated,Bronze,5,781.5,1086.2,5,0,13.59,-13.0,3.0,2.9,Clear,43.0,0.523,2,99.14,13.09,0
SHP-104475,Toronto ON,Toronto ON,MapleFreight Fleet,Economy,General Freight,Silver,7,488.7,728.4,1,1,7.87,11.0,11.2,3.8,Rain,89.6,0.598,1,103.04,8.24,0
SHP-104153,Calgary AB,Winnipeg MB,PrairieLine,Standard,Fragile,Silver,12,437.4,369.0,3,0,8.09,33.0,7.4,0.8,Clear,72.7,0.679,1,247.25,9.72,1
SHP-101363,Ottawa ON,Quebec City QC,MapleFreight Fleet,Standard,General Freight,Silver,9,363.2,54.3,1,0,5.12,34.0,5.8,5.9,Rain,62.1,0.439,1,244.8,5.2,0
SHP-101427,Toronto ON,Montreal QC,NorthStar Carriers,Express,General Freight,Bronze,2,316.9,337.2,2,0,5.82,58.0,1.2,5.3,Clear,73.9,0.615,2,239.27,5.78,0
SHP-104551,Mississauga ON,Montreal QC,NorthStar Carriers,Standard,Refrigerated,Bronze,6,494.6,276.9,0,1,7.38,-16.0,9.7,1.5,Fog,66.7,0.194,1,92.91,7.76,0
SHP-105682,Calgary AB,Sudbury ON,MapleFreight Fleet,Standard,Refrigerated,Bronze,11,357.8,487.1,2,1,4.31,-20.0,2.1,4.1,Clear,57.3,0.544,0,147.84,4.0,0
SHP-103916,Toronto ON,Quebec City QC,NorthStar Carriers,economy,Refrigerated,Silver,8,1017.0,983.2,0,0,15.22,29.0,11.6,7.1,Clear,38.8,0.157,1,215.39,14.01,0
SHP-100449,Montreal QC,Montreal QC,MapleFreight Fleet,standard,General Freight,Silver,12,1722.0,737.4,2,0,24.59,-13.0,3.7,8.0,Clear,33.1,0.0,2,269.41,35.42,1
SHP-103475,Toronto ON,Regina SK,QuebecExpress,Express,General Freight,Bronze,9,476.2,3004.9,0,1,5.39,106.0,3.0,10.7,Clear,23.6,0.448,1,193.34,5.53,0
SHP-103900,Montreal QC,Quebec City QC,NorthStar Carriers,Express,General Freight,Bronze,5,853.6,671.0,4,0,13.63,80.0,12.0,5.5,Clear,65.0,0.393,1,119.21,14.41,0
SHP-101462,Montreal QC,Calgary AB,Contract Owner-Op,Standard,General Freight,Bronze,5,642.3,1499.7,3,0,12.14,30.0,7.3,5.7,Clear,27.3,0.615,0,170.48,11.6,0
SHP-103719,Mississauga ON,Montreal QC,MapleFreight Fleet,Standard,Fragile,Silver,11,410.1,941.4,4,0,8.49,17.0,5.5,3.8,Clear,38.2,0.414,0,117.64,8.17,0
SHP-100238,Toronto ON,Quebec City QC,MapleFreight Fleet,Economy,General Freight,Bronze,2,566.5,790.9,2,0,9.93,6.0,9.1,15.7,Snow,35.8,0.425,2,,11.83,1
SHP-102784,Toronto ON,Montreal QC,MapleFreight Fleet,Standard,General Freight,Bronze,4,544.8,1283.5,3,0,11.39,53.0,8.4,3.6,Clear,27.1,0.267,0,167.84,11.86,0
SHP-103960,Mississauga ON,Montreal QC,NorthStar Carriers,Economy,Fragile,Silver,7,873.2,2314.4,5,0,16.21,50.0,3.7,2.9,Rain,50.6,0.501,1,206.81,16.98,0
SHP-103882,Montreal QC,Montreal QC,MapleFreight Fleet,Standard,Refrigerated,Silver,4,1619.9,932.5,5,0,23.67,20.0,0.4,2.8,Storm,28.2,0.704,2,131.33,31.86,1
SHP-102072,Toronto ON,Hamilton ON,MapleFreight Fleet,Express,Refrigerated,Silver,4,741.5,581.3,5,0,14.39,54.0,12.8,7.3,Clear,77.9,0.137,1,179.18,12.74,0
SHP-103373,Winnipeg MB,Edmonton AB,MapleFreight Fleet,Economy,Fragile,Gold,10,559.9,589.7,3,1,11.8,25.0,2.4,13.2,Fog,86.2,0.228,2,202.71,14.94,1
SHP-101379,London ON,Toronto ON,MapleFreight Fleet,Standard,Bulk,Bronze,4,1432.4,481.7,2,0,21.66,48.0,7.9,14.3,Clear,71.1,0.241,2,,22.88,0
SHP-103487,Montreal QC,Sudbury ON,Contract Owner-Op,Standard,General Freight,Silver,5,834.6,663.7,5,0,15.56,-15.0,2.1,11.1,Clear,38.0,0.552,2,170.01,14.18,0
SHP-101008,Toronto ON,Hamilton ON,MapleFreight Fleet,Express,General Freight,Bronze,7,752.0,418.3,3,0,12.34,-20.0,2.0,0.4,Clear,24.5,0.298,1,215.41,12.08,0
SHP-105328,Toronto ON,Quebec City QC,PrairieLine,Express,General Freight,Bronze,2,558.7,602.6,2,0,8.97,80.0,7.0,6.9,Rain,39.1,0.332,1,204.59,8.29,0
SHP-103901,Montreal QC,Regina SK,PrairieLine,Standard,Fragile,Silver,11,270.5,1592.2,0,0,1.77,52.0,4.4,4.9,Clear,52.7,0.122,2,129.51,1.68,0
SHP-103075,Montreal QC,Regina SK,NorthStar Carriers,Standard,Hazardous,Bronze,8,544.2,884.7,4,0,10.53,-2.0,2.5,4.0,Clear,75.8,0.328,0,194.91,10.15,0
SHP-103052,Ottawa ON,Quebec City QC,MapleFreight Fleet,Express,Fragile,Silver,4,1275.4,763.2,1,0,16.97,58.0,1.4,1.8,Rain,75.8,0.585,0,157.87,17.63,0
SHP-100654,Mississauga ON,Montreal QC,MapleFreight Fleet,Express,Fragile,Silver,12,492.4,2083.3,1,0,8.3,17.0,1.6,11.5,Clear,68.6,0.427,3,134.04,8.27,0
SHP-101291,Montreal QC,Calgary AB,MapleFreight Fleet,Economy,Fragile,Silver,2,859.2,586.6,4,0,12.82,-8.0,6.3,6.3,Rain,44.4,0.59,2,119.43,11.65,0
SHP-100515,Calgary AB,Ottawa ON,PrairieLine,Standard,Fragile,Bronze,7,453.8,950.7,0,0,5.41,32.0,4.9,3.1,Rain,55.3,0.268,1,288.49,5.4,0
SHP-104417,Mississauga ON,Edmonton AB,PrairieLine,Standard,General Freight,Bronze,9,1172.9,531.7,5,0,18.4,-20.0,3.5,6.4,Clear,41.4,0.572,3,193.0,18.0,0
SHP-105477,Toronto ON,Sudbury ON,PrairieLine,Standard,Refrigerated,Silver,8,362.1,1210.3,3,0,7.66,71.0,7.3,3.9,Clear,31.2,0.557,4,97.49,6.76,0
SHP-102172,London ON,Montreal QC,PrairieLine,Standard,Refrigerated,Bronze,9,665.5,2868.6,3,0,12.93,65.0,13.9,5.2,Clear,53.7,0.287,4,156.19,20.66,1
SHP-103420,Toronto ON,Winnipeg MB,NorthStar Carriers,Standard,Hazardous,Silver,1,519.9,427.3,5,0,9.39,3.0,9.1,6.8,Rain,49.5,0.692,1,169.32,8.58,0
SHP-104668,Toronto ON,Montreal QC,MapleFreight Fleet,Express,Refrigerated,Gold,3,1201.3,1839.5,2,0,17.05,20.0,,4.0,Snow,52.8,0.444,1,208.58,16.24,0
SHP-104775,Winnipeg MB,Regina SK,NorthStar Carriers,Express,Bulk,Bronze,5,729.6,996.1,0,0,10.76,-1.0,4.6,4.2,Clear,55.5,0.749,1,56.86,9.64,0
SHP-100076,Calgary AB,Winnipeg MB,Contract Owner-Op,Express,General Freight,Silver,1,379.0,115.5,2,0,5.14,-20.0,8.4,2.9,Clear,64.7,0.437,0,215.38,5.03,0
SHP-103270,Montreal QC,Calgary AB,PrairieLine,Standard,Hazardous,Silver,9,540.6,802.0,4,0,9.41,32.0,9.1,2.6,Clear,69.2,0.368,1,307.09,14.47,1
SHP-100047,Toronto ON,Toronto ON,NorthStar Carriers,Standard,General Freight,Bronze,7,567.8,733.6,5,0,13.31,42.0,6.0,13.2,Rain,68.4,0.66,3,231.76,12.32,0
SHP-100250,Mississauga ON,Sudbury ON,PrairieLine,Express,Refrigerated,Bronze,2,1312.8,661.8,0,0,18.33,9.0,2.3,5.4,Rain,36.0,0.417,6,,16.41,0
SHP-100807,London ON,Edmonton AB,MapleFreight Fleet,Economy,Bulk,Bronze,10,1498.9,639.7,1,0,22.12,39.0,15.8,2.7,Clear,52.7,0.588,1,117.44,21.43,0
SHP-100044,Calgary AB,Ottawa ON,QuebecExpress,Standard,General Freight,Bronze,5,200.9,896.5,2,0,5.64,12.0,13.4,1.0,Clear,70.7,0.597,6,180.34,5.02,0
SHP-104932,London ON,Ottawa ON,NorthStar Carriers,Standard,Refrigerated,Silver,12,549.9,1429.4,5,0,13.3,-15.0,4.4,2.8,Clear,41.8,0.525,1,162.43,13.63,0
SHP-101807,Mississauga ON,Hamilton ON,MapleFreight Fleet,Economy,Fragile,Bronze,8,457.1,76.3,2,0,8.25,-12.0,1.0,11.6,Rain,47.2,0.614,6,206.14,8.26,0
SHP-102202,Mississauga ON,Toronto ON,MapleFreight Fleet,Express,Hazardous,Silver,6,1170.5,1121.7,3,1,17.59,13.0,6.5,5.1,,69.9,0.101,1,127.25,23.56,1
SHP-101472,Ottawa ON,Quebec City QC,NorthStar Carriers,Economy,General Freight,Silver,4,598.1,805.4,3,0,11.69,17.0,19.1,1.7,Clear,48.7,0.658,1,169.17,10.89,0
SHP-101701,Toronto ON,Calgary AB,MapleFreight Fleet,Standard,General Freight,Bronze,1,1106.0,671.1,1,0,15.06,-17.0,,4.2,Clear,69.2,0.39,0,100.15,15.22,0
SHP-100340,Toronto ON,Hamilton ON,MapleFreight Fleet,Standard,General Freight,Silver,3,704.1,1008.3,5,0,14.41,-20.0,11.5,3.9,Rain,57.0,0.388,4,189.49,13.34,0
SHP-100922,Mississauga ON,Regina SK,MapleFreight Fleet,Standard,General Freight,Silver,12,711.0,442.5,4,0,14.35,90.0,4.6,3.3,Snow,41.3,0.259,4,148.85,17.61,1
SHP-105040,Calgary AB,Montreal QC,NorthStar Carriers,Economy,General Freight,Silver,9,1422.5,809.9,2,0,20.55,17.0,3.6,2.2,Clear,57.6,0.138,2,116.52,19.21,0
SHP-101619,Montreal QC,Winnipeg MB,NorthStar Carriers,Standard,Hazardous,Gold,7,258.2,654.4,2,0,3.07,37.0,5.4,3.8,Clear,43.7,0.639,1,238.65,2.74,0
SHP-101497,Toronto ON,Regina SK,Contract Owner-Op,Standard,General Freight,Silver,5,358.5,814.1,1,0,5.97,37.0,6.6,5.9,Fog,41.0,0.791,1,112.48,5.46,0
SHP-105595,Toronto ON,Montreal QC,MapleFreight Fleet,Standard,Fragile,Bronze,11,725.3,480.7,0,0,11.57,7.0,13.3,2.3,Rain,42.9,0.664,0,205.37,10.29,0
SHP-105981,Mississauga ON,Calgary AB,PrairieLine,Express,General Freight,Gold,10,1146.9,753.0,2,1,15.77,-20.0,8.1,9.9,Clear,50.9,0.333,3,162.12,14.04,0
SHP-104448,London ON,Regina SK,NorthStar Carriers,Express,General Freight,Bronze,4,424.8,385.5,0,0,7.43,43.0,2.7,7.3,Clear,58.9,0.413,1,112.16,6.72,0
SHP-104988,Ottawa ON,Montreal QC,NorthStar Carriers,Standard,Refrigerated,Gold,11,667.8,918.4,5,0,11.83,108.0,4.8,5.5,Clear,92.4,0.759,0,215.42,10.9,0
SHP-101126,Winnipeg MB,Toronto ON,MapleFreight Fleet,Standard,Refrigerated,Silver,2,629.5,54.0,0,0,8.51,65.0,,2.8,Snow,53.2,0.368,3,292.99,8.74,0
SHP-101732,London ON,Quebec City QC,MapleFreight Fleet,Express,General Freight,Silver,11,904.0,1516.2,3,0,13.9,39.0,6.3,5.5,Clear,35.2,0.0,1,227.78,13.42,0
SHP-102711,Mississauga ON,Quebec City QC,MapleFreight Fleet,Standard,General Freight,Gold,7,368.0,738.4,3,0,7.83,32.0,5.9,3.7,Clear,70.7,0.565,5,226.44,7.62,0
SHP-103627,Montreal QC,Quebec City QC,NorthStar Carriers,Standard,Hazardous,Silver,5,292.3,928.5,3,0,4.62,129.0,10.7,6.8,Rain,48.1,0.606,0,157.54,4.77,0
SHP-103620,Mississauga ON,Ottawa ON,NorthStar Carriers,Standard,General Freight,Silver,1,282.6,2041.3,1,0,4.34,-11.0,4.7,2.7,Storm,52.7,0.696,0,266.46,3.87,0
SHP-102605,Ottawa ON,Toronto ON,NorthStar Carriers,Express,General Freight,Bronze,11,1200.8,893.3,1,0,16.98,15.0,1.5,7.1,Rain,75.3,0.491,1,95.04,17.8,0
SHP-105158,Toronto ON,Regina SK,MapleFreight Fleet,Standard,Hazardous,Silver,2,662.1,698.3,4,0,12.53,-20.0,5.3,6.7,Clear,51.7,0.68,2,152.82,18.98,1
SHP-105207,London ON,Sudbury ON,PrairieLine,Standard,General Freight,Silver,3,510.0,639.0,5,0,11.97,-20.0,0.4,8.2,Clear,33.8,0.667,2,148.01,11.0,0
SHP-102849,London ON,Quebec City QC,MapleFreight Fleet,Standard,General Freight,Silver,8,825.2,1121100.0,5,0,12.57,18.0,0.8,1.0,Clear,55.2,0.399,1,221.56,17.97,1
SHP-100061,Ottawa ON,Regina SK,NorthStar Carriers,Express,General Freight,Bronze,12,913.0,1653.4,0,1,12.05,20.0,6.7,4.3,Clear,50.0,0.394,1,197.95,10.67,0
SHP-100075,Toronto ON,Hamilton ON,Contract Owner-Op,Standard,General Freight,Gold,8,510.5,377.8,5,1,7.87,25.0,6.6,4.6,Clear,34.1,0.695,1,236.23,7.72,0
SHP-103088,Winnipeg MB,Regina SK,NorthStar Carriers,Standard,Fragile,Gold,4,341.0,590.0,1,0,6.9,52.0,11.4,3.1,Storm,39.9,0.426,2,151.57,7.28,0
SHP-103384,Montreal QC,Toronto ON,MapleFreight Fleet,Express,Fragile,Bronze,6,375.6,1903.5,3,0,8.93,15.0,11.1,5.3,Clear,54.1,0.586,1,175.96,8.75,0
SHP-101515,Mississauga ON,Sudbury ON,MapleFreight Fleet,Standard,General Freight,Bronze,2,275.8,104.0,2,0,3.44,8.0,7.9,2.6,Fog,29.7,0.446,2,130.8,3.51,0
SHP-104061,Toronto ON,Quebec City QC,Contract Owner-Op,Standard,Refrigerated,Bronze,9,810.5,442.2,4,0,13.11,6.0,6.7,6.0,Rain,17.2,0.336,3,130.55,11.6,0
SHP-100472,Mississauga ON,Quebec City QC,QuebecExpress,Express,General Freight,Bronze,6,662.9,1123.8,5,0,13.63,11.0,3.8,1.9,Rain,45.9,0.624,2,259.32,13.25,0
SHP-101620,Ottawa ON,Edmonton AB,PrairieLine,Standard,General Freight,Bronze,5,1214.4,936.2,1,0,19.18,49.0,3.1,3.5,Rain,38.8,0.565,1,198.91,24.01,1
SHP-105224,Montreal QC,Hamilton ON,NorthStar Carriers,Economy,Hazardous,Gold,9,1231.5,933.4,4,0,20.44,80.0,,7.9,Fog,49.5,0.474,2,185.69,27.65,1
SHP-103296,Montreal QC,Sudbury ON,Contract Owner-Op,Standard,General Freight,Silver,8,413.0,1030.8,2,1,6.47,-20.0,22.4,8.1,Clear,98.1,0.646,1,228.41,9.82,1
SHP-103258,Montreal QC,Quebec City QC,Contract Owner-Op,Standard,Hazardous,Silver,2,401.4,882.6,1,0,8.17,34.0,2.2,1.0,Snow,68.4,0.668,0,195.73,7.63,0
SHP-102837,Toronto ON,Edmonton AB,QuebecExpress,Standard,General Freight,Silver,10,869.4,539.7,1,0,14.22,56.0,0.9,1.7,Clear,36.7,0.337,1,197.83,18.04,1
SHP-101647,Montreal QC,Regina SK,PrairieLine,Economy,General Freight,Bronze,7,325.0,107.0,3,0,4.11,31.0,0.7,9.6,Rain,45.2,0.49,2,169.04,3.62,0
SHP-101047,Toronto ON,Toronto ON,MapleFreight Fleet,Standard,Hazardous,Gold,7,1339.0,30.0,3,0,20.89,48.0,1.7,10.8,Rain,46.9,0.62,1,218.48,27.97,1
SHP-104458,Ottawa ON,Sudbury ON,MapleFreight Fleet,standard,Refrigerated,Silver,3,518.7,942.3,0,1,10.41,-5.0,3.4,1.5,Rain,,0.325,0,223.23,10.69,0
SHP-101337,Ottawa ON,Toronto ON,NorthStar Carriers,Standard,General Freight,Bronze,1,261.2,803.6,2,0,4.73,33.0,1.6,4.1,Rain,27.4,0.472,2,166.93,4.45,0
SHP-103025,London ON,Sudbury ON,PrairieLine,Standard,Fragile,Silver,10,452.7,795.0,0,0,4.53,-4.0,6.3,4.5,Clear,36.7,0.324,1,321.6,4.55,0
SHP-100088,Mississauga ON,Edmonton AB,Contract Owner-Op,Economy,General Freight,Bronze,9,797.0,576.9,1,0,13.13,24.0,7.2,1.9,Snow,54.7,0.516,3,65.82,16.59,1
SHP-102292,Montreal QC,Sudbury ON,NorthStar Carriers,Standard,General Freight,Bronze,3,1157.5,72.2,2,0,18.77,-20.0,5.6,4.4,Clear,50.1,0.308,1,34.19,17.67,0
SHP-105133,Toronto ON,Winnipeg MB,NorthStar Carriers,Express,General Freight,Silver,3,932.5,423.2,5,0,16.12,-20.0,4.4,6.4,Rain,46.0,0.341,2,184.42,24.4,1
SHP-101022,Mississauga ON,Sudbury ON,MapleFreight Fleet,Express,General Freight,Bronze,11,926.5,729.0,4,0,15.05,43.0,1.1,8.6,Rain,60.5,1.0,2,173.21,23.58,1
SHP-101596,Calgary AB,Quebec City QC,QuebecExpress,Express,General Freight,Bronze,12,329.1,1279.2,0,1,7.08,20.0,10.5,5.1,Clear,52.8,0.508,1,191.52,7.43,0
SHP-102870,Toronto ON,Toronto ON,Contract Owner-Op,Standard,Hazardous,Bronze,6,660.4,650.8,2,0,9.86,93.0,7.4,9.6,Fog,70.9,0.887,2,160.14,14.75,1
SHP-102527,Winnipeg MB,Quebec City QC,NorthStar Carriers,Express,General Freight,Bronze,11,625.1,314.1,5,0,13.14,36.0,1.2,2.7,Clear,75.8,0.761,1,223.01,12.57,0
SHP-100270,Calgary AB,Quebec City QC,MapleFreight Fleet,Economy,Hazardous,Gold,12,410.5,937.8,4,0,6.59,-20.0,1.3,4.2,Clear,57.7,0.0,0,143.19,9.65,1
SHP-100792,Toronto ON,Ottawa ON,MapleFreight Fleet,Express,General Freight,Bronze,4,573.5,823.8,5,0,12.92,37.0,10.3,4.0,Clear,52.6,0.394,0,107.44,12.35,0
SHP-103080,Toronto ON,Calgary AB,QuebecExpress,Economy,Fragile,Silver,7,623.6,1143.9,3,0,9.35,-20.0,5.6,2.2,Rain,47.9,0.41,1,160.96,8.24,0
SHP-103808,Mississauga ON,Edmonton AB,Contract Owner-Op,Standard,Refrigerated,Silver,12,450.7,2061.3,4,0,9.26,57.0,10.4,5.5,Rain,80.9,0.489,1,208.93,12.82,1
SHP-101056,Mississauga ON,Quebec City QC,MapleFreight Fleet,Standard,Refrigerated,Gold,6,460.3,1042.5,3,0,8.02,-2.0,7.3,6.4,Fog,63.9,0.662,2,165.67,7.19,0
SHP-100641,Mississauga ON,Quebec City QC,MapleFreight Fleet,Express,General Freight,Silver,5,843.1,1332200.0,0,0,12.6,44.0,8.4,7.9,Rain,66.8,0.227,0,111.54,11.57,0
SHP-100941,Montreal QC,Quebec City QC,Contract Owner-Op,Standard,Hazardous,Silver,1,343.3,1305.8,3,0,5.67,-20.0,10.2,5.9,Rain,60.1,0.664,1,263.39,5.19,0
SHP-104709,Mississauga ON,Quebec City QC,NorthStar Carriers,Standard,Bulk,Silver,6,877.5,1828.0,4,0,14.83,23.0,7.0,5.9,Clear,26.6,0.717,0,208.33,14.28,0
SHP-105677,Winnipeg MB,Edmonton AB,QuebecExpress,Standard,Bulk,Bronze,6,474.4,529.9,1,0,4.94,-20.0,7.8,6.0,Rain,79.4,0.102,3,178.37,4.44,0
SHP-101676,Toronto ON,Ottawa ON,QuebecExpress,Standard,Refrigerated,Gold,7,545.6,971.7,5,0,11.0,36.0,4.2,11.8,Storm,56.0,0.544,1,102.0,9.97,0
SHP-101130,Toronto ON,Regina SK,QuebecExpress,Standard,Fragile,Silver,8,984.6,403.6,2,0,13.57,19.0,11.0,14.3,Rain,23.5,0.253,2,194.14,13.75,0
SHP-105617,Toronto ON,Quebec City QC,MapleFreight Fleet,Standard,General Freight,Silver,12,465.2,928.4,5,0,9.96,4.0,3.8,3.8,Fog,69.2,0.612,1,197.8,9.61,0
SHP-102127,Toronto ON,Quebec City QC,MapleFreight Fleet,Standard,Fragile,Silver,12,294.9,1312.2,1,0,6.01,23.0,2.6,4.6,Clear,61.5,0.431,1,168.7,6.19,0
SHP-100565,Mississauga ON,Montreal QC,MapleFreight Fleet,Express,General Freight,Silver,2,835.2,533.6,0,0,10.04,77.0,11.3,1.4,Clear,50.4,0.704,1,259.33,9.29,0
SHP-101457,London ON,Hamilton ON,MapleFreight Fleet,Express,Fragile,Bronze,10,686.4,555.1,4,0,10.01,18.0,7.5,8.9,Clear,32.3,0.793,2,185.52,12.7,1
SHP-100159,Toronto ON,Edmonton AB,MapleFreight Fleet,Standard,General Freight,Silver,12,119.3,215.0,0,0,1.0,55.0,6.1,10.5,Rain,36.2,0.09,0,182.87,0.89,0
SHP-103824,Ottawa ON,Calgary AB,QuebecExpress,Express,General Freight,Silver,5,650.6,567.0,3,0,10.28,75.0,5.4,8.6,Clear,83.8,0.255,2,105.44,9.38,0
SHP-104463,Mississauga ON,Sudbury ON,QuebecExpress,Express,General Freight,Silver,10,422.1,957.6,0,0,6.51,-20.0,9.9,7.8,Fog,39.3,0.601,2,194.14,6.11,0
SHP-102359,Toronto ON,Calgary AB,MapleFreight Fleet,Standard,Refrigerated,Silver,1,795.0,754.6,3,0,14.52,63.0,7.0,8.3,Fog,56.1,0.475,1,76.59,20.98,1
SHP-103560,Toronto ON,Quebec City QC,MapleFreight Fleet,Express,General Freight,Bronze,7,691.8,427.7,5,0,13.84,-20.0,6.0,6.5,Clear,11.4,0.551,2,198.48,13.73,0
SHP-105670,Calgary AB,Regina SK,MapleFreight Fleet,Express,Refrigerated,Silver,8,658.1,1015.3,3,0,11.47,14.0,2.6,4.1,Clear,50.8,0.592,2,190.48,10.94,0
SHP-102461,Montreal QC,Quebec City QC,MapleFreight Fleet,Economy,General Freight,Silver,4,374.6,392.3,0,0,6.51,-6.0,2.8,3.0,Clear,49.0,0.338,2,252.99,5.94,0
SHP-104759,Ottawa ON,Regina SK,QuebecExpress,Economy,General Freight,Gold,3,1556.2,757.1,5,1,25.57,58.0,15.2,4.6,Rain,41.6,0.387,0,218.34,39.67,1
SHP-100015,Montreal QC,Regina SK,QuebecExpress,Standard,General Freight,Bronze,12,181.2,1230.7,0,0,2.02,28.0,17.8,10.8,Rain,56.6,0.455,1,158.24,1.94,0
SHP-105377,Toronto ON,Calgary AB,MapleFreight Fleet,Standard,General Freight,Silver,8,403.3,797.9,0,0,6.03,33.0,3.9,5.9,Rain,61.8,0.217,2,317.25,6.03,0
SHP-105715,Winnipeg MB,Ottawa ON,NorthStar Carriers,Express,Fragile,Silver,1,1068.9,506.2,3,0,18.45,16.0,3.1,6.3,Snow,43.0,0.544,2,209.88,18.95,0
SHP-105064,Montreal QC,Edmonton AB,NorthStar Carriers,Economy,General Freight,Silver,10,758.6,901.7,5,0,11.82,-20.0,4.7,2.0,Clear,57.5,0.301,0,203.85,11.57,0
SHP-105437,Winnipeg MB,Regina SK,QuebecExpress,Standard,Bulk,Silver,2,1758.3,245.7,5,0,29.21,-20.0,20.7,3.8,Clear,50.8,0.351,1,120.9,29.22,0
SHP-105255,London ON,Montreal QC,Contract Owner-Op,Standard,Refrigerated,Gold,8,1183.4,994.8,2,0,18.73,-20.0,17.8,1.4,Snow,65.4,0.514,1,170.86,28.09,1
SHP-104329,Calgary AB,Montreal QC,MapleFreight Fleet,Standard,Bulk,Silver,2,257.2,545.5,0,0,2.01,31.0,7.5,0.3,Rain,40.2,0.376,3,220.92,2.04,0
SHP-102796,Toronto ON,Quebec City QC,NorthStar Carriers,Express,Refrigerated,Bronze,11,748.2,1092.0,2,0,13.72,-20.0,5.0,4.0,Fog,53.2,0.323,0,170.2,14.13,0
SHP-105409,Toronto ON,Sudbury ON,NorthStar Carriers,Economy,Fragile,Silver,6,502.1,1440.0,2,0,8.88,44.0,2.7,8.4,Clear,32.7,0.513,0,253.74,8.45,0
SHP-104477,Mississauga ON,Toronto ON,PrairieLine,Standard,Hazardous,Bronze,10,966.0,1440.7,5,0,17.71,-20.0,0.7,5.2,Snow,57.1,0.414,0,242.67,15.85,0
SHP-102916,Toronto ON,Sudbury ON,MapleFreight Fleet,Economy,General Freight,Bronze,12,1035.4,634.8,2,0,15.33,63.0,4.2,5.3,Clear,41.2,0.331,2,350.85,15.77,0
SHP-100287,Mississauga ON,Montreal QC,QuebecExpress,Standard,General Freight,Gold,10,814.3,788.5,1,0,11.79,-9.0,11.5,10.2,Snow,57.4,0.641,4,203.72,13.49,1
SHP-105167,London ON,Calgary AB,NorthStar Carriers,Economy,Fragile,Bronze,7,439.4,571.4,1,1,3.43,34.0,3.6,2.2,Clear,70.7,0.459,0,89.29,3.43,0
SHP-105056,Ottawa ON,Hamilton ON,QuebecExpress,Standard,Refrigerated,Silver,12,423.0,524.3,5,1,7.77,-7.0,6.2,2.4,Clear,48.9,0.483,3,131.55,7.12,0
SHP-102166,Toronto ON,Hamilton ON,MapleFreight Fleet,Standard,General Freight,Silver,3,1074.2,917.8,2,0,15.08,25.0,8.5,2.3,Snow,51.3,0.241,3,189.18,20.25,1
SHP-102051,Winnipeg MB,Quebec City QC,MapleFreight Fleet,Standard,General Freight,Silver,5,214.6,735.5,1,0,1.49,13.0,4.5,3.1,Clear,53.1,0.355,3,235.5,1.55,0
SHP-104017,Toronto ON,Toronto ON,PrairieLine,Express,General Freight,Bronze,11,240.4,726.3,0,0,3.23,46.0,13.6,2.6,Clear,62.7,0.707,1,167.68,3.06,0
SHP-105496,Montreal QC,Quebec City QC,PrairieLine,Express,Refrigerated,Silver,11,393.4,577.8,1,0,6.55,-20.0,0.4,7.1,Rain,51.6,0.422,2,149.1,6.31,0
SHP-104852,Montreal QC,Calgary AB,MapleFreight Fleet,Standard,Refrigerated,Silver,5,575.3,228.5,5,0,9.58,41.0,4.7,10.4,Clear,75.7,0.563,0,213.64,8.55,0
SHP-101727,Mississauga ON,Sudbury ON,NorthStar Carriers,Standard,General Freight,Bronze,10,1034.2,468.1,5,0,17.81,4.0,7.1,3.4,Clear,51.0,0.165,2,157.44,18.21,0
SHP-100757,Toronto ON,Quebec City QC,Contract Owner-Op,Express,Fragile,Silver,6,562.3,186.4,2,0,8.4,-20.0,2.8,8.8,Rain,29.2,0.467,3,162.79,7.6,0
SHP-105280,Toronto ON,Edmonton AB,MapleFreight Fleet,Standard,Hazardous,Silver,12,1211.3,1563.8,4,0,19.36,-8.0,3.9,7.2,Fog,42.0,0.328,2,215.46,20.34,0
SHP-101224,London ON,Montreal QC,PrairieLine,Standard,General Freight,Bronze,12,1124.8,223.7,5,0,17.88,77.0,10.3,7.4,Clear,87.4,0.31,1,139.67,24.6,1
SHP-101378,Calgary AB,Ottawa ON,NorthStar Carriers,Economy,Bulk,Silver,8,660.5,245.5,1,0,10.79,-20.0,1.6,1.6,Clear,57.6,0.0,3,121.71,9.68,0
SHP-104356,London ON,Montreal QC,MapleFreight Fleet,Standard,General Freight,Bronze,11,350.3,491.4,2,0,5.5,25.0,4.5,9.7,Clear,50.8,0.22,3,227.29,5.27,0
SHP-101531,Mississauga ON,Quebec City QC,QuebecExpress,Standard,General Freight,Silver,3,661.6,1481.5,2,0,10.96,70.0,8.8,8.5,Clear,55.2,0.599,1,128.7,10.97,0
SHP-104461,Mississauga ON,Winnipeg MB,MapleFreight Fleet,Express,Bulk,Bronze,4,237.8,481.1,3,0,4.2,16.0,11.4,2.6,Rain,69.5,1.0,2,123.67,6.12,1
SHP-100971,Toronto ON,Sudbury ON,QuebecExpress,Standard,General Freight,Bronze,5,450.1,494.2,3,0,10.05,12.0,20.5,2.7,Storm,68.0,0.401,2,93.96,11.86,1
SHP-101668,Toronto ON,Montreal QC,MapleFreight Fleet,Express,Bulk,Gold,6,744.0,2256.5,1,0,12.68,59.0,2.0,4.6,Clear,64.5,0.434,2,221.86,11.65,0
SHP-102501,Ottawa ON,Regina SK,MapleFreight Fleet,Economy,General Freight,Gold,10,736.9,657.7,1,0,10.26,7.0,3.5,16.4,Rain,46.5,0.346,0,202.21,9.29,0
SHP-100396,Toronto ON,Quebec City QC,MapleFreight Fleet,express,General Freight,Silver,2,681.1,1217.9,1,0,10.76,33.0,3.7,3.0,Rain,57.0,0.778,3,197.55,14.6,1
SHP-102266,Toronto ON,Hamilton ON,NorthStar Carriers,Standard,General Freight,Silver,11,650.6,1209.7,2,0,10.21,-4.0,15.0,1.0,Rain,94.8,0.666,1,227.13,16.0,1
SHP-104305,Montreal QC,Hamilton ON,QuebecExpress,Express,General Freight,Bronze,12,307.9,1357.8,5,0,6.22,51.0,14.6,5.6,Clear,46.6,0.032,0,116.96,5.71,0
SHP-105517,Mississauga ON,Calgary AB,PrairieLine,Standard,General Freight,Gold,3,781.0,138.3,3,0,13.66,32.0,22.5,5.5,Snow,72.1,0.37,1,119.09,16.62,1
SHP-103265,Toronto ON,Calgary AB,MapleFreight Fleet,Economy,General Freight,Silver,1,384.0,1124.2,3,0,8.66,56.0,2.4,3.1,Clear,66.2,0.596,1,233.04,9.09,0
SHP-105664,London ON,Edmonton AB,NorthStar Carriers,Standard,Bulk,Bronze,5,462.8,199.1,1,0,7.18,-4.0,1.4,2.0,,81.2,0.629,0,178.18,7.45,0
SHP-100542,Ottawa ON,Hamilton ON,Contract Owner-Op,Express,General Freight,Gold,4,279.9,1399.8,4,0,6.65,51.0,5.8,3.5,Clear,66.9,0.299,0,137.52,6.53,0
SHP-100914,Montreal QC,Quebec City QC,NorthStar Carriers,Express,General Freight,Bronze,11,697.1,896.9,3,0,12.06,-7.0,3.9,8.0,Rain,37.1,0.169,1,196.19,11.73,0
SHP-104963,Calgary AB,Winnipeg MB,PrairieLine,Economy,General Freight,Silver,6,433.9,932.0,0,0,4.43,-16.0,2.3,8.9,Rain,66.4,0.88,1,169.71,4.08,0
SHP-104604,Calgary AB,Sudbury ON,NorthStar Carriers,Standard,General Freight,Silver,10,964.8,1043.6,5,0,16.26,65.0,3.9,7.0,Snow,62.1,0.123,0,243.88,19.87,1
SHP-105784,Calgary AB,Montreal QC,QuebecExpress,Standard,General Freight,Bronze,1,755.3,1394.3,2,0,11.05,-20.0,1.1,1.9,Rain,40.4,0.284,1,163.57,11.09,0
SHP-100257,Toronto ON,Edmonton AB,PrairieLine,Economy,Fragile,Silver,11,250.0,799.7,3,0,8.46,-20.0,1.1,2.1,Snow,75.5,0.659,2,227.0,11.31,1
SHP-101715,Montreal QC,Toronto ON,NorthStar Carriers,Economy,Refrigerated,Gold,3,656.8,479.9,4,0,10.89,38.0,6.2,8.0,Fog,78.1,0.253,2,316.38,10.12,0
SHP-103518,Toronto ON,Regina SK,NorthStar Carriers,Standard,General Freight,Silver,3,541.6,1435.0,4,0,9.06,49.0,11.4,2.8,,92.1,0.264,5,261.11,8.87,0
SHP-101719,Toronto ON,Quebec City QC,PrairieLine,Standard,General Freight,Silver,12,616.7,2452.7,5,0,10.55,-20.0,16.4,5.8,Rain,33.9,0.648,1,244.22,9.64,0
SHP-101815,Mississauga ON,Calgary AB,Contract Owner-Op,Standard,Fragile,Bronze,6,540.7,732.3,4,0,11.05,-20.0,15.7,2.4,Rain,53.3,0.681,3,151.58,10.16,0
SHP-105274,Ottawa ON,Toronto ON,QuebecExpress,Standard,General Freight,Bronze,2,413.8,1103.6,3,0,5.64,28.0,8.4,5.1,Rain,36.0,0.417,1,166.55,5.13,0
SHP-104968,Winnipeg MB,Sudbury ON,MapleFreight Fleet,Standard,General Freight,Silver,6,403.5,957.9,2,0,7.25,84.0,4.2,3.2,Rain,51.9,0.404,1,244.63,6.66,0
SHP-105081,Calgary AB,Edmonton AB,Contract Owner-Op,Economy,Hazardous,Silver,10,1193.6,1735.6,4,1,17.87,-20.0,14.9,11.0,Snow,65.3,0.463,1,209.3,23.75,1
SHP-104491,Mississauga ON,Edmonton AB,Contract Owner-Op,Express,Fragile,Silver,1,872.2,1829.9,0,0,12.33,61.0,9.2,0.7,Clear,33.1,0.565,0,275.06,12.19,0
SHP-102263,Mississauga ON,Quebec City QC,MapleFreight Fleet,Economy,Hazardous,Bronze,2,565.4,470.1,3,1,10.71,30.0,2.7,9.3,Snow,27.7,0.393,1,245.16,10.12,0
SHP-104677,Toronto ON,Montreal QC,NorthStar Carriers,Standard,General Freight,Silver,9,494.8,775.3,0,0,7.71,79.0,7.2,4.7,Clear,55.0,0.244,1,165.98,7.68,0
SHP-102587,Calgary AB,Quebec City QC,PrairieLine,Economy,General Freight,Bronze,6,977.1,490.7,5,0,16.26,23.0,8.5,3.4,Clear,51.6,0.784,1,292.8,22.89,1
SHP-100606,Toronto ON,Regina SK,MapleFreight Fleet,Standard,General Freight,Silver,7,1142.2,1819.7,0,0,16.65,-20.0,21.7,4.7,Clear,77.2,0.602,0,124.66,16.92,0
SHP-103780,Mississauga ON,Regina SK,PrairieLine,Standard,General Freight,Bronze,6,786.4,2165.9,5,0,15.39,80.0,1.8,13.1,Fog,58.2,0.827,2,113.85,22.79,1
SHP-100391,Ottawa ON,Calgary AB,PrairieLine,Standard,Bulk,Bronze,9,410.7,928.5,0,0,6.48,76.0,6.5,6.8,Fog,32.3,0.454,0,191.17,6.31,0
SHP-103418,Mississauga ON,Calgary AB,PrairieLine,Standard,Fragile,Silver,8,1044.0,1874.0,2,0,16.49,17.0,11.4,2.9,Clear,73.2,0.502,1,156.6,15.27,0
SHP-102522,Ottawa ON,Regina SK,NorthStar Carriers,Economy,Refrigerated,Bronze,7,1209.8,1695.2,4,0,19.85,-8.0,1.4,4.7,Rain,100.0,0.492,1,216.78,29.94,1
SHP-100036,Toronto ON,Sudbury ON,MapleFreight Fleet,Standard,General Freight,Bronze,6,462.8,3108.8,0,1,7.43,46.0,20.9,3.5,Snow,43.5,0.479,2,186.27,7.67,0
SHP-101658,Montreal QC,Calgary AB,MapleFreight Fleet,Standard,Fragile,Bronze,5,1161.4,744.3,0,0,16.28,53.0,3.7,1.4,Snow,58.2,0.166,2,84.88,15.26,0
SHP-105514,Winnipeg MB,Toronto ON,MapleFreight Fleet,Express,General Freight,Bronze,6,561.9,325.9,5,0,10.89,-10.0,0.5,6.4,Clear,76.7,0.5,2,165.96,12.91,1
SHP-101264,Ottawa ON,Quebec City QC,MapleFreight Fleet,Standard,General Freight,Silver,5,605.9,505.0,4,0,10.08,-18.0,1.2,0.9,Rain,39.6,0.542,0,251.55,9.14,0
SHP-105552,Toronto ON,Winnipeg MB,NorthStar Carriers,Express,General Freight,Silver,1,1276.1,1070.2,1,0,19.51,55.0,11.0,1.5,Clear,78.0,0.448,2,159.8,25.0,1
SHP-104618,Ottawa ON,Sudbury ON,QuebecExpress,Economy,Refrigerated,Silver,3,137.6,377.9,2,0,3.42,28.0,0.6,1.6,Fog,68.1,0.529,3,153.8,3.05,0
SHP-102803,Winnipeg MB,Calgary AB,MapleFreight Fleet,Standard,General Freight,Silver,2,705.7,1439.8,5,0,13.63,-20.0,13.6,2.8,Rain,62.7,0.313,3,82.07,13.02,0
SHP-104336,Toronto ON,Ottawa ON,MapleFreight Fleet,Economy,General Freight,Silver,6,275.0,728.3,1,0,2.35,41.0,6.5,9.7,Snow,44.3,0.592,0,163.6,2.46,0
SHP-105289,Montreal QC,Hamilton ON,NorthStar Carriers,Standard,Fragile,Bronze,11,968.6,164.6,0,1,13.27,46.0,4.1,6.7,Clear,76.5,0.642,1,183.49,12.13,0
SHP-104892,Mississauga ON,Calgary AB,NorthStar Carriers,Economy,General Freight,Gold,11,640.5,354.2,0,0,8.56,48.0,4.3,5.7,Rain,57.8,0.045,1,168.84,8.37,0
SHP-101197,Mississauga ON,Winnipeg MB,PrairieLine,Express,General Freight,Gold,12,667.9,96.3,1,0,11.24,32.0,9.1,7.8,Snow,40.9,0.751,1,132.93,11.44,0
SHP-103465,Winnipeg MB,Ottawa ON,Contract Owner-Op,Economy,General Freight,Bronze,10,307.2,785.0,0,0,5.68,5.0,7.0,1.3,Clear,51.7,0.328,2,68.66,5.11,0
SHP-100215,Winnipeg MB,Regina SK,Contract Owner-Op,Economy,General Freight,Silver,2,737.9,404.2,2,0,10.87,64.0,1.5,2.2,Clear,44.6,0.554,1,171.33,15.41,1
SHP-105450,Mississauga ON,Winnipeg MB,MapleFreight Fleet,Express,General Freight,Bronze,7,726.3,396.6,0,0,9.33,-16.0,4.5,0.7,Clear,86.4,0.325,1,281.74,8.75,0
SHP-103184,Toronto ON,Toronto ON,PrairieLine,Economy,General Freight,Bronze,1,718.3,1178.7,2,1,11.94,20.0,,2.8,Rain,44.4,0.662,0,181.25,16.41,1
SHP-105978,Winnipeg MB,Toronto ON,MapleFreight Fleet,Express,General Freight,Gold,8,699.5,1191.6,4,0,12.97,35.0,1.2,4.4,Snow,35.4,0.45,1,201.99,11.95,0
SHP-100196,Ottawa ON,Hamilton ON,NorthStar Carriers,Standard,Refrigerated,Silver,3,459.3,1016.0,3,0,9.47,39.0,0.2,6.9,Clear,47.2,0.603,0,50.46,8.82,0
SHP-100064,Toronto ON,Montreal QC,PrairieLine,Express,General Freight,Silver,3,383.3,338.8,4,0,7.81,-20.0,1.4,2.8,Storm,32.6,0.448,1,111.97,8.26,0
SHP-104364,Toronto ON,Sudbury ON,NorthStar Carriers,Standard,Hazardous,Silver,2,649.4,1288.0,5,0,13.01,57.0,2.5,15.4,Clear,51.0,0.505,1,158.08,19.66,1
SHP-101335,Montreal QC,Toronto ON,NorthStar Carriers,Standard,Fragile,Bronze,12,973.8,633.0,3,0,14.52,36.0,6.6,6.8,Rain,77.8,0.53,0,204.98,20.8,1
SHP-102310,Winnipeg MB,Quebec City QC,Contract Owner-Op,Standard,General Freight,Bronze,11,938.6,574.6,2,0,15.05,39.0,10.4,3.9,Rain,50.2,0.584,2,144.54,14.94,0
SHP-101196,Montreal QC,Sudbury ON,NorthStar Carriers,Express,Refrigerated,Silver,12,946.4,1554.1,2,0,15.59,16.0,0.7,6.8,Clear,53.3,0.503,3,212.38,23.74,1
SHP-105539,Toronto ON,Ottawa ON,PrairieLine,Economy,Refrigerated,Silver,9,396.8,423.2,2,1,4.83,47.0,1.1,3.6,Clear,46.4,0.297,1,240.41,4.29,0
SHP-103032,Ottawa ON,Quebec City QC,PrairieLine,Express,General Freight,Bronze,5,339.0,362.1,4,1,6.82,-20.0,3.5,1.7,Rain,59.6,0.603,1,159.43,6.07,0
SHP-102995,Mississauga ON,Montreal QC,NorthStar Carriers,Economy,General Freight,Bronze,11,898.8,664.8,2,0,12.17,19.0,5.0,3.2,Snow,44.4,0.457,1,248.48,12.45,0
SHP-101295,Toronto ON,Montreal QC,PrairieLine,Standard,General Freight,Bronze,1,318.0,1972.2,2,0,7.3,5.0,3.3,4.7,Clear,57.9,0.387,0,171.01,6.54,0
SHP-103116,Mississauga ON,Calgary AB,QuebecExpress,Economy,General Freight,Silver,9,768.9,1362.9,4,0,13.22,47.0,5.3,6.1,Rain,53.3,0.419,1,139.73,12.58,0
SHP-101326,London ON,Quebec City QC,MapleFreight Fleet,Standard,Bulk,Bronze,4,753.4,1073.2,3,1,11.75,66.0,14.2,2.8,Clear,14.9,0.447,5,103.73,11.6,0
SHP-102073,Mississauga ON,Edmonton AB,MapleFreight Fleet,Standard,General Freight,Bronze,6,319.6,952.8,2,0,5.98,39.0,3.5,3.7,Snow,69.8,0.632,1,104.6,5.58,0
SHP-104428,Toronto ON,Toronto ON,NorthStar Carriers,Express,General Freight,Bronze,7,399.6,1291.2,1,1,7.08,20.0,4.8,9.4,Storm,53.7,0.132,1,152.12,7.15,0
SHP-101671,Montreal QC,Regina SK,MapleFreight Fleet,Standard,Bulk,Silver,2,344.7,1927.2,5,0,9.72,26.0,1.9,9.2,Rain,84.2,0.0,2,194.18,9.08,0
SHP-103201,Calgary AB,Regina SK,MapleFreight Fleet,Express,Fragile,Gold,4,409.2,2068.2,4,0,10.1,13.0,9.1,5.2,Clear,44.1,0.188,0,228.11,9.02,0
SHP-100176,Mississauga ON,Hamilton ON,QuebecExpress,Standard,General Freight,Silver,11,807.9,1089.3,1,0,13.08,-16.0,2.7,4.6,Clear,46.6,0.346,1,213.02,13.68,0
SHP-104877,Mississauga ON,Hamilton ON,MapleFreight Fleet,Standard,Fragile,Bronze,5,590.0,251.5,5,0,10.93,20.0,5.4,11.0,Rain,70.2,0.263,0,145.64,10.36,0
SHP-103894,Ottawa ON,Edmonton AB,MapleFreight Fleet,Standard,Refrigerated,Bronze,11,678.0,722.6,0,1,9.53,23.0,2.1,6.7,Rain,87.0,0.388,0,164.45,8.56,0
SHP-104028,Winnipeg MB,Quebec City QC,NorthStar Carriers,Economy,Refrigerated,Silver,5,335.3,934.6,5,0,10.59,51.0,3.1,6.2,Clear,43.5,0.649,2,307.15,10.84,0
SHP-101069,Ottawa ON,Montreal QC,MapleFreight Fleet,Economy,General Freight,Bronze,6,417.2,832.4,1,1,5.92,-7.0,2.4,3.7,Snow,77.4,0.344,0,154.77,6.24,0
SHP-101358,Mississauga ON,Regina SK,PrairieLine,Economy,Fragile,Silver,5,542.1,753.7,2,0,8.27,42.0,8.3,5.0,Rain,83.8,0.539,4,166.55,8.59,0
SHP-103635,Montreal QC,Calgary AB,PrairieLine,Express,General Freight,Silver,8,264.9,206.8,3,0,8.05,-20.0,7.9,2.2,Clear,49.3,0.573,2,160.68,8.39,0
SHP-105071,Toronto ON,Edmonton AB,NorthStar Carriers,Economy,Hazardous,Silver,8,683.2,885.5,3,0,11.65,16.0,2.9,0.6,Clear,61.6,0.587,0,179.78,11.7,0
SHP-100485,Mississauga ON,Quebec City QC,QuebecExpress,Standard,Fragile,Bronze,2,277.5,298.5,5,0,7.39,14.0,4.6,3.5,Storm,42.8,0.973,3,223.81,11.17,1
SHP-105618,Toronto ON,Sudbury ON,MapleFreight Fleet,Economy,General Freight,Gold,2,646.0,1181.2,5,0,11.29,6.0,2.6,6.8,Snow,100.0,0.315,3,198.99,16.03,1
SHP-101577,Mississauga ON,Edmonton AB,PrairieLine,Economy,Fragile,Bronze,6,821.8,1632.1,0,0,10.06,-20.0,0.9,4.5,Rain,28.3,0.841,4,89.87,10.61,0
SHP-103648,Mississauga ON,Edmonton AB,PrairieLine,Economy,General Freight,Silver,12,837.7,1166.5,0,0,13.27,42.0,6.5,4.9,Snow,45.5,0.517,2,169.31,13.28,0
SHP-105578,Ottawa ON,Regina SK,NorthStar Carriers,Economy,General Freight,Bronze,7,550.5,434.7,5,1,11.72,39.0,4.8,4.5,Clear,57.3,0.279,2,143.9,11.52,0
SHP-105248,Winnipeg MB,Ottawa ON,NorthStar Carriers,Express,General Freight,Silver,3,786.3,289.0,1,0,11.74,25.0,9.6,6.0,Clear,55.8,0.157,0,157.58,11.41,0
SHP-100770,Mississauga ON,Regina SK,QuebecExpress,standard,Fragile,Bronze,10,534.0,658.4,3,1,10.14,40.0,3.0,2.0,Clear,71.0,0.475,0,249.47,10.13,0
SHP-104389,Toronto ON,Regina SK,PrairieLine,Economy,General Freight,Gold,5,1176.4,630.8,1,0,18.11,29.0,6.0,2.8,Snow,73.1,0.622,1,275.7,21.85,1
SHP-100702,Winnipeg MB,Sudbury ON,PrairieLine,Standard,General Freight,Silver,9,859.0,88.7,5,0,16.72,-20.0,7.4,3.1,Rain,20.3,0.0,0,124.65,16.92,0
SHP-104871,Montreal QC,Edmonton AB,QuebecExpress,Standard,Hazardous,Silver,2,967.4,809.2,1,0,14.74,43.0,12.2,3.3,Clear,59.8,0.934,0,209.17,15.25,0
SHP-105018,Ottawa ON,Calgary AB,NorthStar Carriers,Economy,Bulk,Silver,9,794.8,888.3,4,0,13.59,-20.0,6.6,7.7,Rain,22.4,0.366,0,168.34,13.1,0
SHP-102879,Mississauga ON,Hamilton ON,MapleFreight Fleet,Standard,Refrigerated,Silver,3,1035.3,406.6,5,0,17.56,59.0,9.6,11.1,Snow,43.2,0.167,4,158.73,24.55,1
SHP-104362,Mississauga ON,Regina SK,NorthStar Carriers,Standard,General Freight,Bronze,6,559.9,589.8,0,0,9.83,-12.0,2.1,1.8,Clear,16.5,0.549,2,180.43,9.21,0
SHP-100219,Toronto ON,Sudbury ON,NorthStar Carriers,Standard,General Freight,Bronze,3,390.6,1008.3,2,0,6.52,-17.0,6.4,7.3,Clear,24.3,0.62,2,264.55,5.79,0
SHP-104056,Toronto ON,Winnipeg MB,MapleFreight Fleet,Standard,General Freight,Silver,7,671.8,1631.2,1,1,9.34,37.0,1.3,2.4,Rain,36.2,0.472,1,165.0,8.91,0
SHP-101578,Montreal QC,Calgary AB,MapleFreight Fleet,Standard,General Freight,Gold,10,296.7,810.9,2,0,5.16,27.0,3.9,3.6,Clear,22.7,0.414,1,263.08,5.11,0
SHP-105506,Montreal QC,Winnipeg MB,Contract Owner-Op,Standard,Bulk,Silver,7,316.7,521.9,2,1,4.61,57.0,13.2,15.4,Clear,,0.66,1,182.86,4.81,0
SHP-100756,Mississauga ON,Calgary AB,MapleFreight Fleet,Standard,General Freight,Silver,8,553.0,364.7,3,0,9.31,5.0,2.9,7.1,Clear,67.1,0.612,0,101.34,9.39,0
SHP-105844,Toronto ON,Sudbury ON,QuebecExpress,Standard,Refrigerated,Bronze,7,1119.1,1510.3,4,0,16.37,-18.0,19.1,12.0,Clear,48.2,0.48,0,209.64,25.81,1
SHP-104518,Ottawa ON,Quebec City QC,PrairieLine,Economy,General Freight,Gold,1,313.5,1662.2,0,0,3.94,26.0,14.5,4.4,Rain,83.3,0.322,0,204.04,3.49,0
SHP-105926,Montreal QC,Winnipeg MB,NorthStar Carriers,Standard,Bulk,Silver,6,573.1,1015.5,1,0,6.97,17.0,5.4,2.1,Rain,44.4,0.228,1,237.93,6.97,0
SHP-104278,Mississauga ON,Quebec City QC,Contract Owner-Op,Standard,General Freight,Silver,9,390.1,191.4,1,0,5.46,1.0,0.8,9.4,Rain,51.9,0.404,1,135.1,5.21,0
SHP-102833,Ottawa ON,Sudbury ON,NorthStar Carriers,Express,Bulk,Gold,1,354.1,442.0,2,0,8.11,68.0,7.2,4.4,Fog,10.9,0.214,0,143.91,8.35,0
SHP-100476,Ottawa ON,Winnipeg MB,QuebecExpress,standard,Hazardous,Bronze,8,366.8,462.1,0,0,4.59,-20.0,5.0,4.2,Snow,51.9,0.528,2,290.16,4.41,0
SHP-100678,Montreal QC,Montreal QC,QuebecExpress,Economy,Hazardous,Bronze,11,451.1,1080.3,3,0,7.88,0.0,10.2,5.6,Clear,51.5,0.61,2,145.82,7.57,0
SHP-104083,Toronto ON,Calgary AB,MapleFreight Fleet,Express,General Freight,Gold,1,255.1,1299.9,3,0,4.45,31.0,2.4,6.4,Snow,74.9,0.459,1,136.4,6.35,1
SHP-104800,Mississauga ON,Montreal QC,MapleFreight Fleet,Economy,Fragile,Silver,1,454.2,589.5,0,1,6.36,74.0,4.6,5.0,Clear,85.0,0.27,4,84.53,6.03,0
SHP-103405,Montreal QC,Winnipeg MB,MapleFreight Fleet,Standard,General Freight,Bronze,5,717.6,878.0,1,0,13.17,-1.0,6.6,13.2,Snow,46.9,0.15,2,232.3,13.3,0
SHP-104492,Winnipeg MB,Toronto ON,PrairieLine,Standard,Fragile,Bronze,1,295.3,421.3,0,1,2.0,19.0,8.5,4.1,Snow,5.0,0.565,1,323.25,1.79,0
SHP-104318,Mississauga ON,Montreal QC,QuebecExpress,Express,Refrigerated,Bronze,2,492.4,256.9,0,0,6.77,24.0,20.4,5.5,Fog,65.2,0.681,1,194.81,6.09,0
SHP-105787,Ottawa ON,Regina SK,QuebecExpress,Economy,General Freight,Gold,9,225.2,1531.3,0,0,3.97,40.0,5.3,7.8,Snow,42.9,0.163,1,222.53,3.57,0
SHP-103643,Calgary AB,Ottawa ON,Contract Owner-Op,Standard,Refrigerated,Silver,3,837.7,666.3,2,1,12.34,50.0,6.5,4.3,Clear,49.4,0.0,2,207.74,12.29,0
SHP-105809,Montreal QC,Ottawa ON,PrairieLine,Express,General Freight,Silver,7,249.7,589.2,3,0,5.48,26.0,1.7,8.5,Rain,40.8,0.191,1,195.97,5.15,0
SHP-104986,Montreal QC,Toronto ON,MapleFreight Fleet,Express,Refrigerated,Bronze,10,575.4,963.0,4,0,9.66,45.0,4.6,5.1,Clear,49.7,0.056,0,198.72,9.13,0
SHP-101687,Ottawa ON,Edmonton AB,PrairieLine,Express,General Freight,Bronze,4,552.8,1593600.0,3,0,8.7,-20.0,1.6,1.0,Clear,74.9,0.945,0,147.21,8.55,0
SHP-105486,Mississauga ON,Winnipeg MB,PrairieLine,Standard,Refrigerated,Silver,2,669.7,754.9,0,0,10.08,41.0,9.2,5.5,Clear,56.3,0.719,2,89.39,11.45,1
SHP-104833,Mississauga ON,Calgary AB,NorthStar Carriers,Economy,Fragile,Silver,1,1434.4,280.1,2,0,20.29,20.0,5.0,2.3,Rain,62.6,0.729,4,280.8,27.37,1
SHP-101711,Montreal QC,Calgary AB,NorthStar Carriers,Standard,General Freight,Gold,8,692.9,542.0,0,1,8.95,64.0,3.4,4.4,Clear,55.2,0.407,1,185.53,7.96,0
SHP-105025,Calgary AB,Sudbury ON,Contract Owner-Op,Economy,General Freight,Silver,2,668.8,1705.2,1,0,11.47,30.0,8.3,8.3,Clear,86.6,0.292,3,280.63,12.89,1
SHP-101717,Montreal QC,Winnipeg MB,PrairieLine,Standard,General Freight,Silver,10,516.4,632.1,0,1,10.01,39.0,20.9,5.6,Clear,77.6,0.413,2,194.76,9.57,0
SHP-103129,Calgary AB,Regina SK,Contract Owner-Op,Standard,Bulk,Gold,4,194.8,833.2,3,0,6.34,20.0,9.3,13.4,Rain,60.9,0.625,1,97.41,5.76,0
SHP-105009,Montreal QC,Calgary AB,QuebecExpress,Standard,Refrigerated,Silver,4,744.4,415.4,2,0,11.02,-20.0,3.8,3.1,Rain,53.5,0.533,1,73.41,11.18,0
SHP-101688,Mississauga ON,Sudbury ON,MapleFreight Fleet,Standard,General Freight,Silver,2,588.6,3257.9,5,0,11.05,64.0,3.2,6.5,Fog,51.4,0.243,3,76.84,10.74,0
SHP-100951,Montreal QC,Calgary AB,NorthStar Carriers,Express,Fragile,Gold,8,349.3,330.7,3,0,5.29,73.0,1.0,4.8,Clear,34.4,0.406,2,82.57,5.19,0
SHP-102650,Toronto ON,Sudbury ON,MapleFreight Fleet,Standard,Hazardous,Silver,4,642.1,993.2,0,0,8.25,37.0,2.5,5.6,Clear,84.9,0.336,5,256.29,8.05,0
SHP-104160,Mississauga ON,Edmonton AB,MapleFreight Fleet,Standard,General Freight,Silver,7,997.5,543.9,1,1,13.94,144.0,14.2,3.5,Clear,70.3,0.508,1,265.24,12.5,0
SHP-102463,Winnipeg MB,Montreal QC,MapleFreight Fleet,Express,General Freight,Bronze,5,627.7,615.9,3,0,12.0,-20.0,6.5,5.4,Rain,44.9,0.291,0,187.97,10.61,0
SHP-102612,Montreal QC,Quebec City QC,PrairieLine,Express,General Freight,Bronze,4,792.5,1366.2,4,1,14.38,-20.0,5.3,13.7,Clear,67.6,0.325,0,234.19,13.71,0
SHP-102513,Calgary AB,Hamilton ON,PrairieLine,Standard,General Freight,Silver,7,283.3,739.6,3,0,6.67,9.0,2.5,2.8,Rain,32.7,0.649,1,164.76,6.08,0
SHP-101906,Toronto ON,Edmonton AB,NorthStar Carriers,Express,General Freight,Bronze,7,333.7,1002.7,2,1,8.18,-20.0,10.0,3.8,Storm,27.9,0.32,2,261.21,8.0,0
SHP-104536,Calgary AB,Toronto ON,NorthStar Carriers,Standard,General Freight,Gold,5,330.7,1143.6,0,0,3.12,-20.0,4.3,1.8,Clear,40.1,0.64,0,182.87,2.84,0
SHP-102555,London ON,Ottawa ON,PrairieLine,Standard,General Freight,Silver,9,295.7,979.5,1,0,3.48,53.0,2.9,10.4,Clear,24.9,0.265,1,241.07,3.54,0
SHP-105443,Winnipeg MB,Quebec City QC,NorthStar Carriers,Standard,Refrigerated,Bronze,6,438.8,2582.6,2,1,8.39,9.0,15.1,9.2,Storm,46.2,0.428,1,269.91,8.36,0
SHP-105182,Montreal QC,Quebec City QC,MapleFreight Fleet,Standard,Fragile,Silver,8,594.8,555500.0,1,0,8.37,-18.0,0.9,5.8,Clear,70.0,0.415,0,53.03,7.63,0
SHP-100264,Toronto ON,Montreal QC,MapleFreight Fleet,Express,General Freight,Silver,11,626.5,788.8,0,0,9.69,-20.0,6.0,7.3,Clear,46.3,0.682,1,216.82,9.74,0
SHP-100037,Mississauga ON,Calgary AB,MapleFreight Fleet,Economy,General Freight,Silver,9,605.8,864.1,3,1,10.43,37.0,3.3,8.4,Clear,49.8,0.315,2,262.41,10.05,0
SHP-102854,Mississauga ON,Winnipeg MB,Contract Owner-Op,Economy,General Freight,Gold,5,561.1,1347.7,3,1,10.35,27.0,5.1,10.4,Clear,42.5,0.434,4,352.45,10.43,0
SHP-104854,Ottawa ON,Toronto ON,PrairieLine,Standard,Fragile,Silver,5,301.9,584.1,0,1,4.72,33.0,2.8,2.2,Storm,5.0,0.651,3,82.01,4.23,0
SHP-101566,Calgary AB,Hamilton ON,NorthStar Carriers,Standard,General Freight,Bronze,11,284.4,1036.8,2,0,3.73,-2.0,3.6,5.8,Rain,,0.413,0,107.9,3.73,0
SHP-102582,Montreal QC,Hamilton ON,QuebecExpress,Express,General Freight,Bronze,4,699.2,322.2,2,1,10.12,29.0,13.4,6.5,Rain,34.2,0.388,0,166.31,9.44,0
SHP-100998,Toronto ON,Toronto ON,QuebecExpress,Standard,General Freight,Bronze,8,261.6,1412.9,1,0,6.07,49.0,13.8,1.1,Clear,59.3,0.36,2,88.18,5.46,0
SHP-104176,Toronto ON,Sudbury ON,NorthStar Carriers,Standard,Refrigerated,Silver,2,457.0,1488.3,4,0,9.64,-3.0,8.1,2.1,Rain,57.8,0.614,2,133.73,10.07,0
SHP-105550,Mississauga ON,Montreal QC,MapleFreight Fleet,Economy,Refrigerated,Gold,12,623.5,565.7,1,0,9.61,66.0,4.2,3.9,Rain,80.8,0.593,1,93.14,10.17,0
SHP-105165,Mississauga ON,Sudbury ON,QuebecExpress,Standard,Refrigerated,Bronze,1,1150.6,281.3,5,0,20.67,-15.0,6.5,2.7,Rain,43.9,0.0,1,114.86,19.12,0
SHP-102249,Montreal QC,Calgary AB,MapleFreight Fleet,Economy,General Freight,Silver,3,548.0,1066.0,2,0,10.38,-8.0,15.4,5.9,Fog,,0.774,1,336.93,10.92,0
SHP-103908,Montreal QC,Regina SK,QuebecExpress,Standard,Bulk,Silver,12,254.4,391.6,4,0,7.41,-5.0,5.2,14.2,Rain,73.8,0.64,0,93.1,7.03,0
SHP-100845,Mississauga ON,Hamilton ON,MapleFreight Fleet,Express,General Freight,Silver,8,649.1,579.8,0,0,9.04,145.0,,5.5,Clear,54.2,0.329,3,245.59,9.11,0
SHP-101633,Ottawa ON,Sudbury ON,PrairieLine,Standard,Refrigerated,Silver,4,105.2,688.2,0,0,1.0,56.0,8.0,9.5,Snow,50.1,0.621,2,152.54,0.97,0
SHP-102821,Mississauga ON,Edmonton AB,MapleFreight Fleet,Standard,General Freight,Silver,12,423.2,722.8,4,0,8.85,-4.0,6.4,6.6,Clear,98.5,0.416,0,236.68,8.06,0
SHP-104469,Montreal QC,Sudbury ON,NorthStar Carriers,Economy,General Freight,Gold,2,996.4,609.7,3,0,14.85,-18.0,2.4,3.8,Clear,69.9,0.409,2,383.08,13.79,0
SHP-101257,Mississauga ON,Hamilton ON,QuebecExpress,Standard,General Freight,Silver,6,532.0,62.6,3,0,8.32,28.0,0.2,9.5,Clear,60.8,0.303,1,186.51,8.53,0
SHP-105603,Ottawa ON,Sudbury ON,Contract Owner-Op,Express,Refrigerated,Bronze,12,702.4,1413.5,3,0,11.34,70.0,3.5,2.0,Clear,73.7,0.23,2,216.91,10.6,0
SHP-102036,Montreal QC,Ottawa ON,PrairieLine,Standard,Fragile,Silver,9,1221.1,1425.2,1,0,18.26,36.0,8.8,1.5,Rain,45.1,0.247,1,,27.65,1
SHP-100657,Montreal QC,Sudbury ON,MapleFreight Fleet,Express,General Freight,Gold,9,491.0,788.5,4,0,8.26,11.0,5.0,7.2,Clear,48.5,0.099,0,131.91,7.72,0
SHP-104822,London ON,Sudbury ON,MapleFreight Fleet,Express,General Freight,Bronze,7,434.9,528.3,0,0,5.02,24.0,2.1,6.2,Clear,48.2,0.45,0,48.91,5.06,0
SHP-100367,Mississauga ON,Winnipeg MB,MapleFreight Fleet,Economy,General Freight,Bronze,12,152.0,315.0,3,1,4.92,1.0,2.0,4.2,Clear,51.8,0.27,2,257.44,4.63,0
SHP-101042,Toronto ON,Calgary AB,Contract Owner-Op,Standard,General Freight,Silver,12,492.2,486.9,0,0,6.42,-9.0,5.6,3.8,Clear,43.0,0.331,1,96.77,6.17,0
SHP-102974,Montreal QC,Montreal QC,MapleFreight Fleet,Express,General Freight,Silver,6,473.5,743.2,4,0,10.48,0.0,12.1,10.5,Rain,77.0,0.099,2,,15.1,1
SHP-104122,London ON,Montreal QC,Contract Owner-Op,Express,General Freight,Silver,12,475.8,505.1,2,0,6.71,21.0,8.0,3.0,Fog,54.6,0.735,0,247.73,7.6,1
SHP-105378,Mississauga ON,Toronto ON,NorthStar Carriers,Standard,Bulk,Bronze,10,739.3,1338.4,1,0,9.56,16.0,2.6,6.0,Clear,75.0,0.483,0,144.64,9.37,0
SHP-101118,Montreal QC,Winnipeg MB,Contract Owner-Op,Express,General Freight,Silver,4,155.8,622.5,0,0,1.0,30.0,7.5,5.2,Fog,44.9,0.236,0,,0.88,0
SHP-105426,Ottawa ON,Montreal QC,QuebecExpress,Standard,General Freight,Bronze,12,491.6,1131.0,0,0,6.59,38.0,12.8,10.7,Clear,45.3,0.673,2,159.26,6.9,0
SHP-105380,Montreal QC,Edmonton AB,MapleFreight Fleet,Standard,General Freight,Bronze,11,710.8,1910.4,2,0,11.07,54.0,3.8,5.5,Clear,72.5,0.285,1,213.89,10.72,0
SHP-104720,Toronto ON,Calgary AB,NorthStar Carriers,Express,Refrigerated,Silver,5,359.7,1121.6,1,1,7.05,-16.0,2.3,11.6,Clear,45.4,0.48,0,158.05,6.29,0
SHP-102465,Toronto ON,Ottawa ON,NorthStar Carriers,Standard,General Freight,Gold,6,712.4,1882.0,3,1,11.81,5.0,5.9,10.7,Clear,,0.472,1,30.0,11.68,0
SHP-101169,Ottawa ON,Regina SK,PrairieLine,Economy,General Freight,Bronze,5,935.9,364.7,0,0,12.72,27.0,6.1,10.3,Rain,100.0,0.301,2,135.45,14.71,1
SHP-105046,London ON,Quebec City QC,MapleFreight Fleet,Standard,General Freight,Silver,8,588.5,1030.1,2,0,9.21,21.0,9.1,1.4,Rain,58.5,0.707,3,236.78,8.58,0
SHP-102335,Calgary AB,Hamilton ON,MapleFreight Fleet,Express,Fragile,Gold,10,852.9,751.8,3,0,13.71,-20.0,7.3,2.2,Clear,94.1,0.427,2,154.44,13.26,0
SHP-102022,Ottawa ON,Calgary AB,MapleFreight Fleet,Standard,Fragile,Bronze,6,873.8,403.8,1,0,13.87,46.0,5.3,8.3,Snow,37.2,0.532,0,160.95,13.53,0
SHP-101000,Toronto ON,Ottawa ON,PrairieLine,Standard,General Freight,Gold,4,1146.6,605.1,4,0,17.78,-14.0,6.3,2.8,Clear,,0.197,1,206.64,16.85,0
SHP-101659,Montreal QC,Quebec City QC,MapleFreight Fleet,Express,Bulk,Bronze,12,401.4,656.0,1,1,7.35,-1.0,12.8,10.4,Fog,58.2,0.177,0,164.49,7.0,0
SHP-102530,Ottawa ON,Quebec City QC,NorthStar Carriers,Economy,General Freight,Silver,4,547.0,1323.6,0,0,5.07,67.0,3.0,3.2,Snow,48.9,0.495,1,224.92,4.61,0
SHP-102048,Mississauga ON,Sudbury ON,NorthStar Carriers,Express,General Freight,Silver,8,695.4,1280.7,0,0,8.37,57.0,3.7,7.2,Clear,56.0,0.348,0,197.3,8.46,0
SHP-103087,Mississauga ON,Montreal QC,NorthStar Carriers,Economy,Hazardous,Silver,8,981.5,465.0,5,0,17.55,-20.0,2.5,7.7,Rain,,0.531,2,206.4,17.83,0
SHP-100604,Toronto ON,Regina SK,QuebecExpress,Standard,Refrigerated,Bronze,11,413.9,862.5,1,0,8.7,3.0,10.5,8.3,Rain,84.1,0.514,2,175.86,7.76,0
SHP-105501,Montreal QC,Toronto ON,NorthStar Carriers,Standard,General Freight,Bronze,4,216.9,1112.8,5,0,7.65,5.0,2.1,2.1,Rain,61.8,0.446,2,132.58,7.92,0
SHP-104876,Mississauga ON,Toronto ON,PrairieLine,Standard,General Freight,Bronze,3,692.1,821.0,0,0,8.58,-20.0,16.4,11.6,Snow,53.4,0.277,2,124.29,8.74,0
SHP-102220,London ON,Quebec City QC,QuebecExpress,Standard,General Freight,Silver,2,798.9,1400.4,4,0,13.76,10.0,4.3,3.4,Rain,27.6,0.499,1,45.88,13.38,0
SHP-104929,Winnipeg MB,Quebec City QC,MapleFreight Fleet,Standard,Refrigerated,Gold,9,116.7,794.4,4,0,6.01,27.0,7.9,16.4,Snow,41.3,0.559,1,148.91,6.18,0
SHP-102063,Toronto ON,Edmonton AB,QuebecExpress,Economy,General Freight,Bronze,7,392.7,1341.7,2,0,5.38,61.0,3.3,1.1,Clear,,0.546,1,100.53,5.25,0
SHP-100749,Calgary AB,Edmonton AB,NorthStar Carriers,Standard,Bulk,Bronze,11,974.3,2823.6,1,1,13.29,13.0,5.3,1.7,Snow,48.2,0.351,2,,19.16,1
SHP-101296,London ON,Montreal QC,PrairieLine,Express,General Freight,Bronze,5,365.0,904.7,4,0,7.59,-7.0,5.4,3.3,Storm,69.2,0.297,1,115.42,6.82,0
SHP-100318,Mississauga ON,Toronto ON,NorthStar Carriers,Express,Fragile,Silver,1,903.6,403.8,2,1,15.64,12.0,4.7,5.6,Clear,62.4,0.492,5,213.6,14.94,0
SHP-105649,Montreal QC,Sudbury ON,NorthStar Carriers,Standard,Fragile,Silver,2,464.3,484.6,3,1,6.59,-20.0,4.7,6.8,Rain,81.8,0.231,1,160.11,6.15,0
SHP-105445,Toronto ON,Hamilton ON,MapleFreight Fleet,Express,Bulk,Silver,4,317.2,1139.4,3,0,6.08,-20.0,1.3,2.0,Rain,36.2,0.529,1,73.23,5.42,0
SHP-104268,Mississauga ON,Montreal QC,QuebecExpress,Express,General Freight,Silver,9,427.4,737.4,3,0,9.1,-20.0,1.8,1.8,Snow,56.9,0.806,3,146.22,8.72,0
SHP-103651,Mississauga ON,Edmonton AB,MapleFreight Fleet,Standard,Hazardous,Gold,5,485.4,948.6,5,0,10.15,7.0,17.5,3.6,Snow,42.8,0.683,0,232.46,10.51,0
SHP-103376,Calgary AB,Winnipeg MB,NorthStar Carriers,Standard,General Freight,Bronze,5,186.2,1111.2,4,0,6.12,45.0,7.6,3.8,Snow,85.7,0.705,1,252.37,6.39,0
SHP-104934,Calgary AB,Quebec City QC,MapleFreight Fleet,Express,Refrigerated,Bronze,8,314.0,766.2,2,0,4.77,-6.0,4.6,2.6,Clear,48.0,0.771,2,218.22,4.81,0
SHP-101530,Toronto ON,Edmonton AB,MapleFreight Fleet,Standard,General Freight,Silver,8,304.9,1553.5,2,0,5.49,28.0,6.1,4.7,Clear,66.8,0.317,1,243.1,5.28,0
SHP-105892,Ottawa ON,Quebec City QC,MapleFreight Fleet,Economy,Fragile,Bronze,6,377.3,228.5,3,0,6.0,-20.0,1.6,1.5,Rain,31.6,0.357,5,262.86,5.51,0
SHP-103800,Winnipeg MB,Toronto ON,NorthStar Carriers,Standard,General Freight,Silver,2,903.1,619.2,2,0,15.45,49.0,0.7,6.6,Clear,60.6,0.577,0,117.46,18.38,1
SHP-102496,Toronto ON,Ottawa ON,Contract Owner-Op,Express,Hazardous,Bronze,4,442.6,796.6,3,0,7.3,57.0,4.2,3.7,Snow,62.8,0.389,1,216.13,6.54,0
SHP-102795,Toronto ON,Winnipeg MB,Contract Owner-Op,Economy,General Freight,Silver,12,256.1,800.9,3,0,5.08,57.0,2.4,3.9,Rain,62.8,0.576,1,148.17,7.02,1
SHP-101121,Winnipeg MB,Quebec City QC,MapleFreight Fleet,Standard,General Freight,Bronze,11,691.9,210.6,2,0,11.5,22.0,3.1,0.7,Clear,40.4,0.304,1,140.89,10.46,0
SHP-105276,Toronto ON,Edmonton AB,MapleFreight Fleet,Standard,General Freight,Silver,2,384.2,286.7,1,0,5.97,-13.0,3.4,2.1,Snow,46.8,0.176,1,104.39,6.22,0
SHP-101101,Calgary AB,Sudbury ON,NorthStar Carriers,Standard,Fragile,Silver,12,492.4,244.6,4,0,11.68,53.0,1.8,4.2,Clear,71.6,0.33,2,103.9,11.89,0
SHP-102161,Winnipeg MB,Edmonton AB,QuebecExpress,Express,General Freight,Bronze,6,1184.6,2127.9,0,0,15.79,65.0,2.5,7.5,Rain,56.4,0.583,0,168.3,16.08,0
SHP-102449,Winnipeg MB,Montreal QC,PrairieLine,Economy,General Freight,Silver,5,845.2,522.0,1,0,14.51,34.0,3.3,6.0,Snow,18.1,0.174,2,242.69,22.36,1
SHP-103220,Winnipeg MB,Montreal QC,NorthStar Carriers,Economy,General Freight,Silver,10,255.6,1289.9,0,0,3.09,41.0,7.6,3.6,Clear,42.4,0.483,1,160.79,3.23,0
SHP-100457,Montreal QC,Toronto ON,PrairieLine,Economy,General Freight,Silver,8,532.1,1113.3,4,0,9.22,26.0,20.2,4.6,Clear,66.3,0.691,0,115.19,8.49,0
SHP-102814,Toronto ON,Sudbury ON,NorthStar Carriers,Economy,General Freight,Silver,6,1011.8,409.0,0,0,14.44,49.0,4.7,2.6,Rain,61.6,0.645,3,212.75,18.03,1
SHP-100405,Toronto ON,Toronto ON,PrairieLine,Standard,General Freight,Silver,5,1338.2,297.8,2,0,18.62,49.0,5.5,7.8,Snow,70.1,0.553,0,121.74,18.95,0
SHP-104311,Ottawa ON,Winnipeg MB,NorthStar Carriers,Standard,Fragile,Silver,11,545.6,629.7,1,0,7.44,64.0,6.7,5.8,Rain,70.6,0.431,0,232.13,7.55,0
SHP-104435,London ON,Toronto ON,MapleFreight Fleet,Express,General Freight,Bronze,11,438.9,335.3,4,0,10.63,-16.0,4.2,3.9,Clear,57.4,0.615,1,246.12,10.53,0
SHP-105015,Toronto ON,Calgary AB,PrairieLine,Express,General Freight,Bronze,9,458.8,653.5,4,0,8.95,-19.0,8.7,10.4,Clear,100.0,0.605,0,140.34,8.67,0
SHP-104460,Mississauga ON,Ottawa ON,PrairieLine,Standard,General Freight,Gold,4,1185.3,1522.8,3,0,18.51,45.0,1.2,14.0,Clear,66.5,0.685,0,184.0,18.9,0
SHP-105152,Montreal QC,Toronto ON,QuebecExpress,Standard,Refrigerated,Bronze,2,1074.2,261.4,0,0,13.4,-14.0,7.5,10.5,Clear,77.9,0.374,2,241.94,17.44,1
SHP-101673,Toronto ON,Sudbury ON,Contract Owner-Op,Standard,General Freight,Silver,10,1065.5,1753.6,2,0,15.49,6.0,6.9,9.9,Snow,74.3,0.764,2,251.0,22.01,1
SHP-105329,London ON,Regina SK,Contract Owner-Op,Standard,Bulk,Silver,11,538.0,452.7,2,1,8.24,58.0,4.5,7.8,Clear,48.5,0.571,1,134.48,7.85,0
SHP-100727,Calgary AB,Sudbury ON,MapleFreight Fleet,Standard,Refrigerated,Bronze,7,470.3,813.9,4,1,9.89,16.0,2.6,6.6,Rain,44.0,0.287,2,307.26,9.04,0
SHP-100519,Toronto ON,Hamilton ON,MapleFreight Fleet,Express,General Freight,Bronze,4,1441.9,285200.0,2,0,20.42,-4.0,3.7,3.8,Clear,40.0,0.525,0,181.61,21.03,0
SHP-103504,Calgary AB,Quebec City QC,NorthStar Carriers,Express,Fragile,Silver,1,650.8,428.4,3,0,13.43,36.0,12.0,0.6,Fog,39.6,0.426,3,152.03,12.08,0
SHP-100642,Winnipeg MB,Sudbury ON,NorthStar Carriers,Standard,Fragile,Silver,11,1295.5,2542.8,4,0,21.01,-20.0,2.6,1.0,Rain,62.7,0.612,4,187.22,32.62,1
SHP-104554,Ottawa ON,Sudbury ON,Contract Owner-Op,Economy,Refrigerated,Bronze,11,875.1,1547.5,2,0,12.13,12.0,2.6,0.9,Clear,83.3,0.076,2,,15.49,1
SHP-100142,Montreal QC,Calgary AB,QuebecExpress,Express,General Freight,Bronze,8,414.2,1564.2,2,0,6.87,15.0,10.6,6.5,Rain,50.5,0.235,0,143.7,6.96,0
SHP-104770,Calgary AB,Ottawa ON,PrairieLine,Express,General Freight,Gold,1,942.7,1841.7,3,0,16.55,38.0,8.5,10.6,Snow,43.0,0.387,1,225.7,23.12,1
SHP-104502,Montreal QC,Ottawa ON,MapleFreight Fleet,Express,Bulk,Silver,4,1503.2,1327.3,2,0,20.48,3.0,0.8,13.5,Rain,42.8,0.297,2,30.0,20.09,0
SHP-101254,Toronto ON,Sudbury ON,Contract Owner-Op,Express,Refrigerated,Bronze,5,622.1,1491.6,2,0,9.41,-14.0,2.0,4.0,Rain,67.7,0.697,0,122.5,14.47,1
SHP-102200,Toronto ON,Calgary AB,MapleFreight Fleet,Express,Refrigerated,Gold,7,769.4,457.7,1,0,13.28,41.0,3.7,10.1,Clear,44.7,0.438,0,96.53,12.7,0
SHP-104441,Toronto ON,Toronto ON,NorthStar Carriers,Standard,General Freight,Gold,5,408.0,577.2,4,0,8.5,12.0,5.6,4.6,Rain,44.3,0.477,1,200.24,7.98,0
SHP-101779,Toronto ON,Quebec City QC,MapleFreight Fleet,Standard,General Freight,Bronze,8,275.5,1839.0,5,1,9.45,9.0,3.5,8.5,Clear,53.6,0.465,2,177.59,9.56,0
SHP-104875,Toronto ON,Toronto ON,QuebecExpress,Economy,General Freight,Silver,3,193.8,1595.1,3,0,4.52,8.0,10.9,13.1,Clear,92.1,0.608,1,181.24,6.02,1
SHP-103090,Winnipeg MB,Hamilton ON,PrairieLine,Express,General Freight,Silver,2,622.2,665.9,4,0,9.2,-20.0,6.3,4.4,Fog,59.2,0.429,2,131.96,10.9,1
SHP-101710,Montreal QC,Sudbury ON,MapleFreight Fleet,Standard,Refrigerated,Silver,5,1897.6,1042.1,2,0,28.51,10.0,3.8,17.3,Storm,41.4,0.621,1,144.62,44.47,1
SHP-105581,Toronto ON,Edmonton AB,NorthStar Carriers,Standard,Bulk,Silver,10,935.2,1584.7,3,0,14.87,59.0,2.9,4.1,Clear,39.8,1.0,3,144.49,18.6,1
SHP-102057,Mississauga ON,Regina SK,NorthStar Carriers,Express,Refrigerated,Bronze,12,917.4,1310.9,1,1,9.92,81.0,14.1,6.9,Rain,52.5,0.533,1,223.27,9.26,0
SHP-105691,Calgary AB,Regina SK,PrairieLine,Express,Fragile,Silver,8,1178.9,1078.2,1,0,19.67,43.0,,6.9,Snow,40.9,0.26,1,144.46,28.75,1
SHP-105111,Toronto ON,Toronto ON,MapleFreight Fleet,Express,Hazardous,Bronze,10,414.3,659.0,2,0,6.59,18.0,5.5,1.8,Storm,48.1,0.258,0,,6.34,0
SHP-104127,Winnipeg MB,Calgary AB,MapleFreight Fleet,Express,General Freight,Silver,11,770.0,1269.1,5,0,14.75,2.0,2.5,9.5,Fog,48.6,0.475,1,176.08,13.0,0
SHP-104456,Toronto ON,Regina SK,MapleFreight Fleet,Express,General Freight,Silver,4,224.1,220.6,5,0,5.51,-20.0,2.4,6.5,Clear,55.4,0.353,1,228.87,5.15,0
SHP-102070,Toronto ON,Regina SK,NorthStar Carriers,Standard,Fragile,Gold,7,899.7,560.0,0,0,10.35,15.0,12.3,15.8,Storm,62.4,0.42,0,124.02,10.75,0
SHP-105197,Toronto ON,Ottawa ON,Contract Owner-Op,Standard,General Freight,Silver,10,620.5,273.5,0,0,7.91,52.0,4.9,8.9,Rain,48.0,0.381,0,298.55,7.75,0
SHP-104897,Calgary AB,Toronto ON,NorthStar Carriers,Standard,Bulk,Gold,6,583.6,415.4,2,0,8.75,28.0,6.1,4.2,Clear,39.9,0.379,0,250.28,8.23,0
SHP-105983,Winnipeg MB,Calgary AB,PrairieLine,Standard,General Freight,Silver,7,619.2,708.8,4,0,8.38,-20.0,5.7,7.5,,50.7,0.489,2,131.21,11.06,1
SHP-103892,Toronto ON,Edmonton AB,MapleFreight Fleet,Standard,Fragile,Bronze,10,521.3,530.1,3,0,10.77,35.0,7.5,1.7,Clear,43.7,0.378,3,220.92,10.11,0
SHP-104286,Mississauga ON,Toronto ON,NorthStar Carriers,Express,Hazardous,Silver,4,462.4,603.9,3,0,7.34,-20.0,6.9,5.2,Clear,43.5,0.411,0,140.27,7.39,0
SHP-104782,Calgary AB,Regina SK,PrairieLine,Economy,General Freight,Bronze,2,409.2,1336.4,4,0,8.01,41.0,2.3,10.2,Snow,72.2,0.095,2,256.24,12.72,1
SHP-103964,Calgary AB,Sudbury ON,MapleFreight Fleet,Standard,General Freight,Gold,1,578.3,1485.6,3,1,10.93,39.0,5.9,12.5,Storm,67.2,0.451,1,131.79,11.01,0
SHP-101382,Toronto ON,Regina SK,NorthStar Carriers,Standard,Fragile,Bronze,8,159.9,436.0,3,0,3.82,66.0,1.2,11.2,Snow,47.1,0.374,0,251.92,3.6,0
SHP-100139,Montreal QC,Toronto ON,NorthStar Carriers,Standard,Refrigerated,Silver,1,591.0,641.4,0,0,9.27,-20.0,8.4,5.5,Snow,64.5,0.315,1,92.48,9.78,0
SHP-100688,Montreal QC,Calgary AB,Contract Owner-Op,Standard,General Freight,Bronze,12,1014.7,715.2,1,0,14.37,65.0,8.1,3.4,Rain,53.9,0.41,1,291.03,20.56,1
SHP-102543,Montreal QC,Winnipeg MB,MapleFreight Fleet,Standard,Refrigerated,Silver,1,214.8,868.3,5,0,5.65,30.0,4.4,5.2,Fog,26.6,0.772,3,182.01,5.66,0
SHP-100671,Montreal QC,Toronto ON,MapleFreight Fleet,Economy,Refrigerated,Silver,5,666.2,899.2,2,1,11.38,34.0,10.9,8.5,Snow,38.1,0.259,0,214.37,11.68,0
SHP-101426,London ON,Regina SK,QuebecExpress,Economy,General Freight,Gold,7,627.3,768.3,5,0,13.21,8.0,8.5,2.5,Clear,51.9,0.347,2,194.68,13.64,0
SHP-104825,Winnipeg MB,Edmonton AB,Contract Owner-Op,Standard,General Freight,Bronze,5,1614.7,760200.0,5,0,25.46,10.0,1.7,5.6,Clear,64.7,0.53,1,163.73,34.45,1
SHP-103434,Montreal QC,Hamilton ON,NorthStar Carriers,Express,Hazardous,Silver,4,624.7,1075.2,1,0,7.92,45.0,11.1,1.8,Clear,52.3,0.404,0,168.02,8.13,0
SHP-101998,Calgary AB,Quebec City QC,PrairieLine,Standard,General Freight,Gold,1,385.0,535.1,4,0,6.45,-18.0,6.1,7.5,Storm,76.4,0.462,0,224.54,6.59,0
SHP-105698,Calgary AB,Edmonton AB,MapleFreight Fleet,Economy,General Freight,Silver,4,554.2,1833.8,0,0,7.77,62.0,8.5,5.8,Rain,56.7,0.967,1,259.64,8.04,0
SHP-101739,Toronto ON,Ottawa ON,MapleFreight Fleet,Standard,Fragile,Bronze,12,224.8,602.8,4,1,8.11,3.0,2.9,3.0,Clear,,0.875,0,181.24,8.57,0
SHP-103118,Mississauga ON,Winnipeg MB,NorthStar Carriers,Standard,General Freight,Gold,5,409.4,403.4,0,0,4.98,-20.0,2.3,8.7,Rain,49.9,0.493,1,105.76,5.24,0
SHP-104470,Calgary AB,Regina SK,PrairieLine,Standard,General Freight,Gold,3,492.3,558.6,2,0,7.88,45.0,8.0,6.0,Snow,64.1,0.367,0,242.38,7.13,0
SHP-104071,Calgary AB,Edmonton AB,Contract Owner-Op,Express,Fragile,Silver,2,420.8,397.4,1,0,7.38,44.0,6.0,12.9,Snow,42.0,0.334,2,215.31,6.58,0
SHP-102911,Ottawa ON,Toronto ON,MapleFreight Fleet,Standard,General Freight,Bronze,10,508.2,1678.9,3,0,8.32,67.0,10.6,13.8,Rain,50.0,0.514,0,185.46,7.84,0
SHP-105630,Calgary AB,Regina SK,MapleFreight Fleet,Express,Refrigerated,Silver,8,468.5,1361.8,1,1,5.58,-13.0,2.0,4.5,Snow,79.9,0.693,1,241.71,5.67,0
SHP-102095,Toronto ON,Toronto ON,MapleFreight Fleet,Economy,Refrigerated,Bronze,3,819.5,560.1,1,0,10.92,41.0,9.9,2.3,Rain,50.2,0.555,0,256.39,10.34,0
SHP-101075,Mississauga ON,Montreal QC,MapleFreight Fleet,Express,Refrigerated,Silver,6,279.8,399.3,2,0,3.79,-20.0,5.1,6.2,Clear,59.2,0.314,1,297.5,3.45,0
SHP-105791,Mississauga ON,Hamilton ON,NorthStar Carriers,Economy,Refrigerated,Gold,1,465.3,2025.1,3,0,10.49,43.0,10.0,5.3,Snow,58.2,0.678,1,180.53,12.53,1
SHP-104930,Montreal QC,Quebec City QC,QuebecExpress,Standard,Bulk,Bronze,10,497.6,1888.2,4,0,10.56,7.0,3.9,9.6,Clear,66.9,0.42,0,126.6,10.14,0
SHP-101823,Winnipeg MB,Regina SK,NorthStar Carriers,Standard,Hazardous,Silver,6,433.7,997.5,0,0,7.44,78.0,7.1,1.0,Clear,72.2,0.435,1,224.41,6.6,0
SHP-102825,Calgary AB,Winnipeg MB,MapleFreight Fleet,Standard,Bulk,Bronze,2,538.1,745.6,2,0,9.06,-20.0,4.8,1.1,Clear,59.9,0.339,3,251.04,8.88,0
SHP-100525,Montreal QC,Toronto ON,MapleFreight Fleet,Standard,General Freight,Gold,10,357.6,123.5,1,0,6.23,22.0,1.1,2.7,Clear,75.0,0.411,2,229.84,5.54,0
SHP-104919,Winnipeg MB,Sudbury ON,Contract Owner-Op,Standard,Fragile,Silver,12,681.7,384.8,1,0,10.93,9.0,1.4,3.7,Clear,89.6,0.041,0,106.29,9.9,0
SHP-102228,Montreal QC,Toronto ON,QuebecExpress,Express,General Freight,Silver,5,293.2,228.8,4,0,4.84,-20.0,7.4,2.1,Clear,52.8,0.615,2,237.39,4.27,0
SHP-100523,Toronto ON,Winnipeg MB,MapleFreight Fleet,Standard,Refrigerated,Bronze,12,708.2,827.6,4,1,11.99,14.0,17.3,5.2,Clear,57.2,0.427,1,176.13,11.88,0
SHP-104370,Calgary AB,Ottawa ON,PrairieLine,Economy,Refrigerated,Silver,7,569.4,1467.5,2,0,10.17,25.0,5.3,1.9,Snow,66.2,0.43,1,197.26,15.73,1
SHP-102703,Ottawa ON,Regina SK,QuebecExpress,standard,General Freight,Gold,2,362.8,362100.0,5,0,7.43,16.0,15.2,10.1,Clear,45.6,0.418,0,245.57,7.72,0
SHP-102648,Montreal QC,Hamilton ON,PrairieLine,Express,Hazardous,Bronze,6,411.0,289.2,4,0,5.48,2.0,3.9,3.0,Rain,56.1,0.729,2,231.45,4.99,0
SHP-105606,Toronto ON,Sudbury ON,MapleFreight Fleet,Express,General Freight,Silver,1,548.1,742.6,2,1,7.67,-6.0,12.8,5.3,Clear,59.3,0.262,1,138.2,8.06,0
SHP-100458,Mississauga ON,Sudbury ON,MapleFreight Fleet,Economy,General Freight,Silver,3,1401.8,1325.4,3,0,23.13,39.0,4.6,5.1,Rain,56.5,0.019,2,200.09,20.87,0
SHP-102114,Winnipeg MB,Montreal QC,Contract Owner-Op,Standard,General Freight,Silver,4,719.1,489.0,0,0,10.08,55.0,5.8,9.2,Snow,65.3,0.306,2,223.94,16.0,1
SHP-103256,Toronto ON,Sudbury ON,MapleFreight Fleet,standard,Bulk,Silver,5,459.1,892.5,3,1,7.45,10.0,5.1,4.1,Snow,72.6,0.454,2,230.84,11.26,1
SHP-100527,Toronto ON,Regina SK,NorthStar Carriers,Economy,Bulk,Silver,10,343.6,1046.1,1,0,4.98,25.0,6.7,2.7,Rain,40.5,0.327,2,267.36,5.19,0
SHP-100853,Toronto ON,Sudbury ON,PrairieLine,Economy,General Freight,Silver,4,552.9,692.5,5,0,11.39,35.0,11.8,4.4,Snow,43.6,0.373,2,73.6,11.18,0
SHP-101588,Mississauga ON,Edmonton AB,MapleFreight Fleet,Standard,Bulk,Silver,4,654.8,934.7,2,1,8.49,6.0,,5.0,Rain,12.7,0.483,1,259.14,8.14,0
SHP-100172,Ottawa ON,Sudbury ON,PrairieLine,Express,Fragile,Silver,12,1132.4,704.4,2,0,18.88,26.0,4.4,11.3,Fog,89.0,0.59,3,215.44,17.61,0
SHP-103446,Toronto ON,Montreal QC,MapleFreight Fleet,Express,General Freight,Bronze,8,618.8,1158.7,3,0,10.6,1.0,5.8,2.2,Clear,77.4,0.45,4,76.75,10.75,0
SHP-102459,Calgary AB,Winnipeg MB,QuebecExpress,Standard,Refrigerated,Silver,1,560.0,1033.1,2,0,9.03,-1.0,5.5,4.5,Fog,56.9,0.157,0,255.18,8.46,0
SHP-100163,Calgary AB,Regina SK,NorthStar Carriers,Standard,Fragile,Bronze,7,539.0,715.3,0,0,8.12,24.0,4.7,1.4,Clear,65.2,0.421,1,106.48,7.34,0
SHP-105283,Ottawa ON,Edmonton AB,NorthStar Carriers,Express,Bulk,Gold,2,1042.1,405.2,2,0,14.61,62.0,6.3,6.8,Clear,54.1,0.434,2,151.31,15.36,0
SHP-102626,Montreal QC,Montreal QC,MapleFreight Fleet,Standard,General Freight,Bronze,8,966.8,608.9,2,0,15.81,24.0,5.7,11.9,Clear,45.5,0.553,2,208.65,14.01,0
SHP-100033,Toronto ON,Toronto ON,MapleFreight Fleet,Standard,General Freight,Silver,12,617.4,787.4,4,1,13.24,28.0,8.2,7.5,Clear,46.3,0.558,0,252.31,11.68,0
SHP-105220,Toronto ON,Sudbury ON,MapleFreight Fleet,Economy,General Freight,Gold,4,251.7,233.3,5,0,6.92,31.0,10.4,1.6,Clear,66.0,0.261,4,208.44,6.82,0
SHP-101006,Montreal QC,Ottawa ON,MapleFreight Fleet,Standard,Fragile,Silver,3,710.9,335.3,1,0,9.15,-20.0,4.1,1.7,Clear,53.7,0.403,1,144.38,8.32,0
SHP-104139,Ottawa ON,Calgary AB,MapleFreight Fleet,Express,General Freight,Bronze,12,392.0,1084.2,3,0,7.4,15.0,1.8,4.2,Fog,13.5,0.391,1,58.47,6.57,0
SHP-100802,Toronto ON,Regina SK,QuebecExpress,Express,General Freight,Silver,3,137.2,1215.4,1,0,2.49,38.0,10.4,4.9,Clear,55.7,0.446,2,172.12,2.22,0
SHP-105519,Toronto ON,Toronto ON,MapleFreight Fleet,Standard,General Freight,Silver,12,702.0,438.0,5,0,15.24,16.0,13.2,3.6,Clear,67.5,0.709,2,165.13,13.63,0
SHP-103516,Toronto ON,Sudbury ON,PrairieLine,Express,General Freight,Gold,10,215.3,603.7,4,1,6.35,9.0,6.1,5.0,Rain,79.3,0.6,1,211.34,7.8,1
SHP-101763,Toronto ON,Quebec City QC,NorthStar Carriers,Standard,General Freight,Bronze,1,603.8,1220.3,0,0,5.8,30.0,5.2,3.2,Clear,69.9,0.579,0,227.84,5.17,0
SHP-101235,Toronto ON,Quebec City QC,MapleFreight Fleet,Economy,General Freight,Gold,6,387.5,870.6,5,0,9.49,31.0,7.2,1.9,Fog,41.8,0.578,2,228.69,9.66,0
SHP-103076,Ottawa ON,Quebec City QC,QuebecExpress,Express,Refrigerated,Gold,7,764.8,407.7,2,0,11.87,146.0,8.1,6.4,Clear,86.6,0.192,1,99.74,11.15,0
SHP-105846,Calgary AB,Ottawa ON,MapleFreight Fleet,Standard,General Freight,Silver,1,359.3,496.1,3,1,7.71,41.0,2.9,2.8,Snow,70.4,0.288,1,162.1,7.77,0
SHP-100269,Mississauga ON,Sudbury ON,MapleFreight Fleet,Standard,General Freight,Gold,1,176.3,712.1,5,0,4.82,49.0,7.1,4.0,Clear,64.6,0.255,0,242.71,5.1,0
SHP-103604,Calgary AB,Winnipeg MB,PrairieLine,Standard,Fragile,Silver,11,434.9,1406.0,0,0,5.82,-20.0,2.8,3.9,Clear,73.0,0.264,0,193.4,5.63,0
SHP-103282,Montreal QC,Montreal QC,NorthStar Carriers,Economy,General Freight,Silver,10,409.5,306.7,5,0,7.52,44.0,6.5,3.1,Clear,62.6,0.043,2,118.55,7.42,0
SHP-104610,Winnipeg MB,Montreal QC,QuebecExpress,Express,Bulk,Silver,3,411.5,1006.0,3,0,10.15,-5.0,6.8,6.8,Clear,72.2,0.288,2,187.82,9.54,0
SHP-102109,Ottawa ON,Montreal QC,MapleFreight Fleet,Economy,Refrigerated,Bronze,5,1671.9,262.0,2,1,24.37,31.0,7.5,5.2,Clear,37.9,0.329,1,95.07,36.45,1
SHP-102295,Ottawa ON,Winnipeg MB,MapleFreight Fleet,Standard,Fragile,Silver,1,306.9,303.3,5,0,7.0,-20.0,4.2,1.2,Rain,54.0,0.271,4,165.34,6.29,0
SHP-102384,Mississauga ON,Regina SK,QuebecExpress,Express,General Freight,Silver,5,944.6,1209400.0,4,0,13.92,14.0,7.1,10.2,Clear,49.5,0.526,0,140.77,12.92,0
SHP-103445,Ottawa ON,Calgary AB,MapleFreight Fleet,Standard,Refrigerated,Silver,7,1087.8,1118.0,4,0,17.51,15.0,3.4,2.7,Clear,52.0,0.775,2,62.68,16.38,0
SHP-101844,Montreal QC,Winnipeg MB,MapleFreight Fleet,Express,General Freight,Gold,2,816.8,899.1,4,0,12.65,-6.0,3.7,10.4,Clear,37.5,0.576,2,,13.35,0
SHP-102728,Toronto ON,Ottawa ON,MapleFreight Fleet,Economy,General Freight,Silver,1,608.6,458.2,5,0,11.54,-20.0,9.0,13.6,Clear,22.2,0.453,1,220.43,10.38,0
SHP-104179,Toronto ON,Winnipeg MB,MapleFreight Fleet,Express,Hazardous,Bronze,11,824.6,338.2,0,0,11.58,46.0,12.0,1.3,Storm,89.9,0.52,0,228.47,17.8,1
SHP-101050,Montreal QC,Regina SK,Contract Owner-Op,Standard,Refrigerated,Gold,5,395.0,1443.2,5,0,8.41,28.0,2.6,7.6,Snow,55.0,0.634,1,116.84,8.16,0
SHP-102268,Calgary AB,Calgary AB,MapleFreight Fleet,Standard,General Freight,Bronze,8,391.6,123.8,1,0,7.1,85.0,7.3,8.5,Clear,29.8,0.372,1,146.1,6.83,0
SHP-100099,Toronto ON,Edmonton AB,PrairieLine,Economy,General Freight,Gold,12,951.4,1240.3,5,0,15.1,12.0,3.7,4.5,Rain,46.4,0.569,2,232.78,13.71,0
SHP-102394,Montreal QC,Regina SK,NorthStar Carriers,Standard,Fragile,Bronze,5,205.6,1508.6,4,0,5.9,10.0,6.9,3.4,Snow,62.6,0.612,1,122.77,6.9,1
SHP-103657,Montreal QC,Ottawa ON,QuebecExpress,Standard,Bulk,Bronze,3,976.6,1180.8,0,0,12.29,43.0,5.4,5.6,Rain,63.3,0.52,1,211.47,11.27,0
SHP-101849,Montreal QC,Toronto ON,QuebecExpress,Standard,Bulk,Silver,6,411.8,700.8,3,1,8.36,-17.0,6.1,2.8,Clear,72.8,0.562,2,229.49,8.02,0
SHP-101104,Winnipeg MB,Quebec City QC,MapleFreight Fleet,Economy,Bulk,Gold,4,712.6,827.1,2,0,15.06,60.0,14.4,3.0,Clear,42.5,0.151,0,329.96,14.71,0
SHP-101650,Ottawa ON,Edmonton AB,PrairieLine,Express,General Freight,Silver,4,738.9,247.1,1,1,9.9,-19.0,3.3,4.6,Clear,71.2,0.296,2,258.95,9.43,0
SHP-104357,Calgary AB,Winnipeg MB,NorthStar Carriers,Standard,General Freight,Silver,10,1050.7,548.0,3,0,16.89,15.0,1.3,4.7,Rain,71.4,0.491,1,197.22,19.89,1
SHP-104793,Ottawa ON,Sudbury ON,NorthStar Carriers,Economy,Fragile,Bronze,4,469.6,1114.5,2,0,5.66,-20.0,8.5,12.5,Clear,67.8,0.173,0,178.41,5.47,0
SHP-101444,Mississauga ON,Winnipeg MB,PrairieLine,Standard,Hazardous,Bronze,3,227.2,511.7,3,0,7.09,11.0,7.3,8.6,Rain,56.3,0.348,2,183.19,7.02,0
SHP-104808,Ottawa ON,Sudbury ON,Contract Owner-Op,Standard,General Freight,Silver,1,522.1,1620.3,3,0,9.25,41.0,9.2,0.9,Snow,80.7,0.261,2,205.48,11.0,1
SHP-105709,Toronto ON,Edmonton AB,PrairieLine,Express,Fragile,Bronze,7,966.4,946.8,3,0,16.49,28.0,9.6,3.4,Rain,90.9,0.598,1,222.13,18.61,1
SHP-101856,Ottawa ON,Toronto ON,MapleFreight Fleet,Standard,General Freight,Silver,6,485.6,1611.9,2,0,7.71,10.0,3.5,8.6,Snow,57.2,0.571,0,213.17,7.71,0
SHP-102153,Mississauga ON,Hamilton ON,QuebecExpress,Standard,General Freight,Gold,4,372.7,1024.0,4,0,6.94,-17.0,5.8,1.6,Rain,56.1,0.333,2,295.63,7.08,0
SHP-102518,Ottawa ON,Hamilton ON,MapleFreight Fleet,Standard,Bulk,Silver,11,561.0,675.3,5,1,12.23,41.0,4.8,3.6,Snow,33.4,0.127,1,142.97,11.38,0
SHP-103563,Mississauga ON,Toronto ON,QuebecExpress,Economy,Bulk,Bronze,6,489.2,192.5,1,0,8.43,57.0,7.7,14.2,Fog,82.8,0.409,0,155.44,8.73,0
SHP-101408,Toronto ON,Montreal QC,MapleFreight Fleet,Express,General Freight,Silver,2,678.9,766.5,0,0,8.56,5.0,15.5,2.1,Fog,85.2,0.266,0,91.0,7.78,0
SHP-105245,Winnipeg MB,Montreal QC,MapleFreight Fleet,Express,General Freight,Silver,3,376.0,738.6,0,1,4.61,15.0,14.1,2.7,Rain,68.4,0.607,3,251.57,4.62,0
SHP-101124,Montreal QC,Winnipeg MB,PrairieLine,Economy,General Freight,Bronze,1,513.2,496.9,5,0,10.42,-20.0,5.3,7.0,Clear,63.6,0.072,1,265.25,10.9,0
SHP-102635,Ottawa ON,Hamilton ON,NorthStar Carriers,Express,Fragile,Bronze,2,348.1,565.2,0,0,1.37,24.0,7.6,7.6,Clear,49.1,0.36,4,142.23,1.41,0
SHP-103077,Mississauga ON,Sudbury ON,Contract Owner-Op,Express,Bulk,Silver,4,722.7,1346.0,0,0,9.28,-20.0,7.7,2.7,Clear,39.6,0.258,2,155.61,8.94,0
SHP-105281,Winnipeg MB,Winnipeg MB,PrairieLine,Standard,General Freight,Gold,9,998.9,646.2,0,0,12.39,14.0,4.5,2.6,Clear,69.4,0.835,3,232.39,12.86,0
SHP-102617,Mississauga ON,Quebec City QC,MapleFreight Fleet,Standard,Hazardous,Bronze,7,783.3,2006.3,1,0,11.66,39.0,4.0,12.5,Storm,71.5,0.496,0,327.59,14.53,1
SHP-103310,Montreal QC,Calgary AB,Contract Owner-Op,Economy,General Freight,Bronze,2,422.0,904.4,0,0,5.1,37.0,12.5,7.3,Snow,56.8,0.275,0,166.82,5.35,0
SHP-102381,Ottawa ON,Montreal QC,NorthStar Carriers,Economy,General Freight,Bronze,1,400.6,2448.3,5,0,8.78,7.0,1.2,4.8,Clear,67.3,0.873,0,228.57,13.34,1
SHP-105818,Toronto ON,Toronto ON,PrairieLine,standard,Bulk,Bronze,3,1609.9,1139.0,4,0,26.26,-20.0,5.7,13.1,Rain,70.5,0.179,2,140.43,41.24,1
SHP-104680,Mississauga ON,Hamilton ON,Contract Owner-Op,Standard,General Freight,Bronze,8,602.8,250.6,5,0,13.51,-20.0,5.3,2.8,Clear,44.4,0.654,0,205.45,12.82,0
SHP-102561,Ottawa ON,Sudbury ON,NorthStar Carriers,Standard,General Freight,Gold,11,499.9,583.7,4,0,10.88,-20.0,9.8,2.4,Clear,60.7,0.601,0,142.48,10.86,0
SHP-100358,Montreal QC,Calgary AB,Contract Owner-Op,Standard,General Freight,Bronze,8,981.1,353.7,2,0,17.21,-20.0,,4.1,Clear,79.1,0.266,2,218.77,22.16,1
SHP-102996,Toronto ON,Sudbury ON,Contract Owner-Op,Economy,Refrigerated,Bronze,3,483.4,1982.9,4,0,8.59,26.0,5.3,8.1,Rain,64.3,0.572,0,225.31,13.3,1
SHP-105244,Winnipeg MB,Winnipeg MB,NorthStar Carriers,Standard,Bulk,Gold,8,462.8,1092.3,5,0,10.17,40.0,8.7,3.4,Storm,25.6,0.386,1,282.33,9.58,0
SHP-100375,Toronto ON,Winnipeg MB,PrairieLine,Express,Refrigerated,Bronze,5,302.4,417.5,0,0,6.22,22.0,2.2,6.6,Snow,47.9,0.29,3,196.85,6.54,0
SHP-100510,Mississauga ON,Hamilton ON,NorthStar Carriers,Economy,Bulk,Silver,8,1325.8,446.4,4,1,20.05,48.0,1.5,18.0,Snow,81.1,0.382,1,246.19,31.16,1
SHP-101234,Calgary AB,Sudbury ON,MapleFreight Fleet,Express,Bulk,Silver,9,803.8,1499.7,1,0,11.67,-19.0,5.3,3.9,Clear,57.4,0.74,2,218.8,11.13,0
SHP-103263,Toronto ON,Ottawa ON,MapleFreight Fleet,Express,Refrigerated,Silver,4,937.6,1197.4,2,0,13.42,-0.0,4.3,2.6,Snow,22.6,0.684,1,252.88,11.97,0
SHP-102382,Winnipeg MB,Toronto ON,Contract Owner-Op,Express,General Freight,Silver,3,699.7,1214.3,0,0,8.25,83.0,5.0,4.5,Clear,47.6,0.634,0,79.84,7.98,0
SHP-104446,Mississauga ON,Montreal QC,MapleFreight Fleet,Express,Bulk,Silver,5,669.8,1302.6,3,0,12.77,-9.0,5.2,10.5,Rain,95.7,0.567,5,244.47,12.44,0
SHP-103653,Toronto ON,Toronto ON,MapleFreight Fleet,Economy,Refrigerated,Bronze,6,561.0,708.4,1,0,8.6,22.0,4.8,1.2,Clear,44.8,0.627,1,208.65,9.1,0
SHP-103640,Toronto ON,Calgary AB,QuebecExpress,Express,General Freight,Silver,8,261.1,1041.7,2,0,5.04,37.0,8.2,6.8,Clear,30.4,0.5,2,171.78,4.96,0
SHP-103054,Calgary AB,Regina SK,PrairieLine,Standard,General Freight,Silver,8,322.7,983.6,3,0,8.18,-20.0,8.9,19.3,Rain,60.4,0.675,1,59.68,12.21,1
SHP-103459,Ottawa ON,Hamilton ON,PrairieLine,Express,General Freight,Silver,4,673.9,638.2,2,0,11.66,70.0,,5.5,Clear,70.4,0.313,4,244.04,16.96,1
SHP-100291,Toronto ON,Edmonton AB,MapleFreight Fleet,Standard,Hazardous,Bronze,12,770.3,545.9,5,0,12.82,69.0,3.7,2.0,Clear,77.5,0.456,2,73.22,12.3,0
SHP-105106,Toronto ON,Winnipeg MB,PrairieLine,Standard,Fragile,Silver,11,670.6,553.3,4,0,13.36,0.0,11.9,5.6,Clear,44.1,0.211,4,222.55,16.09,1
SHP-101194,Mississauga ON,Quebec City QC,PrairieLine,Economy,General Freight,Gold,6,472.5,853.7,3,0,8.09,-10.0,11.9,9.1,Clear,24.1,0.141,1,67.79,7.59,0
SHP-100618,Toronto ON,Toronto ON,NorthStar Carriers,Express,Hazardous,Bronze,4,564.3,1668.9,5,0,8.4,29.0,5.2,5.7,Snow,63.7,0.144,0,183.79,12.05,1
SHP-101092,Ottawa ON,Toronto ON,Contract Owner-Op,Standard,Refrigerated,Silver,12,553.8,2153.1,1,0,8.36,23.0,2.0,4.6,Rain,59.4,0.656,2,273.19,10.8,1
SHP-100692,Toronto ON,Calgary AB,PrairieLine,Standard,Refrigerated,Bronze,10,577.2,287.6,4,0,13.79,40.0,4.5,6.4,Rain,42.5,0.557,3,91.01,20.31,1
SHP-102771,Ottawa ON,Sudbury ON,PrairieLine,Standard,General Freight,Silver,8,419.3,581.4,1,0,7.6,-3.0,2.4,8.5,Rain,68.2,0.432,1,119.19,7.28,0
SHP-105777,Toronto ON,Edmonton AB,MapleFreight Fleet,Express,Hazardous,Silver,12,489.6,2119.4,5,0,10.28,17.0,6.1,5.3,Clear,69.8,0.683,1,122.81,9.67,0
SHP-103385,Mississauga ON,Calgary AB,Contract Owner-Op,Standard,Fragile,Silver,7,289.7,1130.8,5,0,6.91,57.0,5.5,3.8,Storm,32.0,0.651,1,263.28,10.35,1
SHP-103347,London ON,Toronto ON,MapleFreight Fleet,Express,Hazardous,Silver,9,1205.0,1771.4,2,0,16.5,-20.0,5.7,1.7,Snow,77.7,0.518,0,169.68,22.48,1
SHP-105515,Toronto ON,Montreal QC,NorthStar Carriers,Standard,Hazardous,Silver,12,378.7,998.7,0,0,4.02,-4.0,10.0,13.4,Fog,32.8,0.745,0,181.15,3.66,0
SHP-101707,Calgary AB,Quebec City QC,NorthStar Carriers,Standard,General Freight,Bronze,2,843.0,361.9,1,0,13.63,-20.0,3.3,2.8,Storm,48.7,0.252,2,295.16,15.47,1
SHP-100571,Calgary AB,Calgary AB,Contract Owner-Op,Economy,General Freight,Bronze,6,545.8,521.0,0,0,7.63,16.0,,8.2,Clear,64.8,0.415,2,213.75,7.19,0
SHP-102150,London ON,Winnipeg MB,QuebecExpress,Standard,General Freight,Bronze,4,371.2,386.7,4,0,6.54,-11.0,12.8,4.1,Snow,88.9,0.334,1,181.86,5.97,0
SHP-102005,Montreal QC,Montreal QC,MapleFreight Fleet,Standard,General Freight,Silver,1,464.3,443.1,3,0,6.5,33.0,3.8,4.0,Clear,77.6,0.457,2,208.72,6.36,0
SHP-103704,Calgary AB,Calgary AB,Contract Owner-Op,Express,General Freight,Silver,10,538.8,526.4,2,0,10.77,26.0,5.2,6.7,Clear,21.5,0.4,0,134.04,11.39,0
SHP-100129,Toronto ON,Quebec City QC,QuebecExpress,Standard,General Freight,Silver,8,1127.3,99.5,0,0,15.37,-9.0,1.2,2.3,Clear,35.8,0.42,0,165.16,15.5,0
SHP-103249,Winnipeg MB,Edmonton AB,MapleFreight Fleet,Express,Bulk,Gold,12,423.0,280.9,1,0,7.67,48.0,6.9,6.7,Clear,53.5,0.141,2,168.04,7.1,0
SHP-104249,Calgary AB,Ottawa ON,MapleFreight Fleet,Standard,Bulk,Silver,10,292.8,324.4,0,0,7.01,-20.0,0.7,5.7,Clear,48.4,0.474,1,77.75,6.95,0
SHP-105326,Mississauga ON,Winnipeg MB,MapleFreight Fleet,Economy,General Freight,Gold,11,446.4,689.1,5,0,10.13,70.0,4.8,7.8,Snow,54.6,0.454,2,273.72,10.05,0
SHP-105114,Toronto ON,Montreal QC,PrairieLine,Standard,Bulk,Bronze,4,1018.0,2086.8,3,0,17.47,66.0,6.0,6.0,Rain,53.5,0.376,0,206.76,19.77,1
SHP-102786,Ottawa ON,Calgary AB,PrairieLine,Express,Refrigerated,Silver,9,289.8,751.4,4,0,6.6,69.0,20.2,6.3,Snow,51.8,0.195,0,134.13,6.4,0
SHP-102705,Winnipeg MB,Hamilton ON,NorthStar Carriers,Express,General Freight,Silver,8,408.1,2874.0,1,1,5.9,36.0,19.4,8.9,Rain,65.7,0.055,1,201.73,5.64,0
SHP-105855,Toronto ON,Calgary AB,MapleFreight Fleet,Economy,Fragile,Bronze,11,574.1,1259.8,5,0,10.21,24.0,4.4,2.5,Rain,79.8,0.25,1,234.56,9.21,0
SHP-105159,Mississauga ON,Edmonton AB,MapleFreight Fleet,Standard,General Freight,Silver,12,659.8,706.9,3,0,10.52,-20.0,3.0,2.4,Clear,46.9,0.322,0,229.59,9.92,0
SHP-104726,London ON,Regina SK,MapleFreight Fleet,Standard,Hazardous,Silver,10,1248.9,1394.2,2,0,18.14,-20.0,2.7,5.5,Clear,100.0,0.839,0,112.43,18.13,0
SHP-100996,Calgary AB,Montreal QC,MapleFreight Fleet,Standard,Fragile,Bronze,11,703.2,125.3,2,0,12.69,34.0,8.0,5.2,Clear,46.2,0.278,0,182.74,12.05,0
SHP-102647,Montreal QC,Ottawa ON,PrairieLine,Economy,General Freight,Silver,2,247.5,355.3,3,0,5.31,1.0,7.3,15.4,Snow,51.5,0.248,2,51.0,5.19,0
SHP-100557,London ON,Hamilton ON,NorthStar Carriers,economy,Fragile,Bronze,9,486.7,773.6,1,0,7.8,54.0,4.7,6.4,Rain,85.4,0.446,0,140.66,7.69,0
SHP-100738,Winnipeg MB,Quebec City QC,QuebecExpress,Economy,General Freight,Silver,12,1047.9,541.9,4,0,21.09,35.0,,2.7,Rain,42.5,0.559,0,186.72,21.18,0
SHP-104082,Ottawa ON,Edmonton AB,MapleFreight Fleet,Standard,Fragile,Gold,1,661.5,1739.5,3,0,13.73,32.0,7.2,2.7,Rain,12.9,0.265,5,114.0,12.41,0
SHP-104227,Calgary AB,Regina SK,PrairieLine,Economy,General Freight,Gold,4,446.4,3694.5,4,1,9.36,8.0,6.2,0.7,Clear,55.1,0.453,0,122.71,8.56,0
SHP-100145,Mississauga ON,Montreal QC,MapleFreight Fleet,Standard,Bulk,Bronze,5,511.2,176.4,1,0,5.97,-5.0,4.7,11.3,Rain,37.6,0.565,0,217.54,5.97,0
SHP-100482,Mississauga ON,Ottawa ON,MapleFreight Fleet,Economy,Hazardous,Bronze,3,557.1,968.4,4,0,11.57,-20.0,4.7,5.7,Fog,33.1,0.555,3,168.15,11.89,0
SHP-102643,Toronto ON,Hamilton ON,NorthStar Carriers,Express,Bulk,Gold,1,412.9,220.8,2,0,7.64,44.0,2.0,2.4,Rain,45.8,0.618,2,241.86,6.85,0
SHP-100305,Winnipeg MB,Edmonton AB,Contract Owner-Op,Standard,Hazardous,Bronze,10,446.6,1585.6,3,0,8.54,-2.0,12.1,6.7,Clear,84.9,0.834,0,108.66,9.92,1
SHP-101788,Toronto ON,Sudbury ON,MapleFreight Fleet,Economy,Bulk,Silver,11,433.5,1570.4,0,0,5.69,35.0,3.7,7.6,Clear,58.0,0.625,2,148.43,7.19,1
SHP-102460,Mississauga ON,Ottawa ON,PrairieLine,Economy,Fragile,Silver,8,466.4,691.0,5,0,10.15,20.0,9.4,4.2,,47.0,0.163,2,69.19,8.96,0
SHP-100126,Toronto ON,Regina SK,NorthStar Carriers,Express,General Freight,Silver,7,1029.5,488.9,2,0,15.29,-15.0,1.9,11.1,Clear,58.8,0.652,0,194.57,13.88,0
SHP-101743,Mississauga ON,Toronto ON,Contract Owner-Op,Economy,General Freight,Bronze,8,680.6,855.1,0,0,9.44,-20.0,2.5,3.1,Clear,61.9,0.218,0,196.6,9.15,0
SHP-105242,London ON,Quebec City QC,PrairieLine,Standard,Fragile,Gold,6,307.8,327.9,4,1,8.51,92.0,4.1,3.0,Clear,22.4,0.251,1,202.31,8.36,0
SHP-100028,Calgary AB,Hamilton ON,MapleFreight Fleet,Standard,Hazardous,Silver,1,2085.6,483.0,4,0,32.18,18.0,7.5,6.4,Clear,,0.558,2,195.45,33.75,0
SHP-102252,London ON,Ottawa ON,NorthStar Carriers,Standard,General Freight,Gold,7,920.8,1164.3,5,0,16.96,-7.0,2.7,2.8,Snow,74.7,0.339,1,112.37,17.29,0
SHP-104396,Winnipeg MB,Regina SK,NorthStar Carriers,Express,Refrigerated,Silver,2,329.2,718.4,1,0,7.54,16.0,14.7,10.6,Rain,51.3,0.48,2,290.84,7.56,0
SHP-100598,Winnipeg MB,Hamilton ON,MapleFreight Fleet,standard,Fragile,Silver,12,959.1,565.0,3,1,16.72,-19.0,6.4,5.4,Rain,65.4,0.254,2,173.84,16.98,0
SHP-103070,London ON,Quebec City QC,MapleFreight Fleet,Economy,Refrigerated,Bronze,8,368.4,731.2,5,0,7.06,-6.0,10.5,2.3,Rain,67.1,0.659,0,255.64,7.2,0
SHP-104447,Mississauga ON,Winnipeg MB,MapleFreight Fleet,Standard,General Freight,Silver,1,346.0,1334.7,3,0,4.82,51.0,,7.6,Clear,64.1,0.371,2,,4.26,0
SHP-101490,Ottawa ON,Edmonton AB,PrairieLine,Standard,General Freight,Silver,11,240.0,807.7,5,0,7.4,72.0,16.3,2.7,Clear,,0.396,0,171.93,7.46,0
SHP-101211,Winnipeg MB,Edmonton AB,MapleFreight Fleet,Economy,Fragile,Silver,7,184.6,476.8,5,0,6.76,47.0,4.3,9.4,Rain,59.5,0.088,2,164.69,7.83,1
SHP-105841,Toronto ON,Ottawa ON,MapleFreight Fleet,Express,Bulk,Gold,8,600.5,588.0,3,0,12.24,-5.0,12.4,2.5,Clear,55.3,0.433,0,305.81,12.89,0
SHP-102190,Calgary AB,Montreal QC,QuebecExpress,Express,General Freight,Gold,9,427.4,1029.7,1,0,6.08,40.0,14.1,9.1,Clear,89.6,0.304,1,200.3,6.35,0
SHP-102792,Toronto ON,Toronto ON,QuebecExpress,Standard,General Freight,Gold,5,389.3,368.3,2,0,5.81,68.0,2.4,4.1,Fog,57.9,0.226,0,143.73,5.55,0
SHP-100208,London ON,Edmonton AB,NorthStar Carriers,Standard,Fragile,Silver,6,474.1,1110.8,0,0,6.3,28.0,6.4,2.0,Fog,81.9,0.404,0,169.35,6.21,0
SHP-105382,Montreal QC,Calgary AB,Contract Owner-Op,Standard,General Freight,Bronze,7,979.0,939.6,5,0,20.15,-20.0,1.2,1.3,Rain,55.1,0.452,1,228.75,20.14,0
SHP-101485,Toronto ON,Toronto ON,PrairieLine,Standard,General Freight,Bronze,10,753.4,1257.8,2,0,10.7,-20.0,1.8,2.4,Snow,67.9,0.5,1,,10.33,0
SHP-104029,London ON,Hamilton ON,MapleFreight Fleet,Standard,Hazardous,Bronze,3,507.4,468.4,3,0,8.58,10.0,4.6,6.2,Clear,41.5,0.402,3,159.87,8.65,0
SHP-101243,Montreal QC,Hamilton ON,QuebecExpress,Standard,Refrigerated,Silver,1,756.7,305.2,2,0,10.25,28.0,5.8,1.7,Snow,55.0,0.603,1,175.9,14.82,1
SHP-101832,Toronto ON,Sudbury ON,MapleFreight Fleet,Standard,Refrigerated,Silver,11,285.3,106.5,1,0,5.53,7.0,0.9,4.6,Rain,58.9,0.577,1,177.8,5.45,0
SHP-105854,Montreal QC,Hamilton ON,QuebecExpress,Economy,General Freight,Silver,5,325.9,539.9,1,0,6.61,6.0,3.4,3.4,Clear,64.2,0.158,0,235.76,6.93,0
SHP-105345,Montreal QC,Calgary AB,MapleFreight Fleet,Standard,Bulk,Gold,3,539.7,533.6,1,0,9.63,-5.0,9.9,7.1,Clear,63.0,0.305,2,176.33,8.83,0
SHP-100321,London ON,Regina SK,QuebecExpress,Economy,Hazardous,Silver,3,542.2,299.5,3,0,10.78,-3.0,4.2,10.3,Rain,74.3,0.699,0,200.48,10.79,0
SHP-100824,Montreal QC,Hamilton ON,Contract Owner-Op,Standard,Fragile,Gold,9,803.9,404.6,4,0,13.81,-1.0,6.6,5.5,Clear,47.7,0.495,0,208.02,12.62,0
SHP-101176,Mississauga ON,Montreal QC,NorthStar Carriers,Standard,General Freight,Silver,10,311.6,180.3,1,0,5.34,10.0,3.8,11.3,Clear,49.0,0.388,1,129.34,5.41,0
SHP-100905,Ottawa ON,Winnipeg MB,QuebecExpress,Standard,General Freight,Silver,8,515.6,2618.1,1,0,6.92,-14.0,3.6,2.4,Clear,79.2,0.366,3,242.81,6.31,0
SHP-101593,Toronto ON,Toronto ON,PrairieLine,Express,General Freight,Silver,5,202.1,1264.9,0,1,2.12,-14.0,15.8,6.1,Clear,51.5,0.076,1,86.4,2.07,0
SHP-100337,Winnipeg MB,Edmonton AB,PrairieLine,Express,General Freight,Silver,11,456.3,462.5,3,0,9.92,-20.0,2.5,3.8,Clear,61.8,0.127,1,141.1,9.02,0
SHP-105200,Calgary AB,Winnipeg MB,MapleFreight Fleet,Standard,General Freight,Silver,1,860.0,797.3,1,0,10.79,134.0,7.1,4.4,Clear,68.9,0.708,1,86.33,16.26,1
SHP-102994,Montreal QC,Sudbury ON,PrairieLine,Express,Refrigerated,Silver,3,333.2,273.2,1,0,4.87,-14.0,0.2,4.5,Snow,34.7,0.357,4,102.71,4.53,0
SHP-103165,Mississauga ON,Regina SK,Contract Owner-Op,Standard,General Freight,Silver,10,491.7,879.2,0,0,6.14,-10.0,4.6,2.7,Clear,57.6,0.586,2,262.3,5.73,0
SHP-105604,Toronto ON,Sudbury ON,NorthStar Carriers,Standard,General Freight,Gold,6,1937.3,902.9,3,0,27.04,-20.0,6.9,4.7,Rain,45.9,0.841,2,168.17,38.02,1
SHP-104803,Calgary AB,Ottawa ON,MapleFreight Fleet,Standard,Fragile,Bronze,2,394.5,1804.6,0,1,6.42,2.0,,6.6,Snow,96.7,0.28,1,166.71,5.9,0
SHP-105907,Mississauga ON,Winnipeg MB,QuebecExpress,Economy,General Freight,Silver,7,608.3,1579.4,4,0,10.85,43.0,18.8,5.1,Snow,65.4,0.241,0,167.58,10.17,0
SHP-105759,Toronto ON,Montreal QC,NorthStar Carriers,Economy,Fragile,Bronze,5,575.4,712.0,3,0,9.49,-5.0,13.9,6.5,Fog,70.9,0.403,2,195.44,9.46,0
SHP-105391,Toronto ON,Sudbury ON,MapleFreight Fleet,Economy,Fragile,Bronze,2,643.7,249.4,0,0,9.36,2.0,2.2,3.2,Rain,56.2,0.624,1,141.86,9.12,0
SHP-104438,Montreal QC,Edmonton AB,NorthStar Carriers,Standard,General Freight,Bronze,6,914.8,784.5,1,1,14.58,35.0,4.7,6.0,Clear,38.1,0.307,2,125.62,13.15,0
SHP-103722,Montreal QC,Edmonton AB,MapleFreight Fleet,Standard,Refrigerated,Bronze,11,1686.5,454.9,3,0,25.71,-10.0,1.1,7.4,Clear,73.6,0.543,3,79.88,23.14,0
SHP-100512,Winnipeg MB,Ottawa ON,QuebecExpress,standard,General Freight,Silver,3,105.0,922.1,1,0,4.24,-6.0,2.1,12.7,Fog,50.4,0.553,2,191.06,4.39,0
SHP-102761,Toronto ON,Sudbury ON,MapleFreight Fleet,Standard,Hazardous,Silver,5,337.0,219.4,3,0,6.53,43.0,17.1,4.4,Clear,49.8,0.665,1,202.94,8.28,1
SHP-105722,Toronto ON,Winnipeg MB,NorthStar Carriers,Express,General Freight,Bronze,11,212.0,596.7,0,1,2.29,16.0,8.5,5.8,Clear,63.6,0.0,2,192.9,2.14,0
SHP-104788,Mississauga ON,Toronto ON,MapleFreight Fleet,Standard,Bulk,Bronze,10,662.7,1558.1,2,0,12.72,13.0,0.9,6.0,Clear,43.3,0.784,3,142.35,15.71,1
SHP-103120,Ottawa ON,Quebec City QC,MapleFreight Fleet,Economy,Refrigerated,Bronze,4,361.5,1658.3,4,0,6.82,-20.0,2.8,7.2,Storm,48.6,0.166,2,210.49,6.61,0
SHP-103332,Winnipeg MB,Quebec City QC,MapleFreight Fleet,Economy,General Freight,Silver,9,120.2,888.4,5,0,5.62,-20.0,5.5,5.7,Rain,65.6,0.291,2,,5.83,0
SHP-104070,Montreal QC,Montreal QC,QuebecExpress,Economy,Bulk,Gold,12,596.3,476.4,4,0,10.99,21.0,2.7,2.3,Snow,68.0,0.324,2,143.3,13.96,1
SHP-101366,Winnipeg MB,Montreal QC,PrairieLine,Standard,General Freight,Silver,8,416.3,930.1,0,0,5.73,-5.0,1.1,6.8,Rain,60.2,0.468,1,224.54,5.64,0
SHP-100990,Toronto ON,Sudbury ON,QuebecExpress,Express,General Freight,Bronze,8,221.5,734.2,5,1,8.13,-20.0,2.0,3.0,Clear,71.0,0.255,1,175.11,7.9,0
SHP-100856,Mississauga ON,Toronto ON,MapleFreight Fleet,Standard,Hazardous,Silver,2,559.6,511.0,1,0,4.78,49.0,4.0,9.1,Snow,64.3,0.548,0,203.27,4.38,0
SHP-105020,Toronto ON,Winnipeg MB,NorthStar Carriers,Standard,General Freight,Bronze,4,416.3,606.3,3,0,9.48,19.0,1.1,8.1,Clear,52.1,0.363,2,220.56,14.03,1
SHP-102881,Toronto ON,Calgary AB,QuebecExpress,Express,General Freight,Gold,8,927.3,1240.1,1,0,11.91,6.0,5.8,8.1,Snow,56.5,0.357,2,217.9,11.69,0
SHP-104621,Calgary AB,Sudbury ON,MapleFreight Fleet,Standard,Hazardous,Bronze,2,354.1,1565.3,2,0,6.86,-3.0,4.0,9.2,Fog,83.2,0.529,0,206.79,6.47,0
SHP-105413,Toronto ON,Sudbury ON,NorthStar Carriers,Economy,Fragile,Gold,4,577.8,1852.2,2,0,10.3,-20.0,3.3,5.4,Rain,32.7,0.425,2,201.72,9.18,0
SHP-100260,Mississauga ON,Montreal QC,MapleFreight Fleet,Express,General Freight,Silver,11,700.3,1572.2,1,1,10.53,-20.0,,2.9,Clear,70.5,0.427,0,148.58,9.7,0
SHP-104881,Toronto ON,Regina SK,MapleFreight Fleet,Standard,General Freight,Silver,9,1076.2,641.8,2,0,17.72,-13.0,0.9,4.3,,67.2,0.514,1,184.0,23.13,1
SHP-104847,Mississauga ON,Regina SK,QuebecExpress,Economy,Refrigerated,Bronze,7,1522.3,596.0,3,0,22.17,41.0,6.5,5.6,Clear,57.4,0.42,2,121.69,32.58,1
SHP-105271,Toronto ON,Hamilton ON,NorthStar Carriers,Express,General Freight,Silver,1,418.6,366.5,2,0,7.42,20.0,3.9,6.5,Snow,56.6,0.294,0,91.36,6.58,0
SHP-104488,Toronto ON,Edmonton AB,MapleFreight Fleet,Economy,Fragile,Bronze,1,882.2,911.8,2,0,12.61,-20.0,5.5,5.2,Clear,45.7,0.805,2,159.27,11.6,0
SHP-101244,Toronto ON,Sudbury ON,QuebecExpress,Standard,General Freight,Gold,9,679.1,188.9,1,0,10.08,-5.0,5.3,11.0,Clear,,0.371,0,93.97,9.04,0
SHP-103949,Mississauga ON,Regina SK,MapleFreight Fleet,Standard,Refrigerated,Silver,8,474.3,1227.6,5,0,11.75,57.0,3.0,2.7,Fog,59.9,0.419,1,36.53,11.65,0
SHP-105849,Ottawa ON,Toronto ON,MapleFreight Fleet,Express,General Freight,Bronze,1,739.9,1745.4,5,0,15.07,-3.0,7.4,4.6,Clear,69.2,0.22,1,159.11,15.82,0
SHP-102464,Calgary AB,Montreal QC,MapleFreight Fleet,Standard,General Freight,Silver,7,542.6,542.2,1,0,8.76,-20.0,7.1,3.1,Snow,25.8,0.538,3,161.31,8.03,0
SHP-104993,Toronto ON,Winnipeg MB,NorthStar Carriers,Express,Hazardous,Bronze,6,840.7,684.2,1,0,13.65,-1.0,2.5,3.4,Clear,56.7,0.651,0,209.71,13.25,0
SHP-100098,Mississauga ON,Edmonton AB,MapleFreight Fleet,Express,General Freight,Silver,8,817.8,1090.2,4,0,14.66,78.0,9.3,15.4,Clear,60.6,0.407,1,269.28,21.1,1
SHP-104990,Winnipeg MB,Quebec City QC,MapleFreight Fleet,Standard,General Freight,Silver,11,1337.9,357.6,3,0,20.4,21.0,4.2,2.7,Rain,69.4,0.471,2,170.21,21.32,0
SHP-102677,Calgary AB,Toronto ON,MapleFreight Fleet,Economy,Hazardous,Silver,10,359.6,1526.5,0,1,6.06,40.0,3.0,4.5,,48.3,0.612,1,,6.18,0
SHP-103163,Toronto ON,Ottawa ON,PrairieLine,Standard,General Freight,Bronze,3,1056.3,2311.7,5,0,19.15,42.0,2.3,3.5,Clear,63.0,0.406,2,132.47,26.86,1
SHP-105762,Winnipeg MB,Calgary AB,MapleFreight Fleet,Express,General Freight,Silver,1,530.7,1840.9,3,0,9.64,5.0,5.8,7.2,Snow,93.6,0.34,1,135.01,9.31,0
SHP-104137,Ottawa ON,Hamilton ON,NorthStar Carriers,Economy,General Freight,Bronze,2,279.5,1267.1,3,0,6.19,-20.0,4.6,5.1,Fog,42.5,0.636,0,168.4,7.64,1
SHP-100118,Toronto ON,Sudbury ON,MapleFreight Fleet,Express,General Freight,Silver,11,1151.3,1097.7,2,0,18.87,22.0,11.2,7.0,Snow,78.8,0.141,1,94.24,17.03,0
SHP-103536,London ON,Toronto ON,PrairieLine,Standard,General Freight,Bronze,5,260.8,175.1,4,1,4.43,-6.0,16.2,6.5,Rain,50.2,0.246,2,169.78,4.14,0
SHP-105701,Mississauga ON,Calgary AB,QuebecExpress,Express,General Freight,Gold,4,853.9,1879.4,1,1,13.7,67.0,6.8,2.1,Clear,64.7,0.34,3,194.03,13.67,0
SHP-103877,Toronto ON,Regina SK,MapleFreight Fleet,Standard,General Freight,Silver,4,741.7,416.6,2,0,13.1,-9.0,1.5,3.3,Clear,29.4,0.53,1,251.7,12.07,0
SHP-102443,Calgary AB,Calgary AB,MapleFreight Fleet,Economy,Hazardous,Bronze,9,455.3,815.3,4,0,10.06,-3.0,4.9,9.4,,45.1,0.353,1,211.26,9.49,0
SHP-102816,Montreal QC,Quebec City QC,MapleFreight Fleet,Express,General Freight,Silver,10,461.9,193.7,4,0,11.13,7.0,6.2,2.5,Snow,57.5,0.505,5,30.0,11.1,0
SHP-104107,Toronto ON,Toronto ON,PrairieLine,Standard,General Freight,Gold,4,218.2,334.7,0,0,4.7,2.0,3.5,8.1,Clear,51.0,0.324,4,193.83,4.58,0
SHP-105166,Toronto ON,Quebec City QC,MapleFreight Fleet,Express,General Freight,Gold,10,1201.4,1660.7,0,1,18.44,45.0,7.0,6.0,Snow,73.3,0.643,0,226.53,16.35,0
SHP-104527,Mississauga ON,Calgary AB,Contract Owner-Op,standard,General Freight,Bronze,8,406.9,758.0,1,0,7.51,80.0,16.8,5.0,Clear,61.1,0.458,1,172.45,7.0,0
SHP-102581,Montreal QC,Montreal QC,MapleFreight Fleet,Standard,Fragile,Silver,11,448.2,894.6,1,0,5.4,20.0,,4.2,Clear,78.7,0.173,1,80.79,5.14,0
SHP-105105,Toronto ON,Hamilton ON,QuebecExpress,Express,Hazardous,Silver,3,189.6,2666.5,0,0,2.13,21.0,7.6,4.6,Clear,65.1,0.116,1,92.26,2.07,0
SHP-103051,London ON,Montreal QC,NorthStar Carriers,Economy,General Freight,Gold,9,936.1,640.9,3,1,13.17,-20.0,9.6,1.2,Clear,46.2,0.781,4,205.88,17.99,1
SHP-101560,Toronto ON,Calgary AB,MapleFreight Fleet,Standard,General Freight,Gold,4,747.2,874.4,3,0,13.44,14.0,3.6,3.3,Snow,45.6,0.493,0,304.31,11.94,0
SHP-103753,Toronto ON,Winnipeg MB,PrairieLine,Standard,Hazardous,Silver,6,269.4,677.6,0,0,3.89,22.0,5.0,9.2,Clear,60.5,0.29,2,263.32,4.12,0
SHP-103547,Mississauga ON,Edmonton AB,Contract Owner-Op,Standard,General Freight,Silver,12,1051.9,1434.2,3,0,16.78,32.0,1.9,3.4,Storm,87.5,0.188,0,216.38,22.52,1
SHP-100066,Toronto ON,Winnipeg MB,MapleFreight Fleet,Express,Fragile,Bronze,10,209.5,290.2,2,0,4.02,34.0,2.7,4.8,Clear,45.0,0.751,2,211.23,3.7,0
SHP-100633,Toronto ON,Edmonton AB,QuebecExpress,Economy,Refrigerated,Silver,11,556.7,875.7,4,0,10.73,-10.0,3.4,5.1,Rain,36.1,0.581,1,241.37,13.66,1
SHP-105275,Calgary AB,Sudbury ON,PrairieLine,Standard,Fragile,Bronze,3,581.3,332.8,3,1,10.03,47.0,7.2,3.4,Clear,54.2,0.351,0,229.1,9.6,0
SHP-100747,Winnipeg MB,Calgary AB,Contract Owner-Op,Standard,Hazardous,Bronze,6,315.8,1720.1,1,0,3.59,-15.0,6.5,6.2,Snow,47.7,0.505,1,120.69,5.42,1
SHP-100698,Montreal QC,Winnipeg MB,MapleFreight Fleet,Express,General Freight,Silver,4,256.8,1352.7,4,0,5.79,-3.0,2.8,7.3,Rain,59.8,0.859,3,218.45,5.66,0
SHP-104979,Toronto ON,Quebec City QC,MapleFreight Fleet,Standard,General Freight,Silver,7,309.3,672.4,3,0,4.21,-20.0,6.3,5.0,Storm,25.4,0.284,1,179.8,3.97,0
SHP-102546,Toronto ON,Regina SK,MapleFreight Fleet,Standard,General Freight,Gold,7,491.9,700.5,1,0,6.62,-20.0,4.1,6.2,Clear,69.9,0.804,2,174.86,6.21,0
SHP-103168,Mississauga ON,Toronto ON,NorthStar Carriers,Express,Bulk,Silver,12,844.3,857.3,5,0,14.7,31.0,1.5,12.7,Clear,41.5,0.374,1,134.36,15.03,0
SHP-100970,Ottawa ON,Montreal QC,NorthStar Carriers,Express,General Freight,Gold,5,537.2,992.6,0,0,8.47,-4.0,4.1,2.1,Snow,69.3,0.725,1,200.78,7.52,0
SHP-104272,Toronto ON,Ottawa ON,MapleFreight Fleet,Economy,General Freight,Gold,1,1272.9,275.3,5,0,21.09,-11.0,12.1,3.2,Clear,67.3,0.603,2,115.86,19.11,0
SHP-101713,Winnipeg MB,Sudbury ON,Contract Owner-Op,Express,Refrigerated,Bronze,10,755.7,1017.4,2,0,11.43,69.0,8.1,5.2,Clear,41.3,0.32,1,207.69,11.7,0
SHP-101989,Toronto ON,Quebec City QC,MapleFreight Fleet,Standard,General Freight,Silver,12,318.4,538.2,3,0,9.38,35.0,8.9,2.7,Rain,65.9,0.346,3,238.97,9.32,0
SHP-102666,Toronto ON,Toronto ON,NorthStar Carriers,Express,Refrigerated,Silver,6,326.9,224.1,3,0,5.73,78.0,2.3,2.6,Snow,55.3,0.444,2,155.22,6.93,1
SHP-101107,Toronto ON,Ottawa ON,QuebecExpress,economy,Bulk,Silver,3,746.4,1230.7,5,0,13.38,39.0,4.0,3.9,Rain,59.0,0.632,3,219.08,12.1,0
SHP-103073,Winnipeg MB,Toronto ON,MapleFreight Fleet,Economy,Refrigerated,Silver,3,244.1,522.8,1,0,3.12,-20.0,9.5,1.2,Clear,66.4,0.284,0,196.62,3.04,0
SHP-105877,Montreal QC,Sudbury ON,NorthStar Carriers,Standard,Bulk,Bronze,9,709.9,989.0,3,0,13.31,-2.0,2.1,1.1,Clear,62.9,0.299,2,211.46,13.01,0
SHP-105102,Calgary AB,Winnipeg MB,QuebecExpress,Economy,General Freight,Bronze,8,761.3,292.3,4,0,15.6,20.0,11.2,8.1,Clear,33.3,0.615,2,166.57,15.92,0
SHP-103538,Mississauga ON,Ottawa ON,MapleFreight Fleet,Standard,General Freight,Gold,2,1106.2,490.4,5,0,19.02,31.0,10.0,8.6,Rain,42.1,0.108,2,119.64,29.36,1
SHP-104234,Calgary AB,Calgary AB,MapleFreight Fleet,Express,General Freight,Silver,3,293.6,1674.8,5,1,6.56,5.0,1.2,10.4,Clear,77.8,0.271,3,221.81,6.84,0
SHP-103128,Montreal QC,Quebec City QC,MapleFreight Fleet,Standard,Fragile,Bronze,9,236.9,738.6,5,0,7.88,-14.0,8.9,4.1,Rain,66.4,0.706,2,192.53,8.22,0
SHP-100343,Ottawa ON,Regina SK,Contract Owner-Op,Standard,Hazardous,Bronze,1,674.0,1726.0,3,0,11.62,-20.0,17.0,0.5,Fog,77.1,0.338,2,183.11,10.31,0
SHP-105758,Mississauga ON,Calgary AB,PrairieLine,Express,General Freight,Bronze,10,775.6,1413.6,5,0,14.46,53.0,4.4,5.4,Clear,63.3,0.531,0,110.81,14.21,0
SHP-100253,Toronto ON,Calgary AB,MapleFreight Fleet,Standard,Bulk,Silver,1,1146.3,1338.2,4,0,19.28,-20.0,1.0,6.6,Clear,26.4,0.0,2,163.44,17.79,0
SHP-100761,Mississauga ON,Regina SK,NorthStar Carriers,Standard,Bulk,Bronze,4,910.9,1160.0,0,0,11.39,95.0,3.0,7.3,Clear,66.8,0.328,0,128.6,11.98,0
SHP-101481,Toronto ON,Hamilton ON,MapleFreight Fleet,Standard,Refrigerated,Gold,11,511.5,922.6,4,0,11.22,20.0,7.9,3.2,Rain,29.5,0.388,3,79.21,11.61,0
SHP-102375,Mississauga ON,Winnipeg MB,PrairieLine,Economy,Refrigerated,Bronze,5,360.9,380.0,1,0,5.27,14.0,2.7,5.9,Clear,6.7,0.493,1,160.96,5.32,0
SHP-104802,Toronto ON,Edmonton AB,QuebecExpress,Express,Hazardous,Silver,6,584.5,1259.0,1,0,7.02,-20.0,1.1,6.9,Rain,57.5,0.808,1,171.55,6.32,0
SHP-104288,Toronto ON,Montreal QC,PrairieLine,Standard,Bulk,Bronze,12,657.0,227.4,2,0,9.69,24.0,7.6,4.5,Snow,71.4,0.337,2,227.03,10.25,0
SHP-105838,Toronto ON,Winnipeg MB,QuebecExpress,Economy,General Freight,Silver,7,356.9,796.6,1,1,4.87,22.0,9.9,10.0,Clear,42.5,0.369,0,257.27,4.49,0
SHP-104115,Mississauga ON,Quebec City QC,QuebecExpress,Standard,General Freight,Bronze,8,779.8,1086.0,0,0,12.26,-20.0,3.9,2.5,Rain,58.6,0.499,0,118.95,11.34,0
SHP-102476,Toronto ON,Montreal QC,QuebecExpress,Standard,Hazardous,Silver,3,949.0,245.6,1,0,12.12,54.0,3.3,4.7,Storm,66.2,0.295,1,255.48,16.0,1
SHP-103548,Montreal QC,Calgary AB,Contract Owner-Op,Standard,General Freight,Gold,4,345.0,1111.6,4,0,6.42,-20.0,3.2,6.0,Clear,67.2,0.188,2,,5.9,0
SHP-104814,Mississauga ON,Montreal QC,MapleFreight Fleet,Standard,Refrigerated,Silver,9,420.8,1010.1,2,0,6.44,43.0,1.2,5.7,Rain,55.7,0.197,1,164.75,6.05,0
SHP-104695,Montreal QC,Quebec City QC,NorthStar Carriers,Express,General Freight,Bronze,7,429.9,1091.9,4,0,10.23,35.0,2.3,1.9,Rain,41.2,0.418,2,208.9,10.14,0
SHP-105750,Montreal QC,Ottawa ON,Contract Owner-Op,Express,General Freight,Silver,7,259.6,481.0,0,0,1.0,48.0,3.8,12.3,Clear,70.5,0.334,1,210.8,0.97,0
SHP-105087,Calgary AB,Calgary AB,NorthStar Carriers,Economy,General Freight,Silver,9,137.7,109.9,1,0,1.11,20.0,16.1,7.1,Clear,45.0,0.705,0,197.24,1.15,0
SHP-105237,Ottawa ON,Regina SK,Contract Owner-Op,Express,General Freight,Gold,6,693.8,168.1,1,0,10.24,18.0,6.4,6.7,Fog,41.3,0.116,1,202.24,10.29,0
SHP-100177,Winnipeg MB,Sudbury ON,Contract Owner-Op,Economy,General Freight,Silver,6,842.5,742.3,2,0,10.85,66.0,,10.9,Clear,58.6,0.446,4,184.94,10.38,0
SHP-102812,Mississauga ON,Ottawa ON,NorthStar Carriers,Standard,General Freight,Bronze,4,267.7,1240.8,4,1,6.1,-20.0,12.8,5.0,Snow,32.3,0.29,2,208.6,5.92,0
SHP-101808,Toronto ON,Winnipeg MB,NorthStar Carriers,Standard,Fragile,Silver,11,957.0,397.7,3,0,17.21,14.0,5.3,7.6,Fog,51.2,0.734,2,220.84,17.79,0
SHP-102018,London ON,Winnipeg MB,PrairieLine,Economy,Refrigerated,Silver,3,886.8,911.9,3,0,15.24,23.0,5.3,1.8,Clear,49.9,0.507,2,199.02,13.47,0
SHP-105307,Ottawa ON,Winnipeg MB,QuebecExpress,Express,General Freight,Gold,8,314.6,1372.3,4,0,7.25,81.0,3.9,5.6,Rain,49.9,0.305,1,316.03,7.53,0
SHP-101737,Toronto ON,Winnipeg MB,MapleFreight Fleet,Economy,Bulk,Silver,4,762.5,356.0,3,0,11.15,7.0,6.2,4.2,Snow,38.0,0.54,2,203.14,10.4,0
SHP-102183,Mississauga ON,Regina SK,QuebecExpress,Standard,General Freight,Bronze,4,638.6,553.3,0,0,5.94,-17.0,8.3,5.2,Clear,67.0,0.271,0,176.62,5.45,0
SHP-104859,Montreal QC,Calgary AB,MapleFreight Fleet,Economy,Fragile,Bronze,10,1044.3,985.7,1,0,14.0,-8.0,14.9,2.3,Clear,44.4,0.405,0,216.67,13.27,0
SHP-105141,Winnipeg MB,Hamilton ON,PrairieLine,Express,General Freight,Bronze,8,970.9,424.0,4,0,18.15,-20.0,1.9,1.6,,41.8,0.471,1,,19.08,0
SHP-100651,Ottawa ON,Montreal QC,QuebecExpress,Standard,Refrigerated,Silver,9,441.9,568.3,2,0,9.46,37.0,4.0,2.1,Snow,55.7,0.284,0,126.22,8.74,0
SHP-104511,Mississauga ON,Toronto ON,QuebecExpress,Economy,General Freight,Silver,8,450.2,423.7,1,0,4.4,20.0,6.2,7.8,Clear,68.4,0.673,0,167.6,4.07,0
SHP-102631,Ottawa ON,Montreal QC,NorthStar Carriers,Economy,Hazardous,Silver,8,455.6,384.3,2,0,7.0,35.0,18.6,5.8,Clear,52.0,0.563,2,129.45,6.47,0
SHP-105652,Toronto ON,Sudbury ON,NorthStar Carriers,Standard,Fragile,Bronze,10,411.7,475.1,5,0,9.58,-6.0,1.6,7.2,Snow,62.3,0.219,1,192.84,14.18,1
SHP-103568,Toronto ON,Hamilton ON,QuebecExpress,Standard,Bulk,Silver,6,468.7,181.8,4,1,9.35,41.0,5.0,6.9,Clear,57.0,0.398,1,290.88,9.65,0
SHP-102175,Mississauga ON,Toronto ON,MapleFreight Fleet,Standard,Bulk,Silver,3,422.9,776.7,2,1,5.8,-20.0,5.2,5.4,Rain,59.3,0.474,2,164.09,8.11,1
SHP-102409,Calgary AB,Edmonton AB,NorthStar Carriers,Express,General Freight,Silver,9,533.5,1257.4,0,0,6.21,90.0,4.5,6.9,Snow,80.5,0.91,1,163.55,8.45,1
SHP-105101,Ottawa ON,Ottawa ON,Contract Owner-Op,Standard,Hazardous,Gold,4,1424.4,1400.2,2,0,20.74,-14.0,3.8,18.1,Clear,47.7,0.41,4,141.68,30.25,1
SHP-102280,Ottawa ON,Montreal QC,MapleFreight Fleet,Standard,Bulk,Gold,7,718.1,457.6,2,1,9.33,91.0,3.9,3.0,Rain,70.5,0.527,0,174.37,8.74,0
SHP-104653,Mississauga ON,Calgary AB,MapleFreight Fleet,Standard,Bulk,Gold,4,882.7,1442.4,0,0,9.0,30.0,4.1,4.3,Rain,36.8,0.453,1,164.72,9.17,0
SHP-105940,Toronto ON,Sudbury ON,MapleFreight Fleet,Standard,Hazardous,Bronze,1,984.7,668.1,1,1,14.13,5.0,9.4,7.1,Clear,40.6,0.28,2,108.52,14.08,0
SHP-104650,Toronto ON,Edmonton AB,MapleFreight Fleet,Express,Bulk,Gold,7,246.4,690.3,1,0,3.63,71.0,11.4,3.1,Clear,59.9,0.292,1,211.56,3.73,0
SHP-101939,Winnipeg MB,Calgary AB,Contract Owner-Op,Standard,Bulk,Bronze,3,905.7,643.6,2,0,16.58,26.0,6.0,3.2,Clear,37.4,0.468,2,104.09,16.95,0
SHP-103479,Montreal QC,Calgary AB,QuebecExpress,Economy,General Freight,Silver,1,683.7,893.5,2,0,11.96,16.0,1.7,12.3,Clear,49.8,0.28,0,263.55,11.63,0
SHP-103349,Calgary AB,Ottawa ON,PrairieLine,Standard,Bulk,Bronze,11,776.0,334.6,1,0,11.78,35.0,5.0,2.2,Clear,60.1,0.659,2,220.39,10.46,0
SHP-104164,Mississauga ON,Ottawa ON,MapleFreight Fleet,standard,Refrigerated,Silver,12,576.6,710.0,3,1,10.46,67.0,2.8,8.5,Clear,68.3,0.354,2,228.26,9.5,0
SHP-102951,Ottawa ON,Hamilton ON,MapleFreight Fleet,Economy,Fragile,Silver,8,900.0,484.8,1,1,12.89,13.0,4.5,1.2,Rain,40.5,0.332,2,202.74,13.34,0
SHP-105143,Calgary AB,Winnipeg MB,QuebecExpress,Standard,Refrigerated,Bronze,5,443.9,1215.5,5,1,11.1,13.0,7.6,11.7,Snow,50.4,0.284,1,192.59,15.26,1
SHP-103505,Mississauga ON,Sudbury ON,MapleFreight Fleet,Economy,Refrigerated,Gold,6,774.1,358.1,2,0,12.86,18.0,1.8,5.3,Fog,53.5,0.36,0,104.83,13.48,0
SHP-104280,Mississauga ON,Sudbury ON,MapleFreight Fleet,Express,General Freight,Silver,12,382.0,631.9,0,1,7.19,45.0,6.9,2.7,Clear,68.0,0.464,3,161.49,7.29,0
SHP-104845,Montreal QC,Hamilton ON,QuebecExpress,Express,Refrigerated,Silver,8,612.1,1176.2,3,0,10.3,66.0,8.3,3.6,Clear,28.9,0.361,1,162.2,10.49,0
SHP-103179,Toronto ON,Toronto ON,MapleFreight Fleet,Standard,Refrigerated,Bronze,9,936.6,1229.6,0,0,10.86,-2.0,6.4,5.2,Snow,45.2,0.763,0,254.7,10.82,0
SHP-103433,Montreal QC,Quebec City QC,PrairieLine,Express,Bulk,Bronze,9,828.6,1625.4,2,1,12.49,80.0,10.6,9.1,Rain,76.7,0.138,1,204.2,12.45,0
SHP-102457,Calgary AB,Sudbury ON,MapleFreight Fleet,Express,General Freight,Silver,12,492.7,826.6,5,1,12.04,-8.0,25.9,7.0,Clear,69.2,0.337,2,198.53,16.12,1
SHP-101441,Mississauga ON,Toronto ON,MapleFreight Fleet,Standard,General Freight,Silver,3,345.4,693.8,5,0,9.58,-20.0,1.3,8.0,Clear,56.3,0.683,2,139.47,11.69,1
SHP-105239,Toronto ON,Calgary AB,PrairieLine,Standard,General Freight,Bronze,3,1964.5,1774.5,5,0,29.89,2.0,10.7,8.5,Clear,,0.537,1,150.88,45.71,1
SHP-101402,Toronto ON,Montreal QC,MapleFreight Fleet,Standard,General Freight,Gold,7,483.7,1595.2,2,0,7.54,56.0,7.4,3.7,Rain,67.1,0.329,1,183.8,7.73,0
SHP-103266,London ON,Sudbury ON,MapleFreight Fleet,Express,Fragile,Silver,6,720.7,1924.9,5,0,13.58,105.0,10.3,4.0,Fog,65.7,0.752,0,246.42,13.0,0
SHP-101016,Toronto ON,Calgary AB,QuebecExpress,Standard,Bulk,Gold,2,509.8,1255.8,4,0,10.71,-12.0,2.5,2.8,Clear,64.6,0.42,2,152.52,11.15,0
SHP-105657,Toronto ON,Calgary AB,MapleFreight Fleet,Standard,General Freight,Bronze,1,674.3,318.1,0,0,8.95,20.0,7.5,4.0,Storm,67.7,0.502,1,180.22,12.45,1
SHP-105538,Calgary AB,Calgary AB,PrairieLine,Express,General Freight,Silver,11,273.8,1253.5,4,0,6.32,-20.0,5.2,0.9,Clear,58.8,0.204,1,229.28,6.27,0
SHP-104293,Ottawa ON,Ottawa ON,NorthStar Carriers,Standard,Fragile,Gold,9,714.5,252.8,2,0,9.47,-16.0,,15.5,Clear,59.0,0.245,2,195.1,8.93,0
SHP-100803,Calgary AB,Edmonton AB,MapleFreight Fleet,Express,General Freight,Silver,7,852.0,1763.3,5,0,17.48,53.0,9.7,2.4,Snow,52.9,0.267,1,219.27,16.6,0
SHP-100982,Ottawa ON,Regina SK,MapleFreight Fleet,Standard,General Freight,Silver,2,918.5,951.7,3,0,15.36,-9.0,1.7,5.6,Rain,70.8,0.492,2,182.96,15.84,0
SHP-105810,Toronto ON,Regina SK,PrairieLine,Standard,Refrigerated,Silver,9,241.1,618.0,2,0,4.68,-20.0,4.9,5.4,Snow,14.8,0.354,1,251.32,4.64,0
SHP-105462,Mississauga ON,Winnipeg MB,MapleFreight Fleet,Standard,General Freight,Silver,9,787.0,543.9,5,0,13.56,57.0,15.8,3.0,Snow,35.1,0.396,2,200.63,15.94,1
SHP-105700,Calgary AB,Hamilton ON,NorthStar Carriers,Express,Hazardous,Bronze,6,799.1,390.7,1,0,12.66,23.0,8.8,1.3,Rain,66.3,0.662,0,,13.4,0
SHP-100790,Mississauga ON,Toronto ON,QuebecExpress,Standard,Hazardous,Bronze,8,590.5,1742.5,4,0,10.67,42.0,4.5,7.5,Rain,53.9,0.412,5,163.1,10.64,0
SHP-103529,Toronto ON,Quebec City QC,NorthStar Carriers,Standard,Refrigerated,Bronze,10,1242.5,171.0,2,0,18.53,-8.0,8.3,3.9,Clear,48.0,0.436,2,148.56,25.7,1
SHP-104224,Toronto ON,Sudbury ON,PrairieLine,Express,Fragile,Bronze,12,951.5,1962.9,3,1,16.49,13.0,8.5,4.8,Rain,59.2,0.237,2,151.8,15.63,0
SHP-104941,Calgary AB,Edmonton AB,QuebecExpress,Standard,General Freight,Bronze,2,1070.5,2222.7,1,1,15.64,6.0,2.3,3.9,Clear,23.1,0.258,1,171.11,13.77,0
SHP-105993,Ottawa ON,Regina SK,NorthStar Carriers,Standard,General Freight,Silver,8,571.4,1173.6,1,0,7.62,29.0,8.8,6.0,Rain,61.4,0.382,2,214.61,9.61,1
SHP-103010,London ON,Calgary AB,MapleFreight Fleet,Standard,General Freight,Bronze,5,501.3,334.9,3,0,6.56,10.0,12.5,7.1,Clear,35.3,0.414,3,110.6,5.96,0
SHP-104031,Calgary AB,Toronto ON,QuebecExpress,Express,General Freight,Silver,8,530.4,2823.7,0,0,7.66,99.0,4.4,0.9,Clear,82.3,0.534,2,182.28,6.95,0
SHP-101941,Mississauga ON,Calgary AB,NorthStar Carriers,Standard,Refrigerated,Bronze,9,551.8,1160.0,3,0,9.81,-7.0,,3.1,Snow,43.5,0.222,1,193.39,15.53,1
SHP-103493,London ON,Hamilton ON,MapleFreight Fleet,Economy,General Freight,Gold,5,804.0,1852.7,5,0,16.76,42.0,3.9,7.4,Rain,71.5,0.33,3,166.95,15.63,0
SHP-104018,Toronto ON,Quebec City QC,QuebecExpress,Economy,Bulk,Silver,12,435.1,470.5,1,0,7.19,9.0,1.2,13.7,Clear,67.5,0.307,3,159.44,8.26,1
SHP-102396,Mississauga ON,Calgary AB,MapleFreight Fleet,Standard,General Freight,Bronze,3,460.4,888.3,3,0,10.63,-7.0,7.3,3.3,Clear,100.0,0.575,3,233.57,11.2,0
SHP-101393,Ottawa ON,Quebec City QC,MapleFreight Fleet,Express,General Freight,Silver,9,643.0,1518.4,2,0,7.79,36.0,18.5,5.8,Fog,38.8,0.489,0,240.92,7.73,0
SHP-104211,Montreal QC,Winnipeg MB,MapleFreight Fleet,Standard,Refrigerated,Bronze,7,695.1,908.8,1,1,12.11,49.0,8.0,3.4,Clear,86.0,0.48,0,205.95,11.87,0
SHP-105554,Mississauga ON,Hamilton ON,NorthStar Carriers,Economy,Hazardous,Silver,3,622.4,691.7,0,1,10.49,-20.0,5.1,2.3,Snow,39.0,0.165,2,168.43,13.64,1
SHP-100331,Montreal QC,Quebec City QC,MapleFreight Fleet,Economy,Hazardous,Gold,9,454.3,1403.1,0,0,6.76,74.0,9.0,0.8,Snow,46.6,0.582,3,231.78,6.64,0
SHP-104562,Mississauga ON,Sudbury ON,MapleFreight Fleet,Express,General Freight,Bronze,2,478.9,492.1,0,0,6.95,22.0,11.1,3.6,Clear,68.4,0.269,1,90.68,7.29,0
SHP-101550,Toronto ON,Regina SK,QuebecExpress,Standard,Fragile,Silver,6,313.7,261.5,0,0,3.15,-20.0,4.2,5.3,Snow,46.5,0.54,1,113.53,3.31,0
SHP-104571,Ottawa ON,Regina SK,NorthStar Carriers,Standard,Refrigerated,Bronze,6,336.2,900.0,5,0,7.97,69.0,8.6,6.4,Rain,64.3,0.462,1,234.44,7.78,0
SHP-103731,Toronto ON,Toronto ON,PrairieLine,Standard,Refrigerated,Silver,5,581.3,338.7,2,0,11.26,-7.0,8.6,6.9,Clear,48.3,0.614,4,39.07,10.79,0
SHP-105772,Mississauga ON,Calgary AB,MapleFreight Fleet,Economy,Refrigerated,Silver,7,780.2,201.1,4,0,13.91,-20.0,4.3,15.2,Rain,50.6,0.258,3,336.27,13.24,0
SHP-100755,Toronto ON,Hamilton ON,MapleFreight Fleet,Standard,Hazardous,Gold,5,953.4,1267.2,5,0,17.93,-20.0,10.5,2.1,Clear,70.3,0.332,1,128.36,16.88,0
SHP-103112,Mississauga ON,Regina SK,Contract Owner-Op,Express,Fragile,Silver,12,1172.6,2483.7,5,0,20.77,46.0,3.7,2.9,Clear,77.1,0.215,0,147.87,20.81,0
SHP-103034,Toronto ON,Toronto ON,PrairieLine,Standard,General Freight,Silver,3,598.9,52.7,0,0,7.05,29.0,12.4,1.8,Clear,95.3,0.37,2,189.02,6.76,0
SHP-101207,Toronto ON,Regina SK,MapleFreight Fleet,Standard,General Freight,Silver,3,529.4,845.0,5,0,10.87,1.0,5.0,3.0,Clear,62.5,0.533,2,257.31,10.47,0
SHP-102672,Mississauga ON,Regina SK,MapleFreight Fleet,Standard,General Freight,Gold,7,881.0,595.3,2,0,12.87,24.0,7.0,8.6,Clear,50.4,0.276,2,172.59,13.15,0
SHP-102286,Mississauga ON,Quebec City QC,PrairieLine,Express,Bulk,Silver,7,371.9,649.2,4,0,7.57,40.0,1.6,12.1,Fog,63.2,0.252,0,143.22,11.39,1
SHP-105546,London ON,Winnipeg MB,PrairieLine,Standard,General Freight,Bronze,10,606.8,975.1,3,0,10.39,22.0,4.0,5.1,Clear,47.5,0.475,2,143.56,10.65,0
SHP-100667,Winnipeg MB,Hamilton ON,NorthStar Carriers,Standard,Refrigerated,Bronze,4,208.4,667.9,3,0,4.22,10.0,,2.8,Clear,48.6,0.08,1,318.2,4.4,0
SHP-100355,Toronto ON,Regina SK,MapleFreight Fleet,Standard,General Freight,Gold,7,175.4,1388.2,2,1,4.48,-20.0,17.6,10.0,Rain,53.5,0.614,1,213.52,4.48,0
SHP-105596,Toronto ON,Edmonton AB,NorthStar Carriers,Economy,Fragile,Bronze,10,1337.4,550.4,3,0,18.64,32.0,,3.3,Rain,97.7,0.67,0,156.52,22.77,1
SHP-105689,London ON,Regina SK,MapleFreight Fleet,Standard,General Freight,Bronze,5,419.2,471.0,0,0,3.01,1.0,7.2,1.3,Clear,79.7,0.618,1,112.0,2.66,0
SHP-101873,Calgary AB,Toronto ON,MapleFreight Fleet,Economy,Hazardous,Silver,8,328.5,279.8,0,1,2.38,-3.0,1.0,1.1,,34.0,0.827,1,289.78,2.47,0
SHP-102799,Montreal QC,Winnipeg MB,Contract Owner-Op,Express,General Freight,Gold,3,386.5,31.3,4,0,6.19,60.0,21.8,5.5,Snow,40.6,0.596,3,279.79,6.41,0
SHP-104117,Winnipeg MB,Calgary AB,MapleFreight Fleet,Economy,General Freight,Silver,11,1109.2,193.4,5,0,19.83,34.0,9.7,8.2,Snow,38.8,0.821,3,174.05,31.48,1
SHP-101611,Mississauga ON,Toronto ON,NorthStar Carriers,Standard,General Freight,Silver,5,680.8,484.9,5,0,12.88,47.0,3.4,4.9,Clear,39.1,0.523,1,176.96,19.29,1
SHP-100777,Montreal QC,Calgary AB,MapleFreight Fleet,Standard,General Freight,Bronze,6,968.6,657.1,4,0,14.87,30.0,2.2,2.3,Clear,41.4,0.579,4,114.9,14.56,0
SHP-101205,Calgary AB,Montreal QC,PrairieLine,Express,General Freight,Bronze,11,488.3,1388.9,5,0,10.51,-20.0,5.4,3.6,Fog,,0.076,3,170.02,10.07,0
SHP-101407,Ottawa ON,Montreal QC,NorthStar Carriers,Express,Refrigerated,Silver,4,655.2,1228.7,4,0,14.13,-20.0,11.5,2.9,Rain,27.5,0.553,1,186.64,12.49,0
SHP-105362,Toronto ON,Regina SK,MapleFreight Fleet,Economy,Fragile,Bronze,12,166.4,1116.4,2,1,2.23,53.0,0.7,2.6,Clear,53.9,0.581,1,142.3,2.29,0
SHP-102949,Toronto ON,Edmonton AB,NorthStar Carriers,standard,General Freight,Silver,4,1251.6,876.8,5,0,20.71,35.0,8.0,2.3,Snow,50.8,0.275,0,252.79,26.88,1
SHP-100193,Toronto ON,Hamilton ON,MapleFreight Fleet,Economy,General Freight,Silver,10,459.1,173.5,3,0,10.14,60.0,5.9,0.1,Clear,61.1,0.091,0,142.46,10.22,0
SHP-103986,Toronto ON,Ottawa ON,MapleFreight Fleet,Standard,Fragile,Silver,8,695.8,957.9,1,0,9.03,26.0,0.4,8.0,Snow,60.6,0.366,1,201.07,10.6,1
SHP-100058,Mississauga ON,Winnipeg MB,QuebecExpress,Standard,General Freight,Silver,9,1234.3,335.1,2,0,19.09,25.0,5.6,6.7,Snow,64.3,0.619,0,207.91,17.35,0
SHP-102735,Mississauga ON,Toronto ON,QuebecExpress,Standard,General Freight,Bronze,8,730.9,618400.0,0,0,11.74,-18.0,2.4,6.0,Rain,54.3,0.494,0,117.05,11.43,0
SHP-100589,Ottawa ON,Quebec City QC,PrairieLine,Standard,General Freight,Gold,12,222.2,1138.8,5,0,6.29,4.0,8.0,3.8,Rain,53.6,0.33,0,130.64,6.34,0
SHP-104717,Montreal QC,Hamilton ON,PrairieLine,Standard,General Freight,Gold,9,567.8,460.6,2,0,8.05,53.0,0.7,4.0,Rain,33.3,0.604,0,132.6,7.5,0
SHP-103834,Mississauga ON,Quebec City QC,QuebecExpress,Standard,Hazardous,Gold,5,748.3,1139.1,3,0,13.16,35.0,3.8,4.8,,69.8,0.49,3,245.04,13.56,0
SHP-105658,London ON,Regina SK,MapleFreight Fleet,Standard,Bulk,Gold,5,797.4,253.4,4,0,12.46,-20.0,11.5,3.9,Clear,30.2,0.22,5,166.02,12.38,0
SHP-100211,Mississauga ON,Calgary AB,QuebecExpress,Express,General Freight,Silver,3,253.8,1170.0,5,0,6.18,43.0,4.7,7.9,Clear,36.8,0.357,0,165.51,6.06,0
SHP-101520,Toronto ON,Calgary AB,NorthStar Carriers,Express,Fragile,Bronze,7,382.3,957.7,1,0,6.2,-20.0,5.8,7.6,Clear,68.2,0.538,0,168.59,5.66,0
SHP-103686,Montreal QC,Toronto ON,PrairieLine,Standard,Hazardous,Silver,6,788.1,826.6,2,0,11.66,20.0,2.3,5.5,Clear,73.0,0.157,3,143.7,10.28,0
SHP-101999,Toronto ON,Montreal QC,NorthStar Carriers,Standard,General Freight,Silver,9,438.4,1490.6,4,0,6.44,1.0,3.5,8.8,Clear,52.2,0.551,1,,6.05,0
SHP-102613,London ON,Hamilton ON,QuebecExpress,Economy,Hazardous,Bronze,12,250.0,326.1,4,0,5.44,-20.0,7.3,5.0,Clear,70.3,0.091,0,152.63,5.65,0
SHP-101073,Montreal QC,Montreal QC,MapleFreight Fleet,Standard,General Freight,Bronze,12,362.3,1197.7,4,0,6.72,16.0,2.1,2.2,Rain,31.0,0.27,0,255.05,6.98,0
SHP-102265,Calgary AB,Ottawa ON,PrairieLine,Standard,Fragile,Bronze,3,552.5,829.0,3,0,8.3,20.0,12.4,19.9,Rain,99.3,0.166,0,176.0,13.02,1
SHP-100294,Ottawa ON,Regina SK,MapleFreight Fleet,Standard,General Freight,Silver,4,609.6,746.4,1,0,8.58,60.0,6.7,8.2,Clear,37.7,0.652,1,132.99,8.45,0
SHP-103192,London ON,Calgary AB,MapleFreight Fleet,Standard,General Freight,Bronze,7,483.4,1448.1,1,0,5.94,-2.0,3.1,9.6,Clear,54.3,0.753,1,232.56,5.46,0
SHP-104091,Toronto ON,Quebec City QC,MapleFreight Fleet,Express,Refrigerated,Bronze,10,377.2,1117.8,3,1,9.43,-14.0,5.0,11.7,Snow,76.6,0.309,2,206.82,8.91,0
SHP-102405,Montreal QC,Edmonton AB,PrairieLine,Standard,General Freight,Silver,11,1071.4,712.2,4,0,18.91,86.0,6.3,13.1,Snow,26.3,0.345,0,193.08,17.6,0
SHP-102027,Toronto ON,Hamilton ON,Contract Owner-Op,Express,Bulk,Silver,7,369.9,287.7,4,0,6.89,25.0,12.0,3.5,Rain,55.3,0.539,1,180.88,7.04,0
SHP-100217,Calgary AB,Hamilton ON,MapleFreight Fleet,Standard,Fragile,Gold,2,796.8,1087.9,2,0,12.49,18.0,3.1,9.6,Snow,31.3,0.7,0,175.36,12.96,0
SHP-105600,Toronto ON,Regina SK,PrairieLine,Economy,General Freight,Bronze,9,713.2,624.6,3,1,13.73,13.0,35.0,2.9,Clear,47.4,0.541,3,238.41,14.48,0
SHP-102557,Montreal QC,Toronto ON,MapleFreight Fleet,Standard,General Freight,Bronze,9,541.6,631.1,0,0,6.65,-20.0,5.3,10.4,Clear,47.6,0.465,0,,6.94,0
SHP-105582,Ottawa ON,Toronto ON,NorthStar Carriers,Express,General Freight,Bronze,12,176.2,868.8,1,0,3.19,-20.0,2.2,12.0,Rain,52.0,0.413,3,279.14,3.04,0
SHP-105712,Toronto ON,Calgary AB,MapleFreight Fleet,Economy,General Freight,Bronze,2,464.3,821.3,0,0,7.69,19.0,7.3,3.2,Clear,26.6,0.185,1,219.68,7.08,0
SHP-104213,Winnipeg MB,Hamilton ON,QuebecExpress,Standard,General Freight,Bronze,8,624.7,1037.2,0,1,7.96,40.0,2.0,9.9,Rain,66.6,0.437,0,205.25,7.98,0
SHP-100776,Toronto ON,Montreal QC,NorthStar Carriers,Economy,Refrigerated,Bronze,12,739.6,1675.5,3,0,13.13,-13.0,14.1,3.5,Clear,65.0,0.59,0,,12.5,0
SHP-103699,Toronto ON,Calgary AB,MapleFreight Fleet,Express,General Freight,Gold,4,409.2,510.9,1,0,5.93,73.0,5.2,4.6,Snow,67.4,0.482,4,140.76,5.62,0
SHP-102656,Ottawa ON,Hamilton ON,NorthStar Carriers,Standard,General Freight,Gold,6,451.8,622.6,1,0,6.76,74.0,4.4,3.2,Clear,67.0,0.477,0,229.46,6.12,0
SHP-105051,Calgary AB,Toronto ON,QuebecExpress,Express,Fragile,Bronze,6,912.1,241.5,3,0,14.79,91.0,9.8,8.0,Clear,56.3,0.502,0,224.85,15.37,0
SHP-104453,Mississauga ON,Winnipeg MB,MapleFreight Fleet,Standard,Fragile,Bronze,10,396.6,821.8,5,0,9.34,-6.0,4.4,7.0,Clear,67.3,0.494,0,155.54,8.91,0
SHP-100995,London ON,Winnipeg MB,MapleFreight Fleet,Economy,General Freight,Gold,5,400.6,1262.8,3,0,8.46,69.0,5.5,6.9,Snow,51.8,0.214,4,147.85,8.42,0
SHP-100370,Toronto ON,Quebec City QC,QuebecExpress,Economy,General Freight,Bronze,2,1021.4,252.2,1,0,15.45,43.0,3.7,3.1,Clear,30.9,0.54,2,186.42,15.9,0
SHP-103072,Calgary AB,Winnipeg MB,Contract Owner-Op,Standard,Bulk,Gold,2,907.8,889.0,2,0,12.99,-4.0,9.4,4.2,Clear,57.1,0.713,1,137.49,12.08,0
SHP-100660,Toronto ON,Regina SK,NorthStar Carriers,Economy,General Freight,Bronze,7,1051.8,1918.5,1,0,14.0,8.0,16.5,13.3,Clear,61.1,0.599,3,197.56,14.53,0
SHP-104630,Calgary AB,Edmonton AB,PrairieLine,Express,Bulk,Silver,12,357.8,615.9,2,0,5.85,12.0,1.1,15.2,Rain,48.2,0.798,2,299.17,8.27,1
SHP-100085,Calgary AB,Ottawa ON,MapleFreight Fleet,Standard,General Freight,Silver,11,297.7,1231.5,4,0,8.5,86.0,1.3,4.6,Clear,82.1,0.212,2,102.1,13.08,1
SHP-105464,London ON,Regina SK,QuebecExpress,Standard,Bulk,Bronze,8,884.1,366.5,4,0,16.89,55.0,,2.7,Clear,50.5,0.244,0,161.63,15.04,0
SHP-100763,Mississauga ON,Winnipeg MB,QuebecExpress,Standard,Bulk,Bronze,12,643.2,110.8,2,0,10.45,91.0,12.4,2.2,Snow,54.3,0.333,0,288.35,9.77,0
SHP-101439,Montreal QC,Ottawa ON,NorthStar Carriers,Standard,General Freight,Bronze,1,431.7,264.5,5,0,8.48,39.0,19.1,10.6,Clear,55.0,0.247,0,255.09,8.04,0
SHP-103383,London ON,Edmonton AB,PrairieLine,Standard,General Freight,Silver,11,1950.8,510.1,0,0,27.33,-10.0,6.0,4.8,Clear,60.9,0.251,0,72.17,24.29,0
SHP-101651,Winnipeg MB,Ottawa ON,QuebecExpress,Standard,Bulk,Bronze,1,997.2,480.0,0,1,14.65,65.0,6.9,3.3,Clear,62.2,0.455,2,70.63,14.22,0
SHP-104799,Mississauga ON,Toronto ON,PrairieLine,Economy,Refrigerated,Gold,6,686.5,1131.8,5,0,13.28,-20.0,2.3,6.7,Rain,14.7,0.395,0,110.31,12.8,0
SHP-101670,Mississauga ON,Regina SK,MapleFreight Fleet,economy,General Freight,Silver,7,729.0,181.2,2,1,11.71,40.0,9.8,10.2,Rain,34.2,0.483,2,222.06,11.78,0
SHP-103156,Toronto ON,Sudbury ON,PrairieLine,Standard,Refrigerated,Silver,8,370.0,214.8,2,0,5.58,10.0,5.2,7.0,Clear,98.1,0.703,3,287.57,7.09,1
SHP-102985,Toronto ON,Quebec City QC,MapleFreight Fleet,Express,Refrigerated,Silver,1,505.7,910.7,3,0,7.85,79.0,2.6,2.9,Snow,67.3,0.474,0,267.1,12.39,1
SHP-105194,Ottawa ON,Sudbury ON,NorthStar Carriers,Standard,Refrigerated,Bronze,3,323.6,2716.9,4,0,6.18,4.0,3.3,1.9,Clear,43.4,0.472,0,268.08,5.86,0
SHP-101626,Toronto ON,Regina SK,QuebecExpress,Standard,General Freight,Silver,9,400.7,427.3,3,0,6.77,4.0,8.1,7.4,Clear,22.7,0.683,1,211.29,5.99,0
SHP-105512,Toronto ON,Winnipeg MB,QuebecExpress,Economy,General Freight,Bronze,8,131.0,730.3,2,0,3.65,72.0,,14.2,Fog,55.4,0.725,2,133.8,3.43,0
SHP-100463,Montreal QC,Winnipeg MB,Contract Owner-Op,Standard,Refrigerated,Silver,4,607.0,986.3,0,0,8.02,44.0,7.3,6.4,Snow,66.7,0.525,2,309.63,11.89,1
SHP-101148,Montreal QC,Calgary AB,QuebecExpress,Standard,General Freight,Silver,10,337.1,1168.2,4,0,9.22,34.0,1.3,3.0,Clear,38.6,0.62,0,101.52,13.75,1
SHP-104398,Mississauga ON,Sudbury ON,NorthStar Carriers,Standard,Bulk,Gold,12,684.7,105.1,4,0,13.33,3.0,10.7,2.2,Rain,46.0,0.169,1,193.55,13.8,0
SHP-105934,Calgary AB,Regina SK,QuebecExpress,Express,General Freight,Bronze,10,464.5,391.5,4,0,9.37,31.0,0.6,1.7,Clear,69.2,0.599,2,129.42,9.11,0
SHP-101447,Toronto ON,Calgary AB,NorthStar Carriers,Economy,Refrigerated,Bronze,2,1044.3,345.5,3,0,16.03,-20.0,18.6,13.0,Clear,,0.613,0,225.79,20.1,1
SHP-103976,Montreal QC,Regina SK,NorthStar Carriers,Express,Bulk,Silver,3,505.5,986.0,2,0,9.28,-15.0,4.4,10.6,Storm,73.0,0.719,2,280.67,9.78,0
SHP-102788,Calgary AB,Toronto ON,QuebecExpress,Economy,General Freight,Gold,10,731.1,323.6,2,0,10.53,64.0,2.6,1.1,Snow,45.6,0.507,0,227.57,9.31,0
SHP-100401,Mississauga ON,Toronto ON,NorthStar Carriers,Express,Refrigerated,Bronze,4,1993.0,2357.9,3,0,28.79,26.0,11.5,2.8,Snow,56.9,0.734,1,233.55,42.87,1
SHP-100128,Mississauga ON,Montreal QC,PrairieLine,Economy,General Freight,Silver,5,363.3,289.7,3,0,5.9,-10.0,26.4,12.0,Clear,67.3,0.458,0,160.64,5.66,0
SHP-102641,Montreal QC,Ottawa ON,PrairieLine,Express,Refrigerated,Bronze,10,340.3,882.6,4,1,7.27,61.0,6.6,2.6,Clear,67.4,0.432,0,228.75,7.21,0
SHP-103671,Montreal QC,Sudbury ON,MapleFreight Fleet,Economy,General Freight,Silver,10,449.6,1345.6,0,0,5.69,60.0,,2.3,Rain,,0.179,0,203.66,5.11,0
SHP-101397,Mississauga ON,Ottawa ON,PrairieLine,Economy,General Freight,Bronze,6,1396.9,984.6,0,0,18.5,47.0,1.0,8.6,Storm,33.0,0.676,0,182.0,26.21,1
SHP-105737,Ottawa ON,Edmonton AB,NorthStar Carriers,Economy,Fragile,Silver,6,253.8,1164.0,2,0,4.06,36.0,,2.5,Snow,36.0,0.066,0,198.27,4.04,0
SHP-100956,Toronto ON,Toronto ON,NorthStar Carriers,Standard,General Freight,Bronze,10,336.3,3665.4,0,0,4.93,8.0,3.1,4.5,Clear,46.9,0.576,1,221.36,4.71,0
SHP-105972,Toronto ON,Ottawa ON,QuebecExpress,Express,General Freight,Bronze,1,745.8,2590.1,5,0,13.57,3.0,4.7,8.3,Clear,52.1,0.378,1,159.05,12.99,0
SHP-102089,Winnipeg MB,Ottawa ON,MapleFreight Fleet,Express,Bulk,Silver,12,313.3,981.4,1,0,3.89,40.0,4.4,3.3,Clear,62.4,0.785,1,222.16,3.61,0
SHP-102040,Winnipeg MB,Montreal QC,MapleFreight Fleet,Standard,General Freight,Silver,1,437.1,805.9,1,0,7.46,-13.0,8.1,5.6,Clear,55.7,0.576,0,148.57,6.7,0
SHP-103147,Mississauga ON,Regina SK,MapleFreight Fleet,Economy,Bulk,Silver,9,218.6,1345.7,4,0,5.12,48.0,10.5,5.7,Clear,44.9,0.49,4,166.52,4.84,0
SHP-101913,Montreal QC,Edmonton AB,MapleFreight Fleet,Express,Refrigerated,Silver,9,569.9,1120.2,5,1,13.35,32.0,6.6,10.3,Clear,64.8,0.146,2,184.69,14.07,0
SHP-100027,Montreal QC,Quebec City QC,PrairieLine,Express,General Freight,Bronze,6,429.5,616.6,0,0,5.54,-20.0,22.6,3.9,Clear,51.4,0.211,2,80.95,5.53,0
SHP-104823,Montreal QC,Calgary AB,PrairieLine,Standard,Fragile,Bronze,3,449.1,2101.5,4,0,9.14,16.0,3.0,7.9,Rain,40.6,0.753,1,81.04,8.56,0
SHP-103222,Toronto ON,Ottawa ON,NorthStar Carriers,Express,Bulk,Gold,2,212.9,1365.4,2,0,3.06,26.0,3.1,1.3,Rain,63.1,0.81,3,201.02,4.78,1
SHP-104498,Montreal QC,Sudbury ON,MapleFreight Fleet,Economy,General Freight,Bronze,3,525.5,624.6,2,0,8.79,22.0,3.6,5.9,Snow,15.2,0.011,0,165.0,8.04,0
SHP-100467,Calgary AB,Regina SK,MapleFreight Fleet,Standard,Hazardous,Silver,10,755.8,909.6,2,0,8.89,28.0,13.3,1.4,Clear,71.4,0.706,0,200.29,8.19,0
SHP-101552,Montreal QC,Montreal QC,MapleFreight Fleet,Economy,General Freight,Gold,12,1371.2,417.8,2,0,21.0,13.0,12.3,5.2,,45.5,0.382,0,144.35,18.51,0
SHP-103267,Calgary AB,Toronto ON,NorthStar Carriers,Standard,Hazardous,Silver,5,217.6,1586.2,1,0,2.79,9.0,15.2,3.0,,44.0,0.388,0,325.72,2.63,0
SHP-105007,Montreal QC,Sudbury ON,QuebecExpress,Standard,General Freight,Silver,10,1368.8,907.5,2,0,19.77,86.0,2.9,4.3,Clear,57.1,0.208,1,174.11,17.95,0
SHP-100629,Montreal QC,Hamilton ON,PrairieLine,Standard,General Freight,Gold,11,687.0,2095.0,5,0,12.16,44.0,1.2,3.0,Snow,69.0,0.215,0,115.16,15.92,1
SHP-103978,Winnipeg MB,Sudbury ON,PrairieLine,Economy,General Freight,Gold,11,418.4,2086.9,4,0,12.07,44.0,7.0,4.6,Snow,74.2,0.884,5,170.91,17.32,1
SHP-105258,Toronto ON,Sudbury ON,NorthStar Carriers,Standard,General Freight,Gold,7,992.9,559.7,5,1,15.23,-9.0,0.3,11.5,Clear,66.6,0.374,0,245.18,15.56,0
SHP-105885,Winnipeg MB,Ottawa ON,MapleFreight Fleet,Economy,General Freight,Bronze,11,252.6,243.4,2,0,4.1,-20.0,2.4,6.2,Rain,50.7,0.484,0,158.81,3.62,0
SHP-103145,Toronto ON,Calgary AB,QuebecExpress,Express,General Freight,Bronze,1,259.8,547.2,4,0,9.64,14.0,1.0,3.8,Clear,63.6,0.732,5,132.02,8.86,0
SHP-103677,Montreal QC,Winnipeg MB,MapleFreight Fleet,Economy,General Freight,Bronze,1,662.4,1554.4,4,0,12.03,64.0,,2.8,Clear,56.5,0.402,1,261.73,11.51,0
SHP-100277,Toronto ON,Montreal QC,Contract Owner-Op,Standard,General Freight,Bronze,3,679.1,753.1,1,0,13.1,-0.0,11.9,15.6,Fog,50.4,0.797,1,288.37,17.63,1
SHP-101451,Montreal QC,Winnipeg MB,QuebecExpress,Standard,Fragile,Silver,9,575.7,2032.5,4,0,10.27,-20.0,3.5,7.3,Clear,51.6,0.565,3,128.31,9.37,0
SHP-103687,Mississauga ON,Winnipeg MB,MapleFreight Fleet,Economy,General Freight,Bronze,7,547.8,1217.3,5,0,10.04,8.0,15.3,2.6,Fog,36.0,0.279,1,46.78,9.58,0
SHP-101242,Toronto ON,Ottawa ON,Contract Owner-Op,Standard,General Freight,Silver,5,1295.7,141.6,3,0,19.45,33.0,4.6,1.4,Snow,56.4,0.47,1,243.39,22.14,1
SHP-100312,Mississauga ON,Quebec City QC,NorthStar Carriers,Standard,Fragile,Gold,11,533.6,306.3,0,0,5.67,21.0,7.2,1.1,Clear,62.8,0.207,1,298.53,5.64,0
SHP-101491,Mississauga ON,Quebec City QC,PrairieLine,Standard,General Freight,Bronze,5,291.2,711.5,4,0,6.67,-13.0,2.1,4.4,Clear,24.6,0.162,0,170.49,6.45,0
SHP-103868,Toronto ON,Edmonton AB,PrairieLine,Express,General Freight,Bronze,10,324.7,205.3,1,0,3.04,-20.0,16.1,5.5,Clear,61.1,0.247,0,208.36,2.92,0
SHP-101145,Toronto ON,Regina SK,MapleFreight Fleet,Standard,General Freight,Bronze,6,1104.9,624.6,5,0,20.08,-20.0,20.4,1.4,Snow,51.8,0.04,0,131.54,20.78,0
SHP-101213,Ottawa ON,Sudbury ON,NorthStar Carriers,Express,General Freight,Bronze,4,527.2,1006.8,2,0,8.35,35.0,,4.8,Clear,67.3,0.837,1,208.61,8.61,0
SHP-103272,Calgary AB,Winnipeg MB,PrairieLine,Express,General Freight,Silver,1,632.0,650.7,0,0,8.83,22.0,,0.7,Clear,65.0,0.409,0,313.44,8.55,0
SHP-103527,Mississauga ON,Calgary AB,PrairieLine,Economy,General Freight,Bronze,1,441.6,1275.1,5,0,8.66,47.0,3.9,5.2,Rain,65.5,0.439,0,99.78,10.64,1
SHP-100201,Calgary AB,Quebec City QC,QuebecExpress,Standard,Fragile,Bronze,11,538.3,889.2,4,0,8.26,-7.0,1.2,3.7,Snow,56.9,0.59,2,251.19,12.29,1
SHP-105555,Montreal QC,Toronto ON,MapleFreight Fleet,Economy,Refrigerated,Bronze,4,586.5,1124.6,1,0,10.45,-3.0,12.7,2.1,Rain,56.0,0.191,1,282.03,9.24,0
SHP-103389,Toronto ON,Toronto ON,MapleFreight Fleet,Express,General Freight,Silver,4,474.9,920.7,0,0,6.09,27.0,8.0,1.6,Fog,45.3,0.356,2,157.71,6.37,0
SHP-103402,Toronto ON,Edmonton AB,PrairieLine,Standard,Refrigerated,Bronze,10,486.4,495.1,1,0,10.24,19.0,5.7,6.8,Clear,69.3,0.523,3,262.01,9.68,0
SHP-102162,Toronto ON,Hamilton ON,MapleFreight Fleet,Express,General Freight,Silver,8,863.0,261.3,2,0,13.85,38.0,4.1,2.8,Clear,68.1,0.68,0,131.45,14.04,0
SHP-102417,Mississauga ON,Edmonton AB,NorthStar Carriers,Express,Bulk,Silver,5,623.9,1931.0,0,0,6.63,-20.0,2.2,6.1,Clear,55.8,0.234,1,151.71,6.74,0
SHP-102171,Mississauga ON,Sudbury ON,MapleFreight Fleet,Standard,Hazardous,Bronze,7,693.0,1654.5,5,0,11.93,-18.0,4.4,6.7,Snow,71.8,0.342,0,117.32,12.02,0
SHP-101883,Toronto ON,Montreal QC,NorthStar Carriers,Express,Fragile,Bronze,10,432.9,861.1,2,0,5.02,58.0,2.3,4.0,Fog,65.9,0.621,3,160.26,5.22,0
SHP-101680,Ottawa ON,Hamilton ON,MapleFreight Fleet,Express,General Freight,Bronze,12,630.9,133.8,1,0,9.35,50.0,4.7,11.6,Snow,48.8,0.454,0,156.83,14.08,1
SHP-101206,London ON,Sudbury ON,QuebecExpress,Economy,General Freight,Bronze,1,351.1,479.5,4,0,6.4,72.0,2.9,5.0,Rain,54.5,0.218,1,243.7,9.85,1
SHP-104084,Calgary AB,Sudbury ON,MapleFreight Fleet,Standard,Hazardous,Bronze,9,1102.5,1457.7,2,0,16.31,91.0,9.2,3.2,Snow,77.7,0.352,1,196.4,16.13,0
SHP-104662,Ottawa ON,Edmonton AB,PrairieLine,Standard,Refrigerated,Bronze,7,297.1,210.8,4,0,6.77,-8.0,7.9,0.4,Clear,43.2,0.622,0,155.92,6.87,0
SHP-103702,Mississauga ON,Toronto ON,NorthStar Carriers,Standard,General Freight,Bronze,5,441.3,706.0,4,0,10.68,-4.0,4.6,3.9,Rain,94.2,0.584,2,210.69,10.05,0
SHP-103403,Calgary AB,Hamilton ON,MapleFreight Fleet,Standard,Fragile,Bronze,11,764.3,1043.5,1,0,10.16,64.0,6.1,2.0,Rain,14.3,0.611,1,107.48,9.3,0
SHP-104111,Toronto ON,Calgary AB,MapleFreight Fleet,Economy,General Freight,Silver,1,283.9,854.8,4,1,7.23,61.0,3.9,5.7,Clear,56.3,0.58,1,206.18,7.13,0
SHP-105524,Toronto ON,Ottawa ON,NorthStar Carriers,Standard,General Freight,Gold,6,764.1,921.4,1,0,8.75,-20.0,11.2,7.4,Clear,54.0,0.402,1,207.58,9.01,0
SHP-103897,Toronto ON,Hamilton ON,PrairieLine,Economy,General Freight,Gold,12,425.7,1737.9,0,0,8.19,23.0,10.1,8.1,Rain,48.8,0.691,2,30.89,12.17,1
SHP-100900,Toronto ON,Regina SK,NorthStar Carriers,Standard,General Freight,Gold,10,459.7,800.3,2,0,10.15,-20.0,1.7,3.8,Snow,81.1,0.596,0,184.72,9.64,0
SHP-104423,Toronto ON,Edmonton AB,PrairieLine,Express,Refrigerated,Gold,7,944.6,568.8,0,0,11.79,39.0,3.5,2.8,Fog,45.7,0.445,2,257.69,12.17,0
SHP-105223,Toronto ON,Hamilton ON,MapleFreight Fleet,Standard,General Freight,Gold,8,730.7,627.6,4,0,12.95,30.0,5.4,16.2,Fog,51.8,0.502,1,167.38,11.56,0
SHP-103099,Toronto ON,Quebec City QC,MapleFreight Fleet,Express,General Freight,Bronze,5,576.2,295.2,4,0,10.87,41.0,6.2,14.1,Clear,68.4,0.611,0,232.04,11.45,0
SHP-100595,Mississauga ON,Edmonton AB,QuebecExpress,Standard,Fragile,Gold,2,735.6,915.7,1,0,10.96,-20.0,3.2,4.5,Snow,62.2,0.228,1,214.15,9.99,0
SHP-100590,Ottawa ON,Regina SK,NorthStar Carriers,Express,General Freight,Silver,3,1401.7,1190.8,3,1,19.18,94.0,24.1,5.4,Clear,65.7,0.198,2,219.75,19.63,0
SHP-101259,Ottawa ON,Sudbury ON,MapleFreight Fleet,Economy,General Freight,Gold,9,375.7,221.8,3,0,10.02,-20.0,4.0,7.1,Snow,40.5,0.05,1,238.09,10.11,0
SHP-102574,Winnipeg MB,Regina SK,PrairieLine,Standard,Refrigerated,Silver,11,1601.3,706.4,5,0,25.52,-20.0,13.7,1.2,Rain,63.4,0.204,1,191.2,32.65,1
SHP-105688,Toronto ON,Winnipeg MB,NorthStar Carriers,Economy,Refrigerated,Bronze,8,864.7,997.1,4,0,16.01,29.0,4.2,3.6,Fog,66.5,0.677,2,58.27,16.04,0
SHP-104640,Calgary AB,Ottawa ON,NorthStar Carriers,Standard,Refrigerated,Bronze,10,280.4,916.0,2,0,4.92,39.0,4.3,2.9,Clear,90.2,0.362,3,74.39,4.4,0
SHP-101174,London ON,Edmonton AB,MapleFreight Fleet,Standard,Refrigerated,Bronze,4,348.2,883.6,0,1,5.18,6.0,12.8,3.1,Clear,65.3,0.42,1,208.64,4.82,0
SHP-104768,Montreal QC,Ottawa ON,MapleFreight Fleet,Standard,Bulk,Silver,3,800.5,2125.9,0,0,10.01,31.0,10.4,10.3,,84.8,0.418,1,176.62,10.52,0
SHP-103447,Toronto ON,Calgary AB,MapleFreight Fleet,Standard,Bulk,Bronze,11,430.5,1018.4,5,0,9.94,5.0,4.9,9.3,Snow,24.2,0.468,3,106.86,10.49,0
SHP-103857,Toronto ON,Winnipeg MB,MapleFreight Fleet,Standard,Refrigerated,Silver,5,371.1,2508.6,1,0,5.44,21.0,5.9,4.7,Clear,93.9,0.424,0,240.37,5.24,0
SHP-102101,Winnipeg MB,Hamilton ON,QuebecExpress,Economy,Hazardous,Bronze,2,1055.5,506.1,5,0,19.45,27.0,16.6,5.2,Clear,65.1,0.098,2,254.53,19.15,0
SHP-102039,Mississauga ON,Montreal QC,QuebecExpress,Express,Fragile,Silver,2,737.3,872.2,2,0,10.03,-20.0,1.0,1.7,Clear,52.1,0.356,2,154.01,10.54,0
SHP-104557,Ottawa ON,Edmonton AB,MapleFreight Fleet,Express,Refrigerated,Silver,9,827.3,1237.7,2,0,13.07,7.0,0.5,5.2,Clear,31.3,0.611,0,220.98,11.82,0
SHP-105527,Ottawa ON,Toronto ON,NorthStar Carriers,Standard,General Freight,Silver,6,199.1,469.6,1,0,2.92,21.0,5.3,3.0,,16.0,0.38,2,300.72,2.58,0
SHP-105423,Mississauga ON,Montreal QC,MapleFreight Fleet,Standard,Refrigerated,Silver,5,1095.4,637.0,2,0,17.96,46.0,14.1,5.3,Clear,61.4,0.428,3,257.04,16.07,0
SHP-100769,Winnipeg MB,Edmonton AB,QuebecExpress,Standard,General Freight,Bronze,6,529.8,1568.2,4,1,9.38,49.0,11.6,0.6,Storm,77.5,0.298,3,183.37,12.57,1
SHP-101384,Ottawa ON,Calgary AB,PrairieLine,Economy,Fragile,Silver,8,514.0,149.0,2,0,8.56,39.0,3.1,1.9,Clear,,0.392,2,256.43,8.33,0
SHP-104969,Montreal QC,Calgary AB,MapleFreight Fleet,Standard,General Freight,Gold,3,277.2,1472.9,3,0,6.4,-20.0,6.2,4.4,Clear,48.9,0.498,1,61.91,5.76,0
SHP-100029,Ottawa ON,Toronto ON,Contract Owner-Op,Standard,General Freight,Gold,4,427.7,1739.4,2,0,8.53,35.0,8.9,9.2,Rain,62.3,0.581,3,239.61,8.75,0
SHP-104155,Mississauga ON,Toronto ON,PrairieLine,Standard,General Freight,Bronze,5,219.0,1350.1,0,0,3.75,-20.0,9.0,1.8,Rain,37.9,0.719,2,159.94,3.33,0
SHP-104334,Montreal QC,Toronto ON,MapleFreight Fleet,economy,Bulk,Bronze,9,1120.7,1033.0,2,0,17.73,37.0,0.6,6.1,Clear,,0.696,1,140.21,16.95,0
SHP-102373,Mississauga ON,Hamilton ON,Contract Owner-Op,Standard,Fragile,Silver,10,944.1,1180.3,2,0,15.8,-0.0,6.2,3.3,Clear,49.8,0.117,1,154.05,15.07,0
SHP-104593,Winnipeg MB,Ottawa ON,MapleFreight Fleet,Economy,Refrigerated,Silver,5,223.0,3128.9,5,0,6.87,-10.0,3.3,3.3,Rain,44.4,0.472,4,206.55,6.46,0
SHP-103741,Montreal QC,Sudbury ON,QuebecExpress,Economy,General Freight,Silver,11,446.9,557.6,3,0,8.71,28.0,12.7,5.9,Clear,25.4,0.58,1,78.7,9.91,1
SHP-105897,Toronto ON,Edmonton AB,MapleFreight Fleet,Standard,Hazardous,Silver,12,337.2,249.8,2,0,4.65,55.0,19.9,2.5,Snow,58.2,0.285,0,203.78,4.11,0
SHP-105499,Montreal QC,Montreal QC,PrairieLine,Standard,General Freight,Silver,2,745.4,1344.8,2,0,12.06,-6.0,6.8,2.5,Clear,46.8,0.422,2,152.7,10.84,0
SHP-101628,Toronto ON,Sudbury ON,QuebecExpress,Express,General Freight,Bronze,9,880.7,1266.2,0,0,12.4,-14.0,3.4,1.3,Rain,21.6,0.485,0,101.84,11.84,0
SHP-102110,Montreal QC,Sudbury ON,PrairieLine,Standard,Fragile,Gold,6,770.3,206.1,1,1,11.37,52.0,3.3,2.7,Clear,44.4,0.363,0,174.9,11.58,0
SHP-101997,Toronto ON,Calgary AB,MapleFreight Fleet,Economy,General Freight,Silver,5,525.3,1676.0,2,1,6.26,12.0,1.7,9.1,Clear,38.4,0.428,1,199.41,5.6,0
SHP-104733,Mississauga ON,Toronto ON,NorthStar Carriers,Standard,General Freight,Silver,3,697.8,392.4,4,1,13.64,1.0,2.6,3.7,Snow,49.4,0.449,2,173.23,18.97,1
SHP-101937,Calgary AB,Winnipeg MB,QuebecExpress,Standard,Refrigerated,Bronze,2,678.0,1344.2,0,0,9.42,18.0,4.7,5.9,Clear,61.2,0.544,1,64.77,8.78,0
SHP-103701,Mississauga ON,Toronto ON,MapleFreight Fleet,Express,Refrigerated,Silver,7,918.6,1143.0,5,0,16.96,30.0,3.2,5.9,,55.8,0.53,1,176.51,17.05,0
SHP-104832,Winnipeg MB,Ottawa ON,MapleFreight Fleet,Standard,Fragile,Bronze,9,349.9,977.5,2,0,6.71,28.0,4.3,9.4,Clear,49.8,0.621,1,120.96,6.43,0
SHP-102424,Montreal QC,Hamilton ON,MapleFreight Fleet,Standard,General Freight,Bronze,12,1334.3,637.1,5,0,24.23,16.0,5.5,7.6,Rain,46.6,0.418,3,168.7,23.58,0
SHP-100717,Mississauga ON,Hamilton ON,NorthStar Carriers,Standard,Fragile,Silver,7,282.0,733.3,1,0,4.95,-20.0,4.7,5.6,Clear,42.0,0.407,1,106.78,4.62,0
SHP-100834,Ottawa ON,Toronto ON,QuebecExpress,Standard,General Freight,Gold,6,394.2,357.4,1,0,7.06,4.0,7.4,11.4,Clear,27.0,0.409,0,178.77,6.24,0
SHP-101120,Montreal QC,Montreal QC,QuebecExpress,Express,Fragile,Silver,4,394.5,473.6,3,0,5.78,28.0,6.1,4.3,Clear,82.2,0.604,2,217.89,6.1,0
SHP-105545,Montreal QC,Toronto ON,MapleFreight Fleet,Standard,General Freight,Silver,4,395.8,402.2,1,0,5.82,-17.0,3.2,10.4,Clear,81.0,0.431,1,261.96,6.15,0
SHP-101265,London ON,Hamilton ON,Contract Owner-Op,Economy,Refrigerated,Bronze,1,232.9,1922.4,4,0,7.08,42.0,10.5,1.4,Clear,80.9,0.696,0,114.9,6.37,0
SHP-101081,London ON,Hamilton ON,MapleFreight Fleet,Economy,General Freight,Bronze,1,1017.7,1703.4,1,0,14.77,11.0,5.4,5.9,Rain,62.2,0.275,2,201.07,15.12,0
SHP-103923,Calgary AB,Ottawa ON,NorthStar Carriers,Economy,General Freight,Bronze,3,1498.2,827.3,2,0,21.38,-20.0,2.0,7.4,Clear,68.5,0.436,2,274.16,19.39,0
SHP-104044,Montreal QC,Toronto ON,PrairieLine,Standard,Fragile,Gold,7,1521.0,389.1,2,0,23.99,9.0,5.9,12.6,Clear,70.3,0.196,1,172.33,25.35,0
SHP-100371,Toronto ON,Quebec City QC,MapleFreight Fleet,Standard,General Freight,Bronze,10,1146.8,1365.7,1,0,15.95,20.0,6.4,1.7,Clear,90.0,0.134,0,176.57,15.88,0
SHP-102999,Montreal QC,Quebec City QC,MapleFreight Fleet,Standard,Fragile,Silver,9,307.1,297.6,4,0,5.14,-20.0,0.5,1.8,,40.8,0.378,0,132.61,5.18,0
SHP-104504,Mississauga ON,Regina SK,Contract Owner-Op,Express,Fragile,Silver,2,613.4,669.3,2,0,9.69,3.0,2.8,4.1,Clear,58.9,0.478,1,198.03,8.85,0
SHP-100668,London ON,Regina SK,QuebecExpress,Express,Bulk,Gold,10,369.0,1963.5,5,0,7.01,-16.0,6.5,2.0,Fog,35.9,0.41,0,186.55,7.25,0
SHP-104578,Mississauga ON,Calgary AB,NorthStar Carriers,Standard,General Freight,Bronze,11,557.4,1316.6,1,1,9.48,37.0,2.0,4.8,Snow,34.6,0.49,0,167.15,9.83,0
SHP-102165,Toronto ON,Quebec City QC,MapleFreight Fleet,Economy,Fragile,Silver,12,650.9,963.8,3,0,12.23,-20.0,5.6,7.9,Storm,60.0,0.419,0,125.57,11.32,0
SHP-104995,Montreal QC,Winnipeg MB,NorthStar Carriers,Standard,Refrigerated,Silver,1,841.6,1355.6,2,0,13.98,31.0,,9.6,Storm,82.1,0.612,0,162.73,15.82,1
SHP-105902,Montreal QC,Edmonton AB,PrairieLine,Standard,Fragile,Silver,1,1410.6,658.0,0,0,20.18,24.0,3.7,3.3,Clear,58.8,0.713,3,161.89,18.63,0
SHP-104895,Ottawa ON,Quebec City QC,MapleFreight Fleet,Standard,General Freight,Silver,1,593.6,1046.2,2,0,10.39,17.0,18.0,3.2,Clear,32.8,0.555,2,65.97,9.87,0
SHP-102533,Calgary AB,Montreal QC,MapleFreight Fleet,Express,Fragile,Gold,7,296.0,196.2,1,0,3.94,-20.0,6.7,5.7,Clear,63.2,0.521,2,183.14,3.58,0
SHP-102681,Toronto ON,Quebec City QC,PrairieLine,Standard,General Freight,Silver,9,603.4,315.8,0,0,9.41,58.0,9.5,3.8,Clear,32.5,0.576,2,133.52,8.29,0
SHP-100925,Montreal QC,Regina SK,QuebecExpress,Standard,General Freight,Silver,3,707.3,304.6,0,0,11.51,-3.0,1.3,7.7,Rain,73.9,0.472,2,182.69,11.8,0
SHP-101878,Mississauga ON,Quebec City QC,QuebecExpress,Standard,Refrigerated,Gold,1,352.4,2730.8,5,0,6.13,40.0,8.3,10.3,Rain,,0.315,1,144.22,9.19,1
SHP-101534,Montreal QC,Regina SK,NorthStar Carriers,Express,Hazardous,Silver,4,505.9,824.5,3,0,8.06,7.0,5.1,1.7,Snow,50.7,0.149,0,87.85,7.59,0
SHP-103782,Ottawa ON,Montreal QC,PrairieLine,Express,Bulk,Bronze,1,545.4,2720.5,1,0,7.34,13.0,1.0,3.6,Clear,33.5,0.284,0,309.25,6.49,0
SHP-100549,Montreal QC,Ottawa ON,PrairieLine,Express,Refrigerated,Silver,4,1072.3,827.5,4,0,17.65,26.0,3.3,6.6,Clear,38.1,0.644,2,175.55,27.12,1
SHP-100670,Montreal QC,Hamilton ON,QuebecExpress,Standard,Refrigerated,Silver,10,626.4,589.4,2,0,10.42,76.0,2.6,10.4,Clear,21.7,0.31,0,185.15,10.89,0
SHP-105385,Mississauga ON,Regina SK,PrairieLine,Economy,General Freight,Silver,2,916.0,970.7,2,0,13.48,-0.0,7.3,12.0,Clear,,0.582,1,181.35,16.08,1
SHP-103801,Montreal QC,Quebec City QC,MapleFreight Fleet,Standard,Fragile,Silver,8,509.8,941.0,2,0,9.08,41.0,12.6,3.8,Clear,74.5,0.409,0,264.45,9.24,0
SHP-101870,Toronto ON,Quebec City QC,NorthStar Carriers,Express,General Freight,Silver,6,207.2,1704.4,3,0,4.21,45.0,8.0,3.6,Rain,85.6,0.657,3,201.67,4.16,0
SHP-103095,Ottawa ON,Montreal QC,MapleFreight Fleet,Standard,Bulk,Silver,9,484.1,779.6,0,0,7.51,10.0,20.8,10.0,Clear,40.3,0.921,1,173.63,7.49,0
SHP-103102,Toronto ON,Regina SK,Contract Owner-Op,Standard,Bulk,Gold,3,641.6,1443.9,5,0,11.98,40.0,1.4,1.1,Fog,52.9,0.068,5,168.47,10.6,0
SHP-102973,Toronto ON,Sudbury ON,NorthStar Carriers,Standard,Hazardous,Silver,10,497.6,878.6,1,0,8.19,76.0,7.4,3.9,Clear,77.6,0.331,0,244.96,7.39,0
SHP-103281,Montreal QC,Regina SK,MapleFreight Fleet,Economy,General Freight,Bronze,1,674.7,2000.8,1,0,9.36,12.0,,16.0,Clear,64.1,0.69,2,112.5,9.19,0
SHP-101806,Toronto ON,Toronto ON,PrairieLine,Standard,Hazardous,Silver,2,1098.6,825.9,5,0,19.37,-3.0,4.0,5.9,Clear,41.9,0.421,2,221.86,17.13,0
SHP-104674,Toronto ON,Sudbury ON,NorthStar Carriers,Express,Bulk,Silver,12,430.3,596.3,5,0,9.46,24.0,12.2,5.3,Snow,63.9,0.216,1,309.66,8.59,0
SHP-102090,Calgary AB,Montreal QC,NorthStar Carriers,Economy,Bulk,Silver,12,1526.7,1371.4,1,0,22.12,-13.0,8.5,2.7,Snow,57.5,0.573,2,249.39,19.49,0
SHP-101635,Winnipeg MB,Quebec City QC,PrairieLine,Standard,General Freight,Bronze,1,589.5,574.1,5,0,7.97,15.0,4.2,3.0,Rain,35.1,0.315,1,124.73,9.66,1
SHP-100065,Montreal QC,Edmonton AB,MapleFreight Fleet,Standard,General Freight,Bronze,8,415.9,491.8,2,0,6.53,25.0,5.6,7.4,Rain,44.1,0.24,2,194.84,6.2,0
SHP-103863,Toronto ON,Edmonton AB,MapleFreight Fleet,Economy,General Freight,Bronze,10,1074.9,393.0,2,0,14.32,63.0,2.4,1.4,Storm,47.7,0.499,2,166.97,13.5,0
SHP-105315,Winnipeg MB,Quebec City QC,MapleFreight Fleet,Standard,Fragile,Bronze,6,568.7,1664.8,3,1,11.75,21.0,10.6,14.8,Clear,49.3,0.351,1,245.12,11.17,0
SHP-102354,Mississauga ON,Hamilton ON,NorthStar Carriers,Standard,General Freight,Silver,5,346.1,1453.0,0,0,5.74,-9.0,5.8,3.0,Rain,34.7,0.024,3,266.84,5.91,0
SHP-102689,Toronto ON,Winnipeg MB,NorthStar Carriers,Standard,Refrigerated,Gold,11,827.1,1500.6,5,0,15.51,-20.0,15.2,4.8,Clear,33.7,0.357,3,192.45,14.44,0
SHP-105589,Calgary AB,Regina SK,QuebecExpress,Express,Refrigerated,Bronze,4,795.2,599.9,1,0,10.51,-13.0,2.0,5.1,Clear,50.0,0.31,1,162.48,9.88,0
SHP-100040,Toronto ON,Sudbury ON,QuebecExpress,Express,General Freight,Silver,2,365.1,62.7,5,0,9.23,-20.0,0.7,3.8,Clear,59.0,0.488,0,196.05,9.22,0
SHP-102493,Toronto ON,Hamilton ON,MapleFreight Fleet,standard,Bulk,Bronze,10,464.9,1263.7,0,0,5.38,65.0,5.6,6.1,Clear,43.5,0.705,0,53.44,5.08,0
SHP-100160,Toronto ON,Regina SK,QuebecExpress,Standard,Refrigerated,Silver,10,304.5,1018.0,2,0,5.12,1.0,6.1,3.8,Rain,76.8,0.289,1,206.87,8.18,1
SHP-101582,Winnipeg MB,Regina SK,QuebecExpress,Standard,General Freight,Gold,12,413.9,549.3,4,0,8.59,-14.0,5.8,4.7,Clear,35.0,0.431,2,130.02,7.89,0
SHP-102360,Toronto ON,Toronto ON,NorthStar Carriers,Express,General Freight,Silver,11,840.3,471.1,1,0,12.31,55.0,2.9,3.4,Clear,41.1,0.67,3,139.47,11.87,0
SHP-103707,Toronto ON,Calgary AB,NorthStar Carriers,Standard,General Freight,Silver,5,336.4,894.4,0,0,5.83,99.0,12.3,3.2,Clear,68.8,0.557,0,120.94,5.62,0
SHP-101262,Mississauga ON,Winnipeg MB,PrairieLine,Express,Refrigerated,Silver,8,632.2,2044.7,3,0,11.63,15.0,5.6,8.8,Clear,57.9,0.503,0,179.65,12.18,0
SHP-100588,London ON,Ottawa ON,MapleFreight Fleet,Express,General Freight,Bronze,6,446.7,367.0,4,1,8.83,58.0,5.0,4.9,Clear,45.7,0.313,0,186.07,8.45,0
SHP-100989,Toronto ON,Edmonton AB,MapleFreight Fleet,Standard,Refrigerated,Bronze,7,315.6,740.8,3,0,7.09,7.0,8.3,16.2,Clear,46.4,0.577,1,152.97,7.34,0
SHP-105171,Calgary AB,Ottawa ON,QuebecExpress,Standard,Refrigerated,Silver,10,533.7,1022.0,2,0,7.81,48.0,2.3,7.2,Rain,44.6,0.588,3,104.94,9.33,1
SHP-104981,Ottawa ON,Sudbury ON,MapleFreight Fleet,Standard,Bulk,Bronze,6,769.6,364.7,3,0,13.78,33.0,3.7,5.7,Rain,70.1,0.712,1,,14.48,0
SHP-103015,Toronto ON,Regina SK,NorthStar Carriers,Express,General Freight,Bronze,12,730.8,3268.6,3,1,13.61,17.0,3.3,2.1,Storm,75.9,0.244,2,129.69,18.55,1
SHP-102304,Mississauga ON,Sudbury ON,NorthStar Carriers,Express,Bulk,Gold,12,1176.7,791.9,0,0,18.03,2.0,2.5,3.6,Clear,14.7,0.527,1,191.17,17.65,0
SHP-103021,Toronto ON,Calgary AB,MapleFreight Fleet,Economy,Bulk,Silver,3,348.5,537.6,3,0,6.83,24.0,6.3,8.0,Clear,63.0,0.662,1,227.73,6.22,0
SHP-102395,Montreal QC,Edmonton AB,MapleFreight Fleet,Economy,General Freight,Bronze,8,418.2,1554700.0,1,0,6.32,32.0,1.9,2.8,Snow,42.3,1.0,0,198.46,5.95,0
SHP-105683,Montreal QC,Winnipeg MB,QuebecExpress,Economy,Hazardous,Silver,7,488.5,861.9,1,0,5.78,-7.0,7.7,11.0,Snow,,0.217,1,84.3,5.83,0
SHP-101342,Ottawa ON,Ottawa ON,PrairieLine,Economy,Refrigerated,Silver,6,393.2,639.8,2,0,6.09,-1.0,3.9,9.3,Rain,88.0,0.355,1,127.65,9.32,1
SHP-101140,Montreal QC,Sudbury ON,PrairieLine,Standard,Refrigerated,Silver,1,1101.8,921.7,1,0,12.99,8.0,13.6,10.4,Clear,17.1,0.422,0,282.66,11.98,0
SHP-101279,Montreal QC,Montreal QC,QuebecExpress,Standard,Refrigerated,Gold,1,1088.2,845.6,1,0,15.52,57.0,2.2,2.5,Clear,32.1,0.773,1,,13.97,0
SHP-102797,Ottawa ON,Regina SK,MapleFreight Fleet,Economy,Bulk,Silver,5,860.6,371.1,1,0,10.38,-2.0,4.3,2.8,Snow,49.2,0.52,0,96.82,9.22,0
SHP-102600,Toronto ON,Calgary AB,PrairieLine,Economy,Refrigerated,Gold,5,749.1,526.7,3,1,13.39,28.0,5.3,3.1,Clear,32.4,0.295,0,277.66,13.67,0
SHP-104229,Mississauga ON,Montreal QC,NorthStar Carriers,Economy,General Freight,Silver,11,540.4,1493.7,1,0,6.62,29.0,2.9,3.2,Rain,39.9,0.481,1,186.97,8.54,1
SHP-102017,Mississauga ON,Quebec City QC,Contract Owner-Op,Economy,General Freight,Bronze,8,517.9,2626.5,2,0,7.26,16.0,10.8,6.9,Clear,36.7,0.613,2,266.63,7.56,0
SHP-104277,Toronto ON,Regina SK,MapleFreight Fleet,Standard,General Freight,Silver,5,508.7,748.5,4,0,12.15,16.0,8.8,3.3,Fog,49.9,0.16,2,118.97,11.46,0
SHP-101612,Mississauga ON,Quebec City QC,MapleFreight Fleet,Standard,General Freight,Gold,3,743.9,736.5,3,1,10.97,26.0,2.6,10.5,Fog,36.2,0.365,2,221.22,10.06,0
SHP-103692,Toronto ON,Hamilton ON,QuebecExpress,Standard,General Freight,Bronze,11,616.4,630.0,5,0,11.77,-20.0,3.4,3.5,Clear,49.9,0.394,2,297.69,12.48,0
SHP-105187,Toronto ON,Toronto ON,QuebecExpress,Standard,Hazardous,Bronze,10,797.4,1303.0,5,0,15.39,8.0,5.3,2.9,Clear,55.0,0.366,3,104.16,14.18,0
SHP-105615,Winnipeg MB,Edmonton AB,PrairieLine,Standard,Hazardous,Gold,11,674.0,1113.1,3,0,12.88,31.0,16.4,6.5,Snow,52.4,0.782,1,115.88,12.74,0
SHP-100237,Ottawa ON,Sudbury ON,MapleFreight Fleet,Economy,Bulk,Gold,7,491.4,736.2,5,0,10.56,26.0,10.9,5.6,Clear,51.8,0.721,1,85.59,11.0,0
SHP-101758,Toronto ON,Montreal QC,MapleFreight Fleet,Standard,General Freight,Silver,9,807.6,1865.8,4,0,13.85,21.0,4.6,3.3,Fog,21.7,0.511,4,120.48,13.92,0
SHP-105325,Calgary AB,Quebec City QC,NorthStar Carriers,Express,General Freight,Bronze,4,745.2,1396.8,0,0,8.73,19.0,10.1,4.2,Rain,47.0,0.39,0,155.19,8.13,0
SHP-100395,Mississauga ON,Winnipeg MB,MapleFreight Fleet,Express,General Freight,Bronze,12,702.7,1060.1,5,0,14.36,40.0,4.3,3.1,Clear,56.1,0.0,3,156.33,12.95,0
SHP-102436,Toronto ON,Calgary AB,MapleFreight Fleet,Economy,General Freight,Gold,5,382.6,1716.9,0,0,3.92,47.0,12.0,4.0,Snow,35.4,0.82,1,223.88,3.87,0
SHP-100791,London ON,Sudbury ON,QuebecExpress,Standard,Bulk,Silver,3,567.8,823.0,5,0,11.71,5.0,4.2,8.1,Snow,39.3,0.682,3,215.44,11.42,0
SHP-105904,Ottawa ON,Hamilton ON,MapleFreight Fleet,Economy,General Freight,Bronze,3,577.2,521.1,3,1,10.41,29.0,4.1,3.0,Snow,65.8,0.494,1,87.02,14.72,1
SHP-103805,Mississauga ON,Calgary AB,MapleFreight Fleet,Standard,General Freight,Silver,10,776.0,1683.5,1,0,9.43,55.0,11.1,11.3,Snow,53.9,1.0,2,287.42,9.03,0
SHP-101461,Toronto ON,Montreal QC,NorthStar Carriers,Standard,General Freight,Bronze,6,894.2,638.5,0,0,15.43,41.0,2.9,1.0,Snow,52.0,0.321,3,119.6,23.87,1
SHP-102649,Montreal QC,Montreal QC,MapleFreight Fleet,Express,General Freight,Bronze,1,709.8,540.4,4,0,11.3,40.0,9.5,7.9,Clear,39.5,0.398,0,150.57,11.64,0
SHP-102179,Winnipeg MB,Hamilton ON,PrairieLine,Express,General Freight,Silver,10,635.7,587.3,2,0,9.1,41.0,1.9,7.4,Rain,49.5,0.513,2,302.41,8.86,0
SHP-103631,Montreal QC,Winnipeg MB,NorthStar Carriers,Standard,Refrigerated,Silver,5,1422.4,797.1,5,0,23.56,45.0,9.7,3.2,Snow,71.8,0.079,1,56.78,23.56,0
SHP-105080,Montreal QC,Hamilton ON,PrairieLine,Standard,Fragile,Gold,10,605.8,1125.2,5,1,12.95,-20.0,8.4,2.4,Clear,38.4,0.672,2,240.24,12.98,0
SHP-105494,Mississauga ON,Quebec City QC,MapleFreight Fleet,Economy,General Freight,Silver,2,660.2,674.8,1,0,9.04,-20.0,10.4,3.6,Snow,66.5,0.482,3,193.81,13.13,1
SHP-105646,Toronto ON,Quebec City QC,PrairieLine,Standard,General Freight,Bronze,8,105.7,1373.4,4,0,4.69,38.0,4.4,4.1,Snow,86.5,0.512,2,207.73,7.43,1
SHP-105300,Mississauga ON,Montreal QC,Contract Owner-Op,Economy,General Freight,Silver,12,919.4,570.5,4,1,17.49,-11.0,4.7,0.9,Rain,54.6,0.291,1,228.31,25.0,1
SHP-105093,Mississauga ON,Sudbury ON,MapleFreight Fleet,Standard,Bulk,Bronze,6,421.5,1027.0,2,0,6.74,-12.0,2.9,8.6,Clear,31.0,0.24,0,263.85,5.99,0
SHP-104533,Mississauga ON,Hamilton ON,QuebecExpress,Standard,General Freight,Silver,5,538.9,459.4,0,0,6.52,58.0,5.6,1.9,Clear,46.4,0.44,0,262.95,6.02,0
SHP-103230,Montreal QC,Regina SK,Contract Owner-Op,Standard,Refrigerated,Bronze,8,856.4,1688.1,3,1,13.83,37.0,2.1,4.7,Snow,57.8,0.573,3,265.15,19.74,1
SHP-102758,Toronto ON,Hamilton ON,MapleFreight Fleet,Express,Hazardous,Bronze,2,610.1,2096.6,0,0,8.18,66.0,1.7,3.2,Clear,30.4,0.475,1,259.43,8.17,0
SHP-102929,Mississauga ON,Montreal QC,MapleFreight Fleet,Express,Fragile,Silver,5,970.1,712000.0,1,0,15.25,13.0,4.3,1.7,Snow,58.4,0.095,1,249.24,15.67,0
SHP-100906,Montreal QC,Toronto ON,NorthStar Carriers,Express,General Freight,Bronze,10,466.5,842.9,1,0,5.66,33.0,6.3,3.3,Clear,61.4,0.372,1,,5.49,0
SHP-100082,London ON,Calgary AB,NorthStar Carriers,Standard,Bulk,Gold,3,354.7,493.9,4,0,6.64,-0.0,16.8,2.9,Clear,48.7,0.478,2,284.58,8.0,1
SHP-100778,Ottawa ON,Toronto ON,NorthStar Carriers,Economy,Hazardous,Silver,12,1076.9,611.9,1,1,14.67,19.0,1.3,2.4,Clear,65.3,0.545,2,167.24,12.92,0
SHP-103219,Toronto ON,Montreal QC,MapleFreight Fleet,Economy,Fragile,Bronze,4,634.8,1293.5,4,0,11.51,51.0,3.6,7.8,Storm,49.3,0.457,0,129.2,10.67,0
SHP-105963,London ON,Ottawa ON,PrairieLine,Standard,Fragile,Silver,8,809.9,881.9,5,0,13.44,7.0,8.9,2.9,Clear,98.1,0.493,3,180.46,16.59,1
SHP-103676,Ottawa ON,Edmonton AB,QuebecExpress,Express,Refrigerated,Gold,10,881.4,243.3,0,0,11.87,-10.0,1.3,3.3,Fog,50.2,0.393,0,301.75,12.51,0
SHP-100108,Ottawa ON,Calgary AB,MapleFreight Fleet,Standard,General Freight,Gold,9,1444.8,252.4,4,0,23.49,-20.0,4.7,5.4,Clear,76.3,0.311,2,170.0,22.85,0
SHP-101903,Calgary AB,Sudbury ON,NorthStar Carriers,Standard,General Freight,Silver,3,891.0,2034.7,2,1,13.12,64.0,7.9,0.5,Rain,67.8,0.277,0,104.16,12.77,0
SHP-105113,Mississauga ON,Sudbury ON,MapleFreight Fleet,Economy,General Freight,Bronze,8,128.5,710.3,4,0,3.83,-6.0,5.0,3.4,Rain,42.4,0.238,0,223.19,3.44,0
SHP-102123,Ottawa ON,Toronto ON,MapleFreight Fleet,Standard,Fragile,Gold,4,372.9,915.1,5,0,9.28,30.0,1.1,1.6,Rain,79.0,0.362,0,191.94,12.28,1
SHP-102084,London ON,Toronto ON,QuebecExpress,Standard,Bulk,Bronze,10,556.2,968.4,1,0,8.36,4.0,3.0,1.5,Clear,28.1,0.703,5,148.65,8.46,0
SHP-101442,Mississauga ON,Calgary AB,MapleFreight Fleet,Standard,Hazardous,Bronze,11,945.1,379.6,5,0,17.08,63.0,4.5,6.3,Clear,77.2,0.723,2,81.13,21.8,1
SHP-101199,Toronto ON,Quebec City QC,PrairieLine,Standard,General Freight,Silver,11,984.7,806.8,4,0,17.36,11.0,1.7,5.6,Clear,73.7,0.229,1,212.95,27.16,1
SHP-101236,Toronto ON,Sudbury ON,NorthStar Carriers,Economy,General Freight,Gold,11,806.4,559.4,4,0,15.13,70.0,8.9,6.9,Snow,21.5,0.294,0,221.19,15.92,0
SHP-104348,Montreal QC,Winnipeg MB,PrairieLine,Standard,General Freight,Silver,7,421.7,489.7,3,0,9.64,1.0,5.5,5.1,Snow,30.3,0.568,0,133.62,9.24,0
SHP-102387,Montreal QC,Winnipeg MB,QuebecExpress,Express,General Freight,Bronze,1,928.5,491.5,1,0,16.14,28.0,5.7,7.3,Rain,82.3,0.454,0,141.59,24.01,1
SHP-102743,Toronto ON,Hamilton ON,PrairieLine,Express,Fragile,Silver,12,554.7,1051.8,2,0,8.09,11.0,11.8,7.8,Clear,41.4,0.617,2,239.04,10.5,1
SHP-100209,Calgary AB,Regina SK,NorthStar Carriers,Standard,Refrigerated,Silver,12,240.3,867.7,3,0,4.54,10.0,2.5,13.6,Clear,70.2,0.189,1,192.84,4.81,0
SHP-103194,Ottawa ON,Ottawa ON,MapleFreight Fleet,Economy,General Freight,Bronze,11,1935.9,1448.1,5,0,30.16,64.0,2.4,7.9,Clear,70.7,0.451,0,292.53,31.32,0
SHP-105828,Montreal QC,Toronto ON,MapleFreight Fleet,Standard,Refrigerated,Silver,5,548.1,306.5,5,0,11.75,12.0,1.8,5.5,Clear,62.5,0.34,0,172.97,10.73,0
SHP-105324,Winnipeg MB,Hamilton ON,NorthStar Carriers,Standard,Hazardous,Gold,7,1180.3,740.2,5,0,19.32,58.0,9.3,7.7,Clear,46.7,1.0,1,322.83,17.96,0
SHP-105598,Calgary AB,Toronto ON,NorthStar Carriers,Standard,General Freight,Bronze,8,919.1,376.5,2,1,12.44,-14.0,21.6,2.2,Storm,26.6,0.595,1,94.8,11.92,0
SHP-103534,Mississauga ON,Calgary AB,NorthStar Carriers,Standard,Refrigerated,Gold,4,387.4,727.3,4,0,9.31,9.0,4.8,10.9,Rain,77.3,0.671,0,146.96,8.35,0
SHP-103967,Toronto ON,Edmonton AB,NorthStar Carriers,Economy,Fragile,Gold,4,877.5,331.1,0,0,11.76,30.0,14.3,2.3,Fog,51.7,0.341,1,192.62,10.73,0
SHP-101355,Toronto ON,Edmonton AB,Contract Owner-Op,Standard,Bulk,Silver,4,735.8,541.1,0,0,10.69,11.0,7.3,2.8,Snow,75.5,0.411,1,322.64,10.17,0
SHP-104360,Toronto ON,Regina SK,NorthStar Carriers,Standard,Fragile,Silver,2,822.1,1144.3,0,0,12.14,-4.0,4.6,2.0,Clear,89.2,0.224,0,193.56,19.13,1
SHP-101238,Montreal QC,Winnipeg MB,MapleFreight Fleet,Express,Hazardous,Bronze,4,292.9,1028.2,4,0,5.62,19.0,5.0,7.0,Clear,72.8,0.596,3,264.94,5.28,0
SHP-105571,Mississauga ON,Edmonton AB,QuebecExpress,Express,General Freight,Bronze,10,822.7,154.2,4,0,10.3,-7.0,16.9,14.6,Rain,48.8,0.599,1,74.15,10.81,0
SHP-104408,Montreal QC,Regina SK,PrairieLine,Standard,Hazardous,Silver,2,321.5,921.7,4,0,6.56,23.0,4.4,5.8,Fog,50.7,0.372,0,170.8,6.53,0
SHP-100079,Montreal QC,Regina SK,Contract Owner-Op,Standard,Refrigerated,Gold,4,1024.4,406.6,2,0,14.2,46.0,8.2,1.1,Storm,72.2,0.565,1,91.2,22.35,1
SHP-100663,Toronto ON,Winnipeg MB,Contract Owner-Op,Standard,Bulk,Bronze,12,350.7,1449.6,2,0,7.56,-20.0,1.9,4.0,Clear,21.2,0.39,0,99.02,7.2,0
SHP-101982,Montreal QC,Edmonton AB,Contract Owner-Op,Standard,General Freight,Bronze,8,594.5,1088.4,5,0,12.6,-4.0,,6.1,,42.1,0.57,2,253.37,11.46,0
SHP-104959,Mississauga ON,Ottawa ON,MapleFreight Fleet,Standard,General Freight,Bronze,4,877.8,1721.8,2,0,14.05,30.0,3.2,3.3,Fog,89.3,0.598,1,55.06,18.53,1
SHP-105403,Winnipeg MB,Toronto ON,MapleFreight Fleet,Express,General Freight,Silver,1,529.9,1412.8,3,1,11.32,2.0,7.7,3.3,Clear,78.2,0.83,0,189.44,10.95,0
SHP-102203,Toronto ON,Toronto ON,Contract Owner-Op,Standard,General Freight,Silver,10,753.7,3049.5,0,0,11.08,-18.0,2.3,8.5,Snow,62.5,0.447,0,88.49,11.13,0
SHP-104647,Toronto ON,Sudbury ON,NorthStar Carriers,Standard,Bulk,Bronze,5,821.6,390.4,5,0,14.69,6.0,18.8,0.4,Clear,55.1,0.248,0,160.58,13.15,0
SHP-105090,Calgary AB,Sudbury ON,MapleFreight Fleet,Economy,Bulk,Bronze,1,236.6,187.3,1,0,2.47,-20.0,5.9,1.4,Clear,31.1,0.358,2,126.8,2.52,0
SHP-100175,Toronto ON,Toronto ON,QuebecExpress,Standard,Refrigerated,Bronze,5,852.6,2002.0,4,0,15.61,38.0,5.8,1.5,Clear,78.1,0.655,2,245.86,20.76,1
SHP-103703,Montreal QC,Winnipeg MB,PrairieLine,Economy,Refrigerated,Bronze,9,1168.6,529.0,5,0,20.39,-7.0,12.0,9.0,Clear,28.2,0.197,0,188.08,19.61,0
SHP-105122,Mississauga ON,Sudbury ON,QuebecExpress,Economy,General Freight,Silver,1,981.2,3264.7,5,0,15.67,-20.0,4.2,8.9,Clear,70.3,0.538,5,277.88,17.91,1
SHP-105917,Toronto ON,Quebec City QC,NorthStar Carriers,Standard,General Freight,Gold,10,586.8,796.4,3,0,11.15,-20.0,30.2,4.3,Fog,86.6,0.276,2,46.51,11.32,0
SHP-102756,Toronto ON,Edmonton AB,MapleFreight Fleet,Standard,General Freight,Bronze,12,683.8,937.2,2,0,11.38,33.0,4.5,2.2,Snow,66.7,1.0,0,258.43,16.31,1
SHP-105029,Calgary AB,Montreal QC,Contract Owner-Op,Express,General Freight,Bronze,5,320.0,414.6,5,0,9.0,32.0,6.5,5.7,Snow,66.6,0.626,1,195.54,8.15,0
SHP-105387,Montreal QC,Ottawa ON,NorthStar Carriers,Economy,General Freight,Silver,7,662.1,1532.4,0,0,8.46,26.0,4.3,2.3,Fog,73.7,0.38,2,,10.14,1
SHP-100973,London ON,Montreal QC,PrairieLine,Standard,Refrigerated,Bronze,8,587.4,249.0,5,0,8.96,53.0,0.8,8.2,Snow,85.6,0.412,0,182.71,9.05,0
SHP-103982,Calgary AB,Quebec City QC,PrairieLine,Standard,Refrigerated,Gold,6,205.5,1425.4,0,0,4.3,2.0,24.9,5.3,Storm,70.6,0.682,1,167.25,5.32,1
SHP-103632,Winnipeg MB,Toronto ON,PrairieLine,Economy,General Freight,Bronze,3,276.8,632.6,2,0,6.09,6.0,0.4,9.1,Clear,53.3,0.477,2,132.5,5.43,0
SHP-102106,Mississauga ON,Quebec City QC,NorthStar Carriers,Standard,Bulk,Gold,10,270.8,876.2,1,0,3.88,-20.0,1.4,16.2,Storm,44.3,0.03,1,245.97,3.69,0
SHP-103663,London ON,Hamilton ON,NorthStar Carriers,Express,General Freight,Silver,6,280.7,654.2,2,0,3.92,53.0,0.4,3.4,Clear,35.3,0.268,1,133.43,3.78,0
SHP-105235,Montreal QC,Toronto ON,MapleFreight Fleet,Economy,Refrigerated,Gold,9,529.2,849.5,4,0,9.82,30.0,13.4,4.1,Rain,38.4,0.46,2,176.2,8.76,0
SHP-100844,Toronto ON,Montreal QC,NorthStar Carriers,Standard,Fragile,Silver,7,726.3,1111.3,1,0,9.82,23.0,7.5,4.5,Clear,23.2,0.271,1,211.1,9.49,0
SHP-100224,Ottawa ON,Toronto ON,MapleFreight Fleet,Standard,General Freight,Silver,9,862.5,298.4,1,0,13.56,-20.0,4.0,4.2,Rain,34.8,0.395,3,129.23,14.15,0
SHP-100933,London ON,Sudbury ON,MapleFreight Fleet,Standard,Fragile,Gold,8,540.3,965.2,2,0,10.96,35.0,5.6,2.1,Clear,86.9,0.652,3,176.31,9.66,0
SHP-102326,Ottawa ON,Hamilton ON,QuebecExpress,Standard,General Freight,Silver,6,401.6,1626.8,2,0,7.17,1.0,0.9,2.3,Clear,49.6,0.71,0,253.68,6.32,0
SHP-104220,Toronto ON,Regina SK,MapleFreight Fleet,Express,Fragile,Bronze,2,1326.9,1286.4,4,0,21.66,54.0,,11.7,Snow,24.0,0.6,3,70.85,20.94,0
SHP-105531,Toronto ON,Winnipeg MB,PrairieLine,Economy,General Freight,Bronze,10,486.9,1157.3,2,0,6.97,49.0,4.9,2.5,Clear,31.4,0.569,0,147.69,10.87,1
SHP-101495,Montreal QC,Sudbury ON,MapleFreight Fleet,Standard,Bulk,Bronze,10,229.4,226.1,5,0,7.34,-20.0,4.3,11.0,Clear,65.6,0.327,1,186.93,6.96,0
SHP-105262,Montreal QC,Winnipeg MB,QuebecExpress,economy,Fragile,Silver,5,1422.5,247.0,1,0,18.04,100.0,8.5,5.0,Fog,77.8,0.583,1,189.04,24.88,1
SHP-104020,Mississauga ON,Ottawa ON,QuebecExpress,Economy,Fragile,Gold,1,437.9,652.3,3,0,7.38,5.0,27.4,2.4,Rain,36.6,0.218,2,145.08,7.5,0
SHP-102494,Montreal QC,Quebec City QC,PrairieLine,Economy,General Freight,Gold,10,997.0,237.2,3,0,17.45,18.0,4.2,10.8,Storm,50.4,0.234,2,211.09,20.08,1
SHP-103348,Winnipeg MB,Regina SK,Contract Owner-Op,Economy,Fragile,Silver,11,462.1,1210.1,0,0,4.18,27.0,5.8,9.7,Clear,87.7,0.196,1,85.88,4.24,0
SHP-104889,Toronto ON,Calgary AB,NorthStar Carriers,Economy,General Freight,Silver,9,617.5,1870.1,1,1,10.45,-6.0,18.5,4.5,Clear,50.4,0.548,0,80.33,10.29,0
SHP-103345,Ottawa ON,Montreal QC,Contract Owner-Op,Express,General Freight,Bronze,9,1129.5,728.6,1,0,16.22,11.0,4.3,1.3,Rain,61.4,0.358,2,209.54,16.32,0
SHP-103609,London ON,Regina SK,Contract Owner-Op,Economy,General Freight,Silver,9,255.3,1746.2,3,0,8.09,6.0,1.7,5.3,Clear,27.6,0.331,2,163.02,8.37,0
SHP-104300,Toronto ON,Calgary AB,MapleFreight Fleet,Standard,Bulk,Silver,11,1484.0,828.7,0,0,19.04,5.0,1.0,1.9,Clear,54.5,0.574,1,,18.74,0
SHP-101028,Mississauga ON,Sudbury ON,QuebecExpress,Standard,Fragile,Silver,12,877.2,847.9,2,0,12.42,41.0,,8.0,Snow,19.2,0.396,2,216.2,14.79,1
SHP-105944,Ottawa ON,Edmonton AB,NorthStar Carriers,Standard,Fragile,Silver,3,801.7,708.0,4,0,14.07,29.0,12.6,2.8,Snow,56.0,0.263,1,150.65,13.74,0
SHP-105379,Toronto ON,Quebec City QC,MapleFreight Fleet,Standard,General Freight,Gold,3,1157.8,313.7,3,0,17.7,18.0,14.4,2.9,Fog,27.5,0.385,1,86.42,18.36,0
SHP-105718,Toronto ON,Calgary AB,QuebecExpress,express,General Freight,Bronze,8,595.7,910.1,2,0,11.33,-3.0,3.3,9.6,Clear,70.8,0.908,3,138.27,14.36,1
SHP-102317,Ottawa ON,Regina SK,PrairieLine,Express,Hazardous,Gold,9,143.7,1423.7,5,1,6.42,59.0,11.2,6.8,Clear,52.0,0.125,1,172.02,6.56,0
SHP-105120,Toronto ON,Montreal QC,PrairieLine,Express,General Freight,Gold,10,419.2,898.0,0,0,5.15,3.0,5.7,6.2,Snow,56.0,0.375,0,261.15,4.8,0
SHP-104143,Toronto ON,Sudbury ON,MapleFreight Fleet,Standard,Fragile,Bronze,2,474.3,321.0,2,1,7.7,19.0,1.5,4.9,Snow,48.3,0.259,5,,6.8,0
SHP-101508,London ON,Hamilton ON,MapleFreight Fleet,Express,General Freight,Gold,4,666.5,1222.5,3,0,12.83,49.0,2.2,2.5,Rain,69.2,0.131,2,197.07,13.43,0
SHP-104233,Toronto ON,Quebec City QC,NorthStar Carriers,Standard,Refrigerated,Silver,7,876.7,1856.6,4,0,15.64,-20.0,4.7,2.1,Clear,56.4,0.331,0,,15.47,0
SHP-100420,Toronto ON,Winnipeg MB,PrairieLine,Express,Hazardous,Bronze,8,361.0,106.2,3,0,6.4,72.0,2.2,10.3,,47.9,0.7,0,208.18,6.6,0
SHP-105470,Ottawa ON,Ottawa ON,MapleFreight Fleet,Express,Fragile,Silver,11,847.0,346.0,5,0,14.96,7.0,1.9,6.2,Rain,68.7,0.521,1,162.65,15.81,0
SHP-105813,Montreal QC,Edmonton AB,MapleFreight Fleet,Standard,General Freight,Silver,9,1321.9,1018.8,1,0,17.81,-20.0,5.9,1.7,Rain,77.0,0.316,0,223.29,18.75,0
SHP-100902,Montreal QC,Hamilton ON,NorthStar Carriers,Standard,Fragile,Silver,1,651.2,336.1,3,0,10.45,46.0,4.2,2.5,Clear,78.8,0.793,1,71.53,9.31,0
SHP-103992,London ON,Toronto ON,PrairieLine,Standard,General Freight,Silver,8,485.8,615.2,5,0,10.97,62.0,7.6,9.3,Clear,58.9,0.0,1,267.12,9.69,0
SHP-105953,Toronto ON,Edmonton AB,QuebecExpress,Economy,General Freight,Gold,1,439.8,1924.4,5,0,9.66,-4.0,15.8,8.6,Clear,70.5,0.381,1,108.41,10.14,0
SHP-101797,Toronto ON,Ottawa ON,MapleFreight Fleet,Standard,Refrigerated,Bronze,10,609.9,1014.7,2,0,8.63,49.0,2.7,4.4,Clear,84.4,0.513,1,134.56,8.74,0
SHP-101214,Calgary AB,Ottawa ON,QuebecExpress,Standard,Fragile,Gold,5,560.8,1787.0,2,0,8.73,-17.0,6.0,4.8,Clear,42.8,0.664,2,117.08,8.62,0
SHP-100473,Calgary AB,Hamilton ON,Contract Owner-Op,Standard,General Freight,Silver,7,385.1,1673.3,1,0,4.29,21.0,3.2,2.3,Snow,44.8,0.404,0,133.01,3.92,0
SHP-102589,Montreal QC,Quebec City QC,NorthStar Carriers,Economy,Fragile,Silver,11,351.2,622.7,1,0,5.69,-20.0,5.8,3.0,Snow,51.0,0.593,2,206.27,5.36,0
SHP-101410,Winnipeg MB,Calgary AB,MapleFreight Fleet,Standard,Fragile,Silver,7,1203.8,1378.4,3,0,18.74,8.0,1.8,4.1,Clear,74.7,0.337,0,178.02,18.26,0
SHP-104413,Montreal QC,Montreal QC,MapleFreight Fleet,Express,General Freight,Silver,1,500.4,1204.2,3,0,9.33,22.0,1.8,1.6,Clear,68.7,0.334,2,213.36,9.27,0
SHP-101479,London ON,Calgary AB,MapleFreight Fleet,Express,Bulk,Gold,8,954.4,715.8,1,0,14.4,-9.0,2.1,8.3,Snow,87.7,0.489,1,192.43,20.21,1
SHP-102117,Montreal QC,Quebec City QC,QuebecExpress,Standard,Refrigerated,Gold,10,812.7,3361.4,1,0,14.03,55.0,8.4,7.5,Rain,50.1,0.401,1,141.7,12.65,0
SHP-103500,Toronto ON,Edmonton AB,QuebecExpress,Express,Fragile,Gold,4,876.9,498.2,5,0,12.74,69.0,3.7,3.3,Clear,47.0,0.473,1,,15.12,1
SHP-105314,Calgary AB,Toronto ON,PrairieLine,Standard,Refrigerated,Silver,3,1466.9,146.9,1,0,21.7,49.0,5.0,6.5,Rain,31.1,0.375,1,122.65,31.69,1
SHP-101465,London ON,Regina SK,MapleFreight Fleet,Express,Refrigerated,Bronze,5,500.3,739.7,1,0,8.35,4.0,9.0,2.3,Rain,48.1,0.447,2,160.67,8.79,0
SHP-103124,Ottawa ON,Winnipeg MB,NorthStar Carriers,Express,Refrigerated,Silver,10,856.7,510.6,3,0,12.92,26.0,3.4,3.2,Clear,55.9,0.45,1,168.37,11.87,0
SHP-102888,Ottawa ON,Ottawa ON,QuebecExpress,Standard,Fragile,Gold,6,544.6,2827.7,2,0,9.41,50.0,8.8,3.4,Clear,55.5,0.455,1,229.64,8.66,0
SHP-100390,Winnipeg MB,Hamilton ON,PrairieLine,Economy,Refrigerated,Silver,6,126.9,760.3,4,0,6.23,55.0,7.5,3.9,Clear,51.1,0.408,1,193.35,5.85,0
SHP-101070,Ottawa ON,Sudbury ON,MapleFreight Fleet,Standard,General Freight,Silver,3,717.4,1186.4,4,0,12.96,-20.0,1.4,14.6,Clear,75.4,0.142,2,94.99,13.17,0
SHP-100387,Calgary AB,Winnipeg MB,Contract Owner-Op,Standard,General Freight,Gold,8,612.4,2301.8,4,0,9.08,-9.0,2.7,14.1,Snow,63.5,0.446,3,307.34,12.2,1
SHP-102128,Calgary AB,Quebec City QC,MapleFreight Fleet,Express,Hazardous,Silver,9,258.4,983.7,1,0,4.01,34.0,7.4,7.7,Clear,52.7,0.361,0,233.18,3.6,0
SHP-105703,London ON,Toronto ON,MapleFreight Fleet,Standard,Refrigerated,Bronze,2,686.2,1422.2,0,0,9.15,12.0,5.9,7.5,Clear,42.8,0.146,1,190.89,8.78,0
SHP-101303,Mississauga ON,Toronto ON,PrairieLine,Express,Refrigerated,Silver,9,423.3,836.3,5,0,11.25,101.0,6.6,5.9,Clear,65.1,0.278,1,303.96,17.03,1
SHP-103164,Calgary AB,Edmonton AB,MapleFreight Fleet,Standard,General Freight,Bronze,9,925.1,877.4,5,0,15.01,-17.0,0.7,2.6,Clear,89.2,0.377,1,,15.76,0
SHP-104952,Calgary AB,Edmonton AB,QuebecExpress,Standard,Bulk,Gold,5,253.8,2523.4,0,0,5.15,45.0,1.9,7.2,Snow,72.2,0.803,1,68.66,7.96,1
SHP-101339,Mississauga ON,Winnipeg MB,MapleFreight Fleet,Express,Refrigerated,Silver,9,208.4,1000.4,0,0,2.18,54.0,9.3,6.2,Rain,51.3,0.787,1,267.85,2.12,0
SHP-101649,Toronto ON,Regina SK,MapleFreight Fleet,Economy,Bulk,Gold,2,688.1,749.5,5,1,14.73,4.0,5.5,6.8,Snow,44.3,0.873,1,165.25,13.04,0
SHP-105987,Montreal QC,Edmonton AB,MapleFreight Fleet,Standard,Bulk,Bronze,9,633.0,476.6,1,0,9.47,-15.0,7.0,5.1,Fog,71.5,0.692,2,226.86,9.31,0
SHP-105825,Ottawa ON,Ottawa ON,PrairieLine,Standard,Fragile,Silver,3,1172.5,495.0,3,0,19.62,-20.0,20.5,1.4,Clear,59.5,0.14,2,,19.36,0
SHP-105914,Ottawa ON,Calgary AB,Contract Owner-Op,Standard,Refrigerated,Bronze,1,312.5,1175.5,0,0,5.35,58.0,2.2,2.3,Clear,47.3,0.108,1,265.59,4.88,0
SHP-104751,Mississauga ON,Sudbury ON,PrairieLine,Standard,General Freight,Bronze,5,779.3,628.4,2,0,12.56,80.0,,2.4,Clear,33.4,0.322,7,190.09,11.15,0
SHP-105124,Mississauga ON,Quebec City QC,MapleFreight Fleet,Standard,Hazardous,Gold,3,1143.7,672.4,1,0,19.1,21.0,5.7,1.2,Clear,52.0,0.776,0,164.22,24.56,1
SHP-102619,London ON,Ottawa ON,NorthStar Carriers,Standard,General Freight,Bronze,11,402.3,2441.0,1,0,7.96,11.0,2.3,12.4,Clear,53.5,0.042,2,133.41,7.32,0
SHP-102843,Montreal QC,Quebec City QC,NorthStar Carriers,Standard,General Freight,Gold,12,659.8,456.6,5,0,13.71,65.0,3.8,4.6,Rain,65.4,0.0,0,283.32,17.51,1
SHP-102901,Mississauga ON,Calgary AB,NorthStar Carriers,Economy,Fragile,Silver,6,551.8,522.5,5,0,10.62,76.0,9.8,4.1,Rain,51.4,0.396,1,142.76,10.08,0
SHP-100822,Toronto ON,Toronto ON,NorthStar Carriers,Standard,General Freight,Bronze,9,441.2,726.0,4,0,9.3,44.0,12.9,4.8,Fog,52.1,0.984,1,150.88,8.94,0
SHP-104894,Calgary AB,Regina SK,NorthStar Carriers,Standard,Bulk,Silver,3,1029.6,496.1,2,0,12.76,52.0,1.8,15.4,Clear,65.3,0.478,0,162.56,17.27,1
SHP-104178,Toronto ON,Hamilton ON,Contract Owner-Op,Standard,General Freight,Gold,8,461.4,442.9,1,0,8.22,15.0,8.6,4.1,Clear,26.3,0.718,3,118.22,8.62,0
SHP-102614,Toronto ON,Sudbury ON,QuebecExpress,Express,Bulk,Silver,12,349.0,2491.1,3,0,4.7,51.0,2.6,3.3,Snow,49.5,0.53,1,128.93,5.48,1
SHP-104323,Toronto ON,Hamilton ON,PrairieLine,Express,General Freight,Silver,5,698.0,873.6,2,1,10.76,69.0,2.0,3.6,Rain,32.5,1.0,2,,14.03,1
SHP-105066,London ON,Edmonton AB,MapleFreight Fleet,Standard,General Freight,Silver,3,252.8,834.7,2,0,3.97,37.0,5.2,2.4,Clear,26.3,0.611,0,75.46,3.81,0
SHP-105735,Toronto ON,Sudbury ON,MapleFreight Fleet,Express,General Freight,Silver,4,328.1,274.7,5,1,7.84,40.0,3.3,2.0,Snow,65.7,0.257,1,119.72,7.52,0
SHP-104332,Toronto ON,Calgary AB,MapleFreight Fleet,standard,General Freight,Gold,3,352.6,2015.9,3,1,9.65,-13.0,4.4,9.4,Clear,41.0,0.413,0,61.73,10.06,0
SHP-101445,Toronto ON,Winnipeg MB,MapleFreight Fleet,Standard,General Freight,Silver,9,332.6,1034.9,2,1,6.05,-20.0,6.7,1.7,Clear,69.1,0.591,0,163.21,6.09,0
SHP-101885,Montreal QC,Hamilton ON,MapleFreight Fleet,Express,General Freight,Silver,8,687.6,268.3,3,0,10.22,86.0,4.2,9.6,Clear,41.2,0.649,2,224.06,9.59,0
SHP-104534,Ottawa ON,Edmonton AB,PrairieLine,Standard,General Freight,Silver,10,893.5,1164.0,4,1,17.63,6.0,1.9,3.0,Clear,54.9,0.161,0,184.16,16.05,0
SHP-104904,Toronto ON,Sudbury ON,MapleFreight Fleet,Standard,Fragile,Gold,2,172.8,565.6,0,0,5.19,51.0,8.9,8.2,Rain,53.6,0.711,1,253.87,5.39,0
SHP-105660,Toronto ON,Edmonton AB,MapleFreight Fleet,Express,Fragile,Bronze,9,510.6,1221.7,3,0,7.67,16.0,13.0,1.8,Fog,50.7,0.34,3,134.16,7.45,0
SHP-101111,Toronto ON,Calgary AB,QuebecExpress,Express,Bulk,Gold,9,1153.8,1162.9,3,0,17.97,40.0,11.6,0.9,Clear,72.5,0.433,0,228.2,17.38,0
SHP-103206,Toronto ON,Ottawa ON,MapleFreight Fleet,Standard,Fragile,Bronze,9,576.0,603.9,0,0,9.66,-10.0,3.5,3.7,Clear,53.8,0.337,0,124.58,8.71,0
SHP-101341,Mississauga ON,Quebec City QC,QuebecExpress,Standard,Hazardous,Bronze,12,610.0,921.8,3,0,11.61,-15.0,10.9,15.3,Rain,59.5,0.479,1,,11.44,0
SHP-100793,Calgary AB,Sudbury ON,MapleFreight Fleet,Standard,General Freight,Gold,4,147.6,641.7,2,0,4.97,31.0,13.2,6.0,Clear,37.4,0.495,2,216.6,4.5,0
SHP-104619,Ottawa ON,Sudbury ON,NorthStar Carriers,Standard,General Freight,Silver,1,762.0,554.4,4,1,11.17,4.0,1.4,12.5,Fog,55.8,0.42,4,244.73,17.69,1
SHP-102869,Ottawa ON,Winnipeg MB,MapleFreight Fleet,Express,Bulk,Gold,6,597.7,348.7,4,1,9.42,-20.0,5.2,8.1,Rain,45.0,0.652,1,90.17,8.47,0
SHP-103216,Toronto ON,Regina SK,MapleFreight Fleet,Express,General Freight,Bronze,3,420.9,2672.2,1,0,6.18,40.0,7.6,2.5,Rain,81.3,0.622,0,,6.5,0
SHP-100884,Mississauga ON,Sudbury ON,MapleFreight Fleet,Economy,Refrigerated,Silver,1,746.7,1329.0,1,0,10.18,66.0,,2.4,Rain,24.7,0.472,2,147.47,9.66,0
SHP-103884,Calgary AB,Toronto ON,PrairieLine,Standard,General Freight,Silver,4,733.8,328.0,5,1,12.92,54.0,20.7,9.4,Snow,49.1,0.29,0,196.5,13.47,0
SHP-104214,Toronto ON,Winnipeg MB,MapleFreight Fleet,Economy,General Freight,Gold,5,710.5,503.6,2,0,14.4,59.0,7.2,1.3,Clear,36.1,0.061,1,188.58,13.68,0
SHP-103180,Montreal QC,Winnipeg MB,PrairieLine,Economy,General Freight,Silver,12,513.2,1866.7,1,1,7.29,-11.0,4.3,6.8,Snow,53.0,0.353,2,201.77,6.9,0
SHP-102878,Mississauga ON,Regina SK,MapleFreight Fleet,Economy,Fragile,Bronze,11,1241.4,661.9,2,0,18.38,70.0,,1.8,Clear,78.0,0.459,0,134.63,16.42,0
SHP-105000,Mississauga ON,Toronto ON,MapleFreight Fleet,Express,General Freight,Silver,9,767.0,989.8,1,0,12.31,-20.0,7.6,8.7,Rain,39.3,0.618,1,110.22,11.83,0
SHP-100259,Montreal QC,Ottawa ON,PrairieLine,Economy,General Freight,Gold,12,922.7,930.1,2,0,15.24,82.0,5.3,7.9,,69.6,0.386,1,206.94,15.89,0
SHP-101850,Calgary AB,Winnipeg MB,PrairieLine,Standard,General Freight,Silver,1,168.3,810.8,0,0,1.0,-12.0,3.3,4.8,Clear,49.8,0.103,1,188.74,0.95,0
SHP-102798,Mississauga ON,Ottawa ON,NorthStar Carriers,Economy,General Freight,Silver,3,1582.9,821.6,0,0,21.14,48.0,8.0,3.9,Clear,44.5,0.181,0,135.34,19.17,0
SHP-103528,Montreal QC,Toronto ON,Contract Owner-Op,Standard,General Freight,Silver,12,820.8,319.4,1,0,11.0,-20.0,7.4,4.4,Clear,63.8,0.655,2,220.34,10.05,0
SHP-104399,Toronto ON,Hamilton ON,PrairieLine,Economy,Fragile,Silver,2,569.2,764.2,3,0,8.66,38.0,5.6,10.5,Clear,60.4,0.255,1,197.81,8.35,0
SHP-103342,Toronto ON,Winnipeg MB,MapleFreight Fleet,Standard,Bulk,Gold,3,715.7,230.9,5,0,12.29,13.0,1.9,9.1,Clear,43.3,0.456,2,216.1,12.0,0
SHP-105192,Toronto ON,Ottawa ON,Contract Owner-Op,Standard,General Freight,Silver,6,949.6,1809.8,5,0,17.13,33.0,0.9,17.7,Snow,45.6,0.563,5,157.74,23.19,1
SHP-103295,Toronto ON,Calgary AB,Contract Owner-Op,Economy,General Freight,Gold,5,650.9,782.1,2,0,10.79,1.0,3.4,16.5,Clear,27.8,0.372,0,186.66,9.97,0
SHP-104520,London ON,Sudbury ON,MapleFreight Fleet,Express,Fragile,Silver,10,262.0,2805.9,1,0,5.07,16.0,13.7,6.7,Snow,54.6,0.586,0,,5.19,0
SHP-105228,Ottawa ON,Quebec City QC,Contract Owner-Op,Economy,General Freight,Silver,2,905.6,381.0,3,1,14.71,7.0,12.7,6.4,Clear,52.2,0.638,1,53.98,20.0,1
SHP-102327,Mississauga ON,Regina SK,Contract Owner-Op,Standard,General Freight,Silver,9,514.3,2053.7,5,0,10.38,-13.0,0.2,1.5,Clear,31.7,0.636,1,164.72,9.87,0
SHP-102874,Mississauga ON,Winnipeg MB,NorthStar Carriers,Standard,Refrigerated,Silver,8,290.1,1176.5,2,0,6.61,45.0,1.0,4.3,Rain,36.4,0.635,0,186.79,6.54,0
SHP-105078,Toronto ON,Edmonton AB,MapleFreight Fleet,Standard,Refrigerated,Silver,9,531.9,643.1,3,0,9.1,-20.0,4.5,3.8,Clear,36.1,0.306,3,151.31,9.64,0
SHP-103788,Calgary AB,Ottawa ON,MapleFreight Fleet,Standard,Refrigerated,Silver,5,1124.0,2083.2,5,0,19.21,-4.0,8.2,5.9,Fog,38.7,0.54,0,270.66,18.17,0
SHP-104657,Calgary AB,Toronto ON,NorthStar Carriers,Economy,Refrigerated,Silver,3,209.7,630.9,3,0,3.98,-7.0,10.3,5.6,Snow,48.8,0.756,3,113.21,4.04,0
SHP-105401,Montreal QC,Edmonton AB,Contract Owner-Op,Standard,General Freight,Gold,12,2166.3,1105.9,5,0,33.81,46.0,3.5,3.4,Snow,23.8,0.268,0,291.87,39.44,1
SHP-104171,Calgary AB,Edmonton AB,PrairieLine,Economy,General Freight,Silver,1,419.0,580.4,5,0,9.51,34.0,2.6,4.5,Clear,90.7,0.485,3,95.75,11.47,1
SHP-105651,Mississauga ON,Hamilton ON,QuebecExpress,Standard,General Freight,Gold,2,789.3,1002.8,3,1,13.58,10.0,3.3,7.2,Snow,39.3,0.387,2,159.69,12.1,0
SHP-104665,Winnipeg MB,Sudbury ON,QuebecExpress,Standard,General Freight,Silver,1,1269.0,887.5,0,0,15.73,49.0,9.7,3.2,Clear,57.6,0.367,1,238.94,15.25,0
SHP-104609,Calgary AB,Sudbury ON,MapleFreight Fleet,Standard,General Freight,Gold,12,247.4,1576.4,4,0,7.09,-6.0,17.5,2.8,Clear,82.4,0.328,2,127.45,6.7,0
SHP-103497,Mississauga ON,Ottawa ON,QuebecExpress,Standard,General Freight,Silver,8,700.2,1278.0,4,0,14.82,-9.0,2.3,3.7,Clear,61.9,0.609,2,288.71,20.47,1
SHP-105348,Calgary AB,Regina SK,QuebecExpress,Express,Bulk,Silver,12,456.6,1662.1,1,0,5.08,59.0,4.7,6.2,Clear,54.5,0.522,1,119.93,5.11,0
SHP-104290,Mississauga ON,Toronto ON,MapleFreight Fleet,Standard,Refrigerated,Gold,8,752.2,978.9,1,1,11.95,-6.0,11.1,1.8,Rain,52.1,0.216,0,159.3,10.69,0
SHP-100886,Toronto ON,Sudbury ON,NorthStar Carriers,Standard,General Freight,Bronze,3,803.7,573.7,3,0,16.81,-20.0,4.8,1.8,Fog,62.2,0.087,0,270.67,15.78,0
SHP-101587,Calgary AB,Edmonton AB,QuebecExpress,Express,Refrigerated,Gold,11,757.9,823.0,1,0,9.29,-20.0,4.3,2.3,Clear,25.7,0.445,1,151.86,8.82,0
SHP-103274,Toronto ON,Toronto ON,MapleFreight Fleet,Standard,Refrigerated,Silver,6,602.7,2002.4,1,0,8.03,19.0,11.1,3.8,Fog,90.7,0.647,1,183.03,7.65,0
SHP-102528,Toronto ON,Hamilton ON,MapleFreight Fleet,Standard,Hazardous,Bronze,8,2130.2,468.1,1,0,29.65,7.0,1.4,8.8,Rain,36.5,0.558,0,121.97,30.8,0
SHP-101541,Toronto ON,Ottawa ON,MapleFreight Fleet,Economy,General Freight,Silver,3,483.9,287.4,3,0,8.06,-20.0,0.7,2.2,Clear,65.9,0.592,1,180.79,7.15,0
SHP-104646,Toronto ON,Regina SK,MapleFreight Fleet,Economy,Refrigerated,Silver,7,623.1,683.0,2,0,11.27,64.0,6.3,7.0,Rain,48.6,0.345,1,124.99,11.55,0
SHP-105478,London ON,Hamilton ON,Contract Owner-Op,Economy,General Freight,Silver,1,523.2,934.6,5,0,10.92,19.0,0.3,10.3,Snow,75.0,0.562,1,245.19,16.6,1
SHP-101183,Mississauga ON,Montreal QC,QuebecExpress,Standard,General Freight,Bronze,2,958.2,1696.7,4,0,15.06,-20.0,4.4,8.8,,69.6,0.45,0,119.49,14.29,0
SHP-100751,Montreal QC,Winnipeg MB,NorthStar Carriers,Express,Fragile,Silver,6,752.6,494.0,4,0,13.74,35.0,3.3,7.4,Clear,35.8,0.344,1,165.73,15.91,1
SHP-101986,Toronto ON,Quebec City QC,Contract Owner-Op,Standard,General Freight,Bronze,8,1218.0,952.7,5,0,21.76,40.0,,2.3,Rain,56.8,0.625,0,161.97,20.71,0
SHP-105095,Winnipeg MB,Calgary AB,MapleFreight Fleet,Standard,General Freight,Silver,4,1205.9,1378.7,4,0,18.98,31.0,6.1,16.5,Fog,44.3,0.307,2,174.66,27.88,1
SHP-105298,Montreal QC,Edmonton AB,PrairieLine,Standard,Bulk,Bronze,1,226.0,818.4,0,0,2.07,67.0,3.9,11.7,Clear,51.2,0.407,0,187.75,2.19,0
SHP-101233,Toronto ON,Calgary AB,MapleFreight Fleet,Economy,Refrigerated,Gold,2,335.4,1608.6,0,0,5.52,28.0,3.1,8.0,Clear,58.2,0.398,2,202.84,5.76,0
SHP-101698,Ottawa ON,Toronto ON,QuebecExpress,Standard,Hazardous,Bronze,6,537.9,625.4,3,0,9.04,-20.0,3.5,2.4,Clear,57.7,0.406,1,194.08,8.3,0
SHP-100502,Calgary AB,Montreal QC,MapleFreight Fleet,Economy,Hazardous,Silver,5,618.9,527.9,1,0,8.12,20.0,22.6,5.6,Clear,54.4,0.23,2,179.57,7.59,0
SHP-100648,Mississauga ON,Edmonton AB,PrairieLine,Express,General Freight,Bronze,5,630.8,606.7,1,0,8.76,-8.0,,8.9,Snow,30.8,0.75,1,274.11,9.07,0
SHP-103521,London ON,Quebec City QC,MapleFreight Fleet,Standard,Bulk,Bronze,1,1144.6,817.6,3,0,18.81,81.0,10.0,5.9,Clear,21.6,0.455,2,203.7,16.79,0
SHP-105203,Calgary AB,Winnipeg MB,Contract Owner-Op,Standard,General Freight,Silver,8,943.7,2132.0,0,0,10.66,-11.0,2.1,1.9,Rain,80.8,0.531,1,163.34,14.71,1
SHP-105982,Ottawa ON,Hamilton ON,Contract Owner-Op,Standard,General Freight,Bronze,12,1131.8,2965.2,1,1,16.2,-16.0,9.1,4.3,Clear,71.6,0.364,0,186.55,16.93,0
SHP-105153,Montreal QC,Ottawa ON,Contract Owner-Op,Standard,General Freight,Gold,7,106.4,463.8,2,0,4.68,2.0,4.1,4.0,Snow,69.9,0.801,3,,4.65,0
SHP-105256,Mississauga ON,Toronto ON,MapleFreight Fleet,Standard,Bulk,Silver,1,874.8,925.5,0,0,11.66,12.0,5.6,6.8,Fog,78.4,0.687,3,120.91,17.65,1
SHP-102481,Winnipeg MB,Ottawa ON,QuebecExpress,Standard,General Freight,Silver,10,493.8,1074.3,2,1,6.16,38.0,3.3,1.6,Fog,56.1,0.31,2,140.27,6.11,0
SHP-103569,Ottawa ON,Winnipeg MB,MapleFreight Fleet,Economy,General Freight,Silver,7,588.8,487.7,5,0,12.25,7.0,23.2,5.1,Rain,70.1,0.637,2,116.62,11.05,0
SHP-100252,Montreal QC,Montreal QC,QuebecExpress,Express,General Freight,Silver,6,698.4,428.1,5,0,12.66,-15.0,8.2,1.0,Clear,41.5,0.373,0,139.01,12.63,0
SHP-105424,Toronto ON,Quebec City QC,QuebecExpress,Standard,Fragile,Silver,4,1655.8,861.1,4,0,28.23,0.0,7.8,0.7,Rain,58.3,0.467,1,264.75,41.9,1
SHP-102634,Ottawa ON,Montreal QC,PrairieLine,Standard,General Freight,Gold,11,645.4,372.0,1,0,11.26,41.0,3.8,8.2,Clear,76.5,0.522,1,197.54,10.84,0
SHP-100837,Ottawa ON,Toronto ON,Contract Owner-Op,Economy,Hazardous,Bronze,10,274.4,1102.8,3,0,4.89,-15.0,4.2,2.5,Rain,21.1,0.49,0,223.9,4.41,0
SHP-105954,Calgary AB,Montreal QC,QuebecExpress,Standard,General Freight,Bronze,2,442.0,1013.9,2,0,7.47,25.0,12.2,2.3,Clear,83.9,0.315,2,222.77,7.3,0
SHP-103832,Toronto ON,Ottawa ON,NorthStar Carriers,Standard,General Freight,Bronze,6,401.4,880.5,5,1,6.91,56.0,5.7,3.8,Rain,50.1,0.486,4,137.44,8.64,1
SHP-101525,London ON,Toronto ON,Contract Owner-Op,Standard,General Freight,Silver,3,680.5,1356.3,0,0,9.09,54.0,5.6,3.9,Clear,60.1,0.88,2,168.33,9.3,0
SHP-100012,Mississauga ON,Montreal QC,MapleFreight Fleet,Standard,Fragile,Silver,4,553.2,407.0,0,0,7.55,51.0,10.8,5.9,Snow,49.8,0.379,2,154.18,7.69,0
SHP-101157,Ottawa ON,Toronto ON,MapleFreight Fleet,Express,Refrigerated,Bronze,9,1230.2,932.0,4,0,21.38,51.0,14.1,5.3,Clear,61.3,0.173,0,99.68,22.02,0
SHP-104146,Toronto ON,Toronto ON,MapleFreight Fleet,Express,General Freight,Silver,6,808.2,908.1,1,0,10.01,-20.0,8.0,4.5,Clear,48.1,0.389,0,195.83,9.75,0
SHP-104352,Toronto ON,Ottawa ON,MapleFreight Fleet,Economy,General Freight,Silver,6,743.1,907.3,4,0,12.02,21.0,10.6,2.7,Clear,51.8,0.553,2,213.69,12.63,0
SHP-102462,Toronto ON,Calgary AB,PrairieLine,Express,General Freight,Bronze,6,649.5,574.2,1,0,10.32,43.0,7.0,3.2,Clear,61.4,0.337,0,231.06,10.51,0
SHP-100988,Mississauga ON,Regina SK,MapleFreight Fleet,Standard,Refrigerated,Gold,6,703.9,1868.9,0,0,9.77,19.0,7.9,9.9,Snow,,0.531,1,162.13,12.2,1
SHP-100102,Ottawa ON,Calgary AB,NorthStar Carriers,Express,General Freight,Gold,12,486.2,621.6,0,0,8.15,23.0,4.7,5.3,Rain,50.1,0.65,2,246.26,8.41,0
SHP-103364,Montreal QC,Sudbury ON,QuebecExpress,Economy,General Freight,Gold,8,1033.8,110.5,2,0,13.67,12.0,1.9,13.1,Snow,61.2,0.372,1,154.4,17.07,1
SHP-105535,Montreal QC,Winnipeg MB,QuebecExpress,Standard,Bulk,Silver,10,702.3,790.8,1,0,8.54,-20.0,16.1,2.5,Clear,63.6,0.418,1,,8.49,0
SHP-102132,Toronto ON,Regina SK,MapleFreight Fleet,Standard,Bulk,Silver,7,629.0,870.2,5,0,12.39,-20.0,8.5,4.2,Snow,19.1,0.149,4,162.77,11.36,0
SHP-102352,Calgary AB,Calgary AB,MapleFreight Fleet,Express,General Freight,Silver,3,400.9,129.1,0,0,4.68,19.0,12.7,2.7,Clear,43.2,0.436,0,299.2,4.31,0
SHP-101571,Montreal QC,Ottawa ON,PrairieLine,Express,General Freight,Bronze,2,183.7,285.4,1,0,3.78,-17.0,8.9,2.0,Snow,36.2,0.812,0,179.17,3.7,0
SHP-105459,Toronto ON,Toronto ON,MapleFreight Fleet,Standard,Refrigerated,Gold,4,211.2,2463.7,3,0,4.98,-20.0,15.1,4.8,Clear,57.1,0.45,1,270.29,4.9,0
SHP-100758,Toronto ON,Winnipeg MB,Contract Owner-Op,Standard,Refrigerated,Silver,3,458.1,1364.9,3,0,7.39,-20.0,6.7,2.7,Clear,76.0,0.33,1,118.23,7.36,0
SHP-100453,Calgary AB,Quebec City QC,Contract Owner-Op,Standard,General Freight,Bronze,4,616.1,454.3,5,0,10.96,23.0,9.8,1.9,Clear,44.8,0.15,0,295.35,10.15,0
SHP-105449,Montreal QC,Sudbury ON,MapleFreight Fleet,Economy,Bulk,Bronze,8,894.7,526.0,0,0,13.24,12.0,0.5,3.9,Snow,34.2,0.534,3,172.27,21.13,1
SHP-103426,London ON,Ottawa ON,MapleFreight Fleet,Standard,General Freight,Silver,2,451.3,2716.6,4,0,7.45,12.0,,5.3,Storm,39.7,0.338,0,115.53,7.31,0
SHP-100942,Montreal QC,Quebec City QC,MapleFreight Fleet,Express,General Freight,Gold,12,140.4,693.3,1,1,2.08,60.0,2.8,6.8,Clear,46.7,0.215,3,156.83,1.99,0
SHP-100357,Calgary AB,Toronto ON,NorthStar Carriers,Express,General Freight,Silver,6,444.4,146.6,5,0,10.98,52.0,6.1,10.4,Clear,75.6,0.362,0,,15.39,1
SHP-102261,Winnipeg MB,Winnipeg MB,MapleFreight Fleet,Standard,General Freight,Silver,11,1271.9,460.9,5,1,20.71,-20.0,,7.8,Rain,44.9,0.561,3,152.21,18.57,0
SHP-103203,Ottawa ON,Hamilton ON,QuebecExpress,Standard,General Freight,Silver,5,1254.4,1223.2,4,0,19.79,79.0,2.2,5.4,Clear,53.5,0.363,1,217.25,19.93,0
SHP-104376,Toronto ON,Edmonton AB,NorthStar Carriers,Express,Refrigerated,Bronze,2,286.4,815.6,2,0,5.62,30.0,1.7,5.2,Rain,60.4,0.474,4,222.51,5.44,0
SHP-102314,Toronto ON,Sudbury ON,QuebecExpress,Standard,General Freight,Gold,10,703.2,907.6,5,1,13.14,47.0,0.7,7.1,Clear,40.3,0.413,1,153.72,12.58,0
SHP-105870,Ottawa ON,Quebec City QC,Contract Owner-Op,Express,Bulk,Bronze,11,580.1,1353.4,5,0,13.18,14.0,2.9,8.3,Clear,96.6,0.372,2,217.86,14.79,1
SHP-101110,Montreal QC,Sudbury ON,MapleFreight Fleet,Standard,General Freight,Gold,12,507.9,1169.9,3,0,8.34,3.0,3.4,5.3,Fog,23.8,0.42,0,97.69,7.88,0
SHP-102665,Mississauga ON,Regina SK,Contract Owner-Op,Standard,Fragile,Bronze,12,536.8,959.3,5,0,10.04,-20.0,5.6,8.2,Snow,51.4,0.566,4,220.12,10.44,0
SHP-105485,Montreal QC,Montreal QC,PrairieLine,Economy,General Freight,Bronze,6,237.4,2320.8,2,0,3.61,-6.0,0.7,14.6,Clear,58.4,0.542,2,202.56,3.33,0
SHP-105420,Ottawa ON,Quebec City QC,MapleFreight Fleet,Standard,Bulk,Silver,11,1080.4,1687.3,0,0,15.76,55.0,6.1,2.3,Clear,49.9,0.649,0,109.53,15.98,0
SHP-101644,Montreal QC,Calgary AB,MapleFreight Fleet,Standard,Hazardous,Bronze,11,404.0,1063.1,0,0,5.18,63.0,5.7,7.2,Fog,55.8,0.752,1,54.96,4.6,0
SHP-100369,Calgary AB,Regina SK,PrairieLine,Express,Refrigerated,Bronze,8,635.7,1289.7,0,0,7.26,34.0,2.5,2.1,Clear,30.4,0.391,5,62.21,7.43,0
SHP-105773,Toronto ON,Sudbury ON,PrairieLine,Economy,Hazardous,Silver,7,527.1,234.0,1,1,10.44,9.0,1.9,12.4,Clear,61.6,0.131,0,215.46,9.57,0
SHP-100071,Ottawa ON,Toronto ON,Contract Owner-Op,Economy,General Freight,Silver,6,738.6,1019.7,0,0,12.24,16.0,5.9,2.7,Clear,49.2,0.173,1,307.3,17.9,1
SHP-101536,London ON,Hamilton ON,MapleFreight Fleet,Express,Bulk,Gold,11,773.5,1165.7,5,0,14.57,73.0,12.7,2.5,Rain,37.2,0.713,3,172.43,15.04,0
SHP-103036,Toronto ON,Hamilton ON,MapleFreight Fleet,Express,General Freight,Bronze,9,1081.1,2419.2,3,0,17.47,4.0,12.6,5.0,Rain,48.6,0.345,2,342.53,17.49,0
SHP-104038,Montreal QC,Hamilton ON,MapleFreight Fleet,Standard,Fragile,Gold,12,725.5,677.7,3,0,12.55,4.0,5.1,3.2,Clear,44.7,0.633,2,127.54,11.12,0
SHP-105422,Calgary AB,Quebec City QC,NorthStar Carriers,Express,General Freight,Bronze,11,344.5,244.1,1,0,6.54,85.0,7.3,9.5,Clear,30.6,0.567,0,178.44,6.51,0
SHP-103098,Toronto ON,Calgary AB,QuebecExpress,Standard,General Freight,Silver,10,765.2,1239.7,1,0,11.53,-4.0,2.8,5.8,Clear,81.3,0.507,1,245.23,12.2,0
SHP-101716,Montreal QC,Toronto ON,Contract Owner-Op,Standard,General Freight,Silver,8,538.5,733.3,1,0,12.04,24.0,6.2,5.6,Snow,31.8,0.696,0,143.65,13.56,1
SHP-100223,Montreal QC,Montreal QC,MapleFreight Fleet,Standard,Fragile,Gold,2,295.8,903.4,0,0,4.29,13.0,8.0,4.6,Clear,24.0,0.207,1,184.09,4.23,0
SHP-103042,Winnipeg MB,Regina SK,MapleFreight Fleet,Economy,General Freight,Silver,10,649.8,186.6,4,0,13.08,25.0,0.8,2.0,,91.0,0.252,1,187.35,12.56,0
SHP-101112,Montreal QC,Sudbury ON,NorthStar Carriers,Standard,General Freight,Gold,1,495.0,821.7,0,0,5.91,60.0,8.3,2.0,Snow,62.7,0.549,1,127.59,6.2,0
SHP-102863,Mississauga ON,Calgary AB,QuebecExpress,Express,General Freight,Bronze,9,584.9,1400.3,4,1,11.46,19.0,3.3,6.8,Clear,56.7,0.391,2,210.52,12.98,1
SHP-105277,Ottawa ON,Quebec City QC,QuebecExpress,Economy,Refrigerated,Silver,12,531.8,560.8,2,0,10.94,-20.0,9.5,4.8,Rain,41.7,0.571,2,160.64,10.11,0
SHP-104418,Mississauga ON,Sudbury ON,MapleFreight Fleet,Standard,General Freight,Silver,7,473.1,1839.0,2,0,7.79,-0.0,4.2,4.5,Storm,77.7,0.733,2,187.93,11.66,1
SHP-105431,London ON,Ottawa ON,NorthStar Carriers,Standard,General Freight,Gold,7,940.5,131.5,5,0,17.06,16.0,2.9,6.6,Fog,87.0,0.599,1,164.57,25.85,1
SHP-101963,Toronto ON,Regina SK,NorthStar Carriers,Standard,General Freight,Silver,6,594.6,458.9,4,0,11.23,48.0,3.4,2.5,Clear,41.2,0.478,1,162.85,11.82,0
SHP-101277,Mississauga ON,Toronto ON,NorthStar Carriers,Standard,Refrigerated,Bronze,2,653.2,1854.6,5,0,9.69,28.0,5.6,1.6,Fog,84.3,0.327,2,113.39,12.14,1
SHP-102087,London ON,Hamilton ON,MapleFreight Fleet,Express,General Freight,Silver,11,1273.6,408.6,0,0,15.58,-8.0,1.3,1.3,Snow,52.9,0.738,0,183.47,15.25,0
SHP-102607,Winnipeg MB,Montreal QC,MapleFreight Fleet,Express,Hazardous,Gold,6,562.6,893.8,0,0,7.75,-7.0,2.0,5.7,Clear,52.2,0.616,1,237.03,7.77,0
SHP-101380,Winnipeg MB,Sudbury ON,NorthStar Carriers,Express,Refrigerated,Silver,10,635.1,225.0,2,0,12.87,61.0,4.2,0.8,Clear,31.6,0.158,2,206.62,13.1,0
SHP-104025,Montreal QC,Hamilton ON,MapleFreight Fleet,Economy,Refrigerated,Gold,8,286.9,1547.0,2,0,8.01,16.0,11.7,3.1,Rain,78.9,0.0,2,267.55,7.46,0
SHP-101509,Ottawa ON,Toronto ON,PrairieLine,Express,General Freight,Bronze,4,634.0,774.3,5,0,12.94,-1.0,5.1,14.5,Clear,57.5,0.572,0,105.23,11.44,0
SHP-105736,Mississauga ON,Hamilton ON,PrairieLine,Standard,General Freight,Bronze,12,1117.3,890.6,0,0,14.53,-0.0,7.3,9.1,Clear,79.1,0.348,2,79.12,13.65,0
SHP-102862,Calgary AB,Toronto ON,Contract Owner-Op,economy,General Freight,Gold,5,435.6,1275.8,1,0,6.34,26.0,3.8,5.0,Clear,59.9,0.806,2,,6.02,0
SHP-100883,Toronto ON,Winnipeg MB,Contract Owner-Op,Express,Refrigerated,Silver,12,640.3,401.2,2,0,11.01,14.0,13.4,6.4,Snow,45.3,0.122,0,174.3,15.08,1
SHP-103393,Calgary AB,Ottawa ON,MapleFreight Fleet,Standard,Hazardous,Bronze,11,960.5,239.7,3,0,14.48,-20.0,9.4,9.2,Rain,48.1,0.616,1,270.8,14.22,0
SHP-104390,Toronto ON,Winnipeg MB,MapleFreight Fleet,Standard,General Freight,Gold,9,342.1,276.9,5,0,7.83,63.0,3.1,4.2,,68.6,0.584,2,314.27,6.89,0
SHP-101268,Toronto ON,Montreal QC,Contract Owner-Op,Standard,Refrigerated,Bronze,3,413.7,425.7,0,0,6.89,18.0,6.8,6.1,Clear,36.1,0.672,2,152.66,6.83,0
SHP-102717,Calgary AB,Ottawa ON,NorthStar Carriers,Standard,Bulk,Gold,8,604.9,1640.2,1,0,8.7,-0.0,5.4,3.7,Clear,45.5,0.232,3,157.81,7.93,0
SHP-102229,Ottawa ON,Calgary AB,MapleFreight Fleet,Standard,General Freight,Silver,5,339.9,156.9,4,0,8.04,-20.0,12.9,11.1,Fog,51.2,0.576,2,192.46,8.38,0
SHP-102093,Ottawa ON,Calgary AB,MapleFreight Fleet,Economy,General Freight,Gold,8,663.4,1955.6,1,0,9.35,13.0,11.6,5.1,Rain,62.7,0.529,3,177.05,8.49,0
SHP-100715,Mississauga ON,Winnipeg MB,MapleFreight Fleet,Standard,Fragile,Silver,10,843.3,272.2,3,0,16.81,29.0,7.3,2.5,Clear,18.6,0.582,1,134.97,15.79,0
SHP-100164,Toronto ON,Calgary AB,NorthStar Carriers,Express,General Freight,Bronze,12,821.8,573.4,3,0,12.88,14.0,4.8,2.8,Fog,63.1,0.419,0,84.85,11.36,0
SHP-105177,London ON,Toronto ON,MapleFreight Fleet,Economy,General Freight,Silver,7,272.6,1607.2,3,0,5.95,60.0,12.3,6.2,Clear,73.8,0.475,2,228.62,5.41,0
SHP-105011,Ottawa ON,Sudbury ON,PrairieLine,Standard,General Freight,Bronze,1,436.2,831.1,2,0,7.24,-20.0,3.8,9.2,Clear,64.3,0.39,1,178.18,6.89,0
SHP-101356,Calgary AB,Winnipeg MB,MapleFreight Fleet,Economy,General Freight,Silver,1,395.6,691.7,1,0,7.61,-13.0,0.7,7.2,Snow,30.7,0.328,0,148.85,7.68,0
SHP-104750,Mississauga ON,Toronto ON,PrairieLine,Standard,General Freight,Bronze,3,703.3,631.8,4,0,11.96,24.0,14.1,6.4,Rain,41.2,0.795,1,214.04,11.27,0
SHP-105468,Ottawa ON,Quebec City QC,MapleFreight Fleet,Express,General Freight,Bronze,4,583.1,668.7,3,0,10.3,-8.0,15.2,4.8,Fog,73.2,0.345,0,113.83,10.86,0
SHP-104225,Mississauga ON,Hamilton ON,PrairieLine,Standard,Fragile,Silver,1,344.8,926.1,5,0,10.0,17.0,0.7,6.5,Rain,46.5,0.395,1,278.2,10.11,0
SHP-104452,Ottawa ON,Quebec City QC,QuebecExpress,Express,General Freight,Gold,3,466.6,1078.6,4,0,7.77,8.0,4.8,0.8,Rain,28.1,0.621,3,253.59,7.18,0
SHP-100283,Toronto ON,Hamilton ON,MapleFreight Fleet,Economy,Fragile,Bronze,5,580.3,2422.4,4,0,9.1,35.0,10.0,6.7,Clear,66.1,0.738,3,214.4,9.48,0
SHP-101852,Winnipeg MB,Toronto ON,MapleFreight Fleet,Standard,Bulk,Silver,9,1211.0,1236.0,4,0,19.78,34.0,1.6,1.3,Snow,49.3,0.528,3,166.18,31.64,1
SHP-101061,Winnipeg MB,Hamilton ON,Contract Owner-Op,Standard,General Freight,Silver,2,490.9,604.9,5,0,10.09,54.0,4.1,6.5,Clear,68.2,0.837,1,194.02,14.7,1
SHP-104864,Toronto ON,Winnipeg MB,Contract Owner-Op,Standard,General Freight,Silver,6,850.5,865.6,1,0,11.79,17.0,6.6,5.4,Clear,81.1,0.591,2,159.72,10.48,0
SHP-100168,Ottawa ON,Calgary AB,NorthStar Carriers,Express,Bulk,Silver,6,135.9,1281.5,4,0,5.3,50.0,1.6,8.5,Rain,97.1,0.661,4,233.22,4.71,0
SHP-101735,Montreal QC,Ottawa ON,PrairieLine,Express,General Freight,Silver,8,1767.7,1368.2,4,0,28.75,45.0,8.5,7.0,Clear,39.3,0.8,2,167.97,42.12,1
SHP-104697,Calgary AB,Edmonton AB,NorthStar Carriers,Standard,General Freight,Silver,6,369.0,1257.1,0,0,6.07,-7.0,1.6,2.2,Rain,54.7,0.424,0,237.06,6.4,0
SHP-102622,Mississauga ON,Calgary AB,MapleFreight Fleet,Express,General Freight,Silver,10,701.8,903.2,5,0,11.73,-2.0,6.8,5.0,Snow,65.3,0.395,0,183.9,11.23,0
SHP-104568,Mississauga ON,Toronto ON,MapleFreight Fleet,Express,General Freight,Silver,7,269.7,88.4,5,1,6.77,57.0,4.7,6.2,Rain,66.1,0.885,2,158.39,6.2,0
SHP-104704,Calgary AB,Toronto ON,PrairieLine,Standard,Bulk,Silver,6,434.2,1205.2,3,0,8.56,-18.0,5.2,6.5,Clear,49.4,0.204,1,147.38,8.23,0
SHP-100968,Montreal QC,Regina SK,Contract Owner-Op,Standard,General Freight,Bronze,2,337.7,2055.0,4,0,8.99,10.0,6.3,1.6,Clear,26.9,0.616,3,127.24,8.81,0
SHP-100804,Mississauga ON,Winnipeg MB,NorthStar Carriers,Express,Refrigerated,Gold,7,768.1,2228.6,4,0,13.24,19.0,2.1,2.5,Clear,26.3,0.648,1,138.14,12.14,0
SHP-102469,Calgary AB,Sudbury ON,MapleFreight Fleet,Standard,General Freight,Bronze,2,430.6,1112.6,5,0,9.32,20.0,3.0,11.5,Rain,35.1,0.626,1,239.94,9.39,0
SHP-100255,Mississauga ON,Winnipeg MB,NorthStar Carriers,Standard,General Freight,Bronze,3,966.6,1993.2,5,1,15.32,20.0,4.3,6.5,Clear,,0.273,1,155.85,13.67,0
SHP-100797,Montreal QC,Montreal QC,MapleFreight Fleet,Express,Refrigerated,Gold,5,927.9,708.8,4,0,15.16,21.0,2.4,4.8,Rain,40.4,0.408,0,196.4,14.02,0
SHP-105916,Toronto ON,Hamilton ON,MapleFreight Fleet,Standard,Fragile,Silver,2,330.6,789.5,3,0,6.02,17.0,8.8,3.9,Clear,82.7,0.473,2,145.44,5.85,0
SHP-102341,Toronto ON,Hamilton ON,NorthStar Carriers,Express,General Freight,Silver,2,737.0,810.4,0,0,11.17,26.0,2.2,4.9,Fog,71.0,0.83,1,130.62,10.52,0
SHP-104241,Montreal QC,Toronto ON,MapleFreight Fleet,Standard,General Freight,Bronze,10,740.0,668.2,1,0,12.02,27.0,8.5,2.8,Rain,60.3,0.52,3,138.43,12.66,0
SHP-103873,Montreal QC,Ottawa ON,NorthStar Carriers,Economy,General Freight,Gold,8,494.0,1202.6,2,0,8.72,35.0,28.2,2.6,Clear,29.0,0.262,1,134.02,9.1,0
SHP-100732,Montreal QC,Ottawa ON,MapleFreight Fleet,Standard,Refrigerated,Silver,1,816.6,838.2,1,0,10.81,-20.0,3.2,7.5,Fog,40.8,0.475,1,71.6,10.28,0
SHP-101565,Winnipeg MB,Edmonton AB,Contract Owner-Op,Standard,Fragile,Silver,12,137.8,292.1,4,0,5.11,10.0,1.1,3.6,Clear,73.0,0.583,1,232.16,5.37,0
SHP-103140,Mississauga ON,Quebec City QC,QuebecExpress,Standard,General Freight,Silver,11,1181.3,1234.7,3,0,18.08,1.0,2.8,6.8,Rain,41.2,0.039,1,162.67,17.2,0
SHP-104869,Mississauga ON,Sudbury ON,MapleFreight Fleet,Economy,Fragile,Silver,6,924.9,2840.0,2,0,14.73,29.0,1.6,10.4,Clear,72.3,0.301,1,196.27,15.44,0
SHP-104757,Mississauga ON,Calgary AB,QuebecExpress,Standard,General Freight,Gold,4,421.0,1195.9,5,0,10.14,13.0,2.6,3.9,Storm,59.3,0.264,1,192.84,14.2,1
SHP-102169,Toronto ON,Sudbury ON,MapleFreight Fleet,Standard,General Freight,Gold,5,620.3,1127.9,4,0,10.42,-18.0,2.8,3.9,Clear,51.5,0.0,3,170.37,9.66,0
SHP-100332,Montreal QC,Hamilton ON,MapleFreight Fleet,Standard,Hazardous,Gold,9,809.1,145.8,3,1,15.4,22.0,2.0,5.4,Snow,58.4,0.496,0,207.5,22.21,1
SHP-104077,Montreal QC,Winnipeg MB,MapleFreight Fleet,Standard,Hazardous,Gold,6,517.7,786.7,5,0,9.39,31.0,2.4,6.2,Fog,90.0,0.734,0,163.48,13.24,1
SHP-102618,Montreal QC,Quebec City QC,MapleFreight Fleet,Standard,General Freight,Bronze,10,478.5,257.9,2,0,6.64,78.0,3.7,7.8,Rain,56.8,0.429,3,297.11,6.4,0
SHP-103294,Mississauga ON,Winnipeg MB,PrairieLine,Express,Fragile,Bronze,5,534.2,1070.3,4,0,8.92,26.0,5.3,3.9,Rain,84.2,0.336,2,176.53,9.24,0
SHP-101105,Mississauga ON,Calgary AB,PrairieLine,Economy,General Freight,Bronze,10,505.3,1154.9,3,0,9.69,-20.0,12.8,1.1,Rain,45.4,0.489,1,107.78,8.79,0
SHP-105019,Mississauga ON,Montreal QC,NorthStar Carriers,Standard,General Freight,Silver,4,718.4,1235.1,4,0,10.78,-20.0,,1.5,Clear,44.1,0.488,4,197.91,10.17,0
SHP-104433,Mississauga ON,Edmonton AB,QuebecExpress,Standard,Refrigerated,Silver,1,400.0,1082.5,0,1,6.1,26.0,3.6,7.8,Clear,29.9,0.847,0,197.53,6.22,0
SHP-105490,Toronto ON,Regina SK,PrairieLine,Standard,Refrigerated,Gold,7,286.0,1002.3,5,0,4.71,-20.0,,3.1,Clear,61.0,0.277,3,176.97,4.15,0
SHP-103275,Calgary AB,Montreal QC,PrairieLine,Standard,General Freight,Bronze,12,453.9,1079.9,2,0,6.7,4.0,12.7,0.9,Clear,48.0,0.477,0,252.99,6.15,0
SHP-104971,Ottawa ON,Sudbury ON,Contract Owner-Op,Express,Refrigerated,Silver,7,408.0,821.5,5,0,8.87,25.0,10.2,7.1,Clear,58.9,0.214,3,193.38,9.2,0
SHP-105067,Ottawa ON,Edmonton AB,QuebecExpress,Standard,Fragile,Bronze,1,166.4,1381.1,3,0,5.38,19.0,,4.6,Clear,54.9,0.278,0,66.04,5.03,0
SHP-100603,Mississauga ON,Ottawa ON,NorthStar Carriers,Express,General Freight,Silver,6,1045.1,472.4,4,1,18.83,38.0,5.1,2.0,Clear,75.3,0.591,2,139.02,18.55,0
SHP-105560,Winnipeg MB,Montreal QC,MapleFreight Fleet,Economy,Refrigerated,Bronze,5,268.4,428.8,5,0,5.93,-19.0,10.4,3.0,Clear,32.5,0.145,0,222.67,6.01,0
SHP-102388,Winnipeg MB,Winnipeg MB,PrairieLine,Express,Refrigerated,Bronze,7,559.6,1611.8,5,0,12.32,-20.0,33.2,5.4,Clear,38.7,0.358,1,189.72,11.25,0
SHP-102824,Ottawa ON,Montreal QC,PrairieLine,Standard,Refrigerated,Silver,11,688.1,1170.5,3,0,11.78,19.0,14.5,4.5,Storm,62.1,0.31,3,343.6,11.64,0
SHP-102483,Toronto ON,Toronto ON,QuebecExpress,Express,General Freight,Bronze,10,543.7,1505.8,4,1,11.38,37.0,13.3,2.7,Snow,29.1,0.526,3,177.09,10.21,0
SHP-102435,Ottawa ON,Winnipeg MB,MapleFreight Fleet,Standard,Refrigerated,Silver,10,1163.0,379.6,1,1,18.22,20.0,12.8,9.4,Fog,50.3,0.473,1,168.06,18.57,0
SHP-103221,Calgary AB,Regina SK,NorthStar Carriers,Standard,Bulk,Bronze,6,505.5,615.3,1,0,7.65,49.0,5.3,5.0,Snow,48.2,0.596,0,182.33,7.85,0
SHP-102324,Toronto ON,Winnipeg MB,MapleFreight Fleet,Standard,General Freight,Bronze,3,564.4,629.5,3,0,10.68,-20.0,2.3,10.0,Fog,,0.594,1,198.43,9.79,0
SHP-104135,Montreal QC,Quebec City QC,MapleFreight Fleet,Standard,General Freight,Bronze,9,661.0,260.0,5,0,14.27,-7.0,16.3,3.2,Rain,52.3,0.419,1,236.77,14.7,0
SHP-100089,Mississauga ON,Regina SK,Contract Owner-Op,Standard,Fragile,Silver,8,617.6,926.6,5,0,13.4,36.0,8.6,3.6,Clear,59.8,0.541,0,181.15,12.64,0
SHP-102508,Toronto ON,Hamilton ON,QuebecExpress,Express,General Freight,Bronze,12,382.9,1490.9,1,0,5.65,-2.0,2.2,6.1,Clear,62.8,0.197,2,194.99,5.98,0
SHP-100356,Toronto ON,Winnipeg MB,MapleFreight Fleet,Standard,General Freight,Bronze,10,188.1,1082.2,5,0,5.52,-13.0,3.9,1.2,Clear,49.5,0.752,1,201.55,5.26,0
SHP-103188,London ON,Regina SK,Contract Owner-Op,Standard,Hazardous,Silver,5,1130.6,2742.1,0,0,17.19,60.0,8.8,4.3,Clear,70.1,0.168,3,160.37,20.07,1
SHP-105708,Montreal QC,Sudbury ON,NorthStar Carriers,Standard,General Freight,Silver,12,567.2,803.9,0,0,9.34,63.0,7.4,11.4,Clear,57.6,0.568,2,222.66,8.94,0
SHP-101045,Montreal QC,Sudbury ON,MapleFreight Fleet,Standard,Fragile,Silver,12,590.5,595.0,1,0,10.36,34.0,17.9,4.1,Rain,56.3,0.244,2,257.35,9.94,0
SHP-100612,Ottawa ON,Calgary AB,MapleFreight Fleet,Economy,General Freight,Silver,7,602.2,89.8,1,0,7.81,56.0,,3.2,Rain,51.2,0.0,2,30.0,11.42,1
SHP-100805,Winnipeg MB,Winnipeg MB,MapleFreight Fleet,Standard,Refrigerated,Silver,8,393.8,1113.7,3,0,8.27,31.0,3.9,8.0,Clear,95.7,0.127,3,191.14,7.53,0
SHP-104240,Toronto ON,Quebec City QC,NorthStar Carriers,Express,Fragile,Bronze,5,291.9,1325.5,1,0,5.61,15.0,14.8,11.6,Snow,66.5,0.235,1,262.21,5.39,0
SHP-101146,Montreal QC,Winnipeg MB,MapleFreight Fleet,Standard,Hazardous,Gold,11,732.3,954.6,2,1,12.91,-20.0,9.1,9.5,Snow,45.5,0.528,2,276.7,13.43,0
SHP-104108,Toronto ON,Sudbury ON,MapleFreight Fleet,Express,Fragile,Gold,2,318.1,1297.6,2,0,6.62,83.0,5.5,6.6,Storm,55.7,0.248,3,190.76,7.89,1
SHP-103400,Montreal QC,Toronto ON,MapleFreight Fleet,Standard,Refrigerated,Silver,3,289.1,722.3,2,0,4.25,-17.0,2.0,6.8,Clear,62.0,0.75,1,226.97,4.27,0
SHP-101013,Toronto ON,Sudbury ON,MapleFreight Fleet,Standard,General Freight,Bronze,11,168.1,792.6,1,0,2.03,-1.0,30.1,8.9,Snow,66.0,0.456,1,,1.93,0
SHP-105692,Montreal QC,Sudbury ON,QuebecExpress,Economy,Fragile,Silver,9,705.8,111.7,3,0,11.87,81.0,7.0,3.6,Clear,72.0,0.614,2,,13.65,1
SHP-104705,Toronto ON,Toronto ON,MapleFreight Fleet,Standard,Refrigerated,Bronze,5,613.4,698.6,1,0,10.18,73.0,11.0,3.7,Clear,45.3,0.645,0,136.1,9.07,0
SHP-101002,Calgary AB,Ottawa ON,Contract Owner-Op,Economy,General Freight,Silver,12,481.3,774.7,4,0,10.14,-20.0,3.5,4.7,Clear,100.0,0.418,1,227.37,14.46,1
SHP-100605,Toronto ON,Winnipeg MB,QuebecExpress,Standard,Refrigerated,Bronze,11,1900.8,251.7,0,0,25.44,60.0,7.1,1.7,Fog,57.7,0.533,0,135.6,26.9,0
SHP-105473,Calgary AB,Sudbury ON,NorthStar Carriers,Economy,Bulk,Silver,10,468.6,859.1,2,0,6.81,45.0,5.3,1.6,Storm,50.4,0.751,2,146.56,10.19,1
SHP-104978,London ON,Toronto ON,Contract Owner-Op,Express,General Freight,Silver,4,497.8,485.6,4,0,10.55,36.0,2.8,2.3,Fog,8.5,0.536,0,255.52,9.31,0
SHP-100556,Mississauga ON,Montreal QC,MapleFreight Fleet,Standard,Fragile,Gold,5,436.7,385.1,1,1,6.24,11.0,9.0,8.0,,28.8,0.564,4,157.87,6.47,0
SHP-104439,Mississauga ON,Winnipeg MB,QuebecExpress,Standard,Fragile,Silver,4,160.4,238.4,5,0,4.41,9.0,11.8,16.8,Rain,60.7,0.34,0,164.02,4.52,0
SHP-105697,Winnipeg MB,Winnipeg MB,MapleFreight Fleet,Express,Fragile,Bronze,8,369.3,605.9,1,1,8.44,17.0,1.8,6.9,Clear,32.3,0.373,0,191.04,7.61,0
SHP-103767,Montreal QC,Hamilton ON,QuebecExpress,Standard,Refrigerated,Bronze,12,184.7,1536.5,5,1,9.16,31.0,4.8,7.4,Clear,57.6,0.35,3,83.4,12.49,1
SHP-103243,Toronto ON,Winnipeg MB,QuebecExpress,Standard,General Freight,Bronze,11,1009.2,583.4,1,0,13.52,30.0,3.5,3.3,Storm,,0.788,2,227.22,18.92,1
SHP-101944,Montreal QC,Sudbury ON,PrairieLine,Economy,Refrigerated,Silver,6,221.8,544.9,4,0,6.82,7.0,4.5,11.3,,78.5,0.417,0,150.05,10.73,1
SHP-102281,Mississauga ON,Winnipeg MB,Contract Owner-Op,Standard,Fragile,Bronze,9,591.1,881.3,0,0,10.81,59.0,10.2,1.7,Rain,54.2,0.702,0,181.08,10.97,0
SHP-100414,Montreal QC,Winnipeg MB,MapleFreight Fleet,Express,Bulk,Bronze,8,992.9,451.2,2,0,14.98,23.0,1.0,7.0,Rain,58.1,0.442,1,108.81,13.8,0
SHP-101953,Winnipeg MB,Ottawa ON,NorthStar Carriers,Express,Refrigerated,Gold,12,568.3,962.6,3,1,8.62,65.0,4.1,4.4,Clear,47.3,0.858,1,131.5,8.34,0
SHP-102284,Toronto ON,Regina SK,MapleFreight Fleet,Standard,General Freight,Silver,12,339.6,675.2,1,1,3.85,-8.0,3.3,10.0,Clear,39.6,0.42,2,145.65,3.54,0
SHP-104538,Toronto ON,Quebec City QC,MapleFreight Fleet,Standard,Bulk,Silver,4,404.8,291.9,0,0,3.09,-1.0,6.5,8.2,Rain,45.9,0.049,3,309.25,3.13,0
SHP-105795,Toronto ON,Toronto ON,QuebecExpress,Standard,Fragile,Silver,9,1220.4,604.0,2,0,20.96,32.0,7.3,6.8,Clear,61.7,0.637,4,203.25,21.19,0
SHP-105117,Toronto ON,Edmonton AB,MapleFreight Fleet,Standard,General Freight,Gold,6,751.8,1295.8,4,0,11.32,37.0,3.4,9.4,Storm,32.2,0.341,1,230.79,14.43,1
SHP-100043,Montreal QC,Winnipeg MB,PrairieLine,Standard,Fragile,Silver,4,772.5,1147.4,2,0,11.59,31.0,6.1,11.6,Clear,56.6,0.631,4,140.28,12.01,0
SHP-101720,Mississauga ON,Winnipeg MB,PrairieLine,Standard,Refrigerated,Silver,3,561.0,1474.7,1,0,7.53,10.0,1.5,6.0,Clear,62.5,0.273,2,102.52,7.11,0
SHP-101046,Mississauga ON,Regina SK,PrairieLine,Standard,Hazardous,Silver,4,347.7,323.2,1,0,4.69,8.0,4.5,4.5,Clear,86.3,0.489,1,191.81,4.54,0
SHP-100165,Ottawa ON,Hamilton ON,MapleFreight Fleet,Express,General Freight,Silver,6,971.7,2350.1,4,1,17.87,84.0,7.5,10.8,Clear,55.2,0.777,2,141.44,20.36,1
SHP-103683,London ON,Quebec City QC,MapleFreight Fleet,Express,Fragile,Bronze,3,564.6,261.2,3,0,7.63,50.0,9.8,6.0,Clear,59.4,0.787,4,199.36,6.82,0
SHP-105804,Winnipeg MB,Winnipeg MB,Contract Owner-Op,Standard,General Freight,Gold,8,537.9,225.7,2,0,8.78,72.0,4.3,5.2,Rain,76.9,0.595,2,195.55,9.84,1
SHP-101415,Ottawa ON,Montreal QC,MapleFreight Fleet,Economy,Hazardous,Silver,10,721.0,2683.6,5,0,12.86,-20.0,4.7,3.7,Rain,31.3,0.399,1,207.71,13.37,0
SHP-101920,Winnipeg MB,Calgary AB,NorthStar Carriers,Standard,General Freight,Gold,11,683.7,304.1,3,0,11.96,14.0,2.8,2.9,Rain,47.6,0.535,1,178.71,17.32,1
SHP-103590,Toronto ON,Calgary AB,MapleFreight Fleet,Standard,Fragile,Silver,6,823.9,650.4,4,0,14.66,17.0,1.1,4.9,Clear,,0.123,1,203.75,15.46,0
SHP-102900,Montreal QC,Montreal QC,PrairieLine,Express,General Freight,Silver,6,295.4,1505.5,2,1,5.32,26.0,4.8,16.0,Clear,86.2,0.397,0,147.66,4.98,0
SHP-105250,London ON,Quebec City QC,Contract Owner-Op,Economy,General Freight,Silver,7,1117.4,1018.3,1,0,15.67,-1.0,1.0,2.4,Clear,60.8,0.386,2,130.89,18.73,1
SHP-101054,Montreal QC,Winnipeg MB,PrairieLine,Standard,Hazardous,Silver,1,195.4,715.4,4,1,5.61,-5.0,2.1,3.0,Rain,63.1,0.505,1,164.04,7.39,1
SHP-105636,Montreal QC,Edmonton AB,PrairieLine,Standard,Hazardous,Bronze,11,690.3,1962.7,3,0,12.19,22.0,2.7,6.5,Fog,36.7,0.286,0,212.4,12.14,0
SHP-102745,Toronto ON,Hamilton ON,PrairieLine,Standard,General Freight,Silver,4,1009.2,1706.4,1,0,15.76,25.0,20.1,7.6,Rain,30.9,0.425,2,192.88,15.79,0
SHP-103138,Toronto ON,Winnipeg MB,PrairieLine,Express,Hazardous,Silver,11,463.5,1352.8,4,0,6.25,81.0,1.6,6.0,Clear,67.9,0.496,1,139.85,6.08,0
SHP-103284,Calgary AB,Montreal QC,MapleFreight Fleet,Standard,Hazardous,Silver,1,548.1,710.6,2,0,8.62,12.0,16.3,4.0,Clear,33.0,0.231,2,224.78,8.36,0
SHP-104601,Mississauga ON,Hamilton ON,MapleFreight Fleet,Express,Bulk,Gold,11,174.3,1008.0,1,0,3.46,-18.0,,3.1,Clear,47.9,0.825,4,197.73,3.36,0
SHP-105738,Calgary AB,Ottawa ON,NorthStar Carriers,Economy,Fragile,Bronze,11,438.3,1608.5,0,0,6.2,41.0,17.1,7.1,Rain,59.6,0.342,1,215.14,6.42,0
SHP-105395,Calgary AB,Regina SK,MapleFreight Fleet,Economy,Fragile,Bronze,1,906.0,780.7,1,0,13.05,42.0,0.9,6.7,Clear,30.2,0.14,1,106.65,13.81,0
SHP-102998,Ottawa ON,Calgary AB,MapleFreight Fleet,Standard,General Freight,Bronze,5,580.4,319.0,2,0,7.35,22.0,10.9,6.2,Rain,19.0,0.564,0,151.54,7.25,0
SHP-100070,Toronto ON,Calgary AB,MapleFreight Fleet,Economy,General Freight,Bronze,5,281.2,306.6,2,0,5.59,-20.0,6.3,1.0,Fog,8.1,0.305,2,,5.72,0
SHP-100948,Calgary AB,Calgary AB,QuebecExpress,standard,Hazardous,Gold,6,459.9,815.2,4,0,8.74,45.0,1.8,4.9,Rain,58.6,0.352,1,69.9,8.15,0
SHP-105979,Toronto ON,Edmonton AB,MapleFreight Fleet,Standard,Bulk,Silver,8,572.9,607.4,1,0,9.43,5.0,3.9,8.8,Rain,58.8,0.455,3,113.72,9.59,0
SHP-102479,Calgary AB,Edmonton AB,NorthStar Carriers,Express,General Freight,Silver,12,997.8,1066.1,4,0,17.37,28.0,14.5,4.6,Snow,42.5,0.363,1,132.63,17.82,0
SHP-100018,Winnipeg MB,Sudbury ON,QuebecExpress,Economy,Fragile,Bronze,7,426.1,556.3,5,0,9.98,20.0,1.3,4.4,Snow,92.9,0.386,0,320.13,8.81,0
SHP-102180,Calgary AB,Sudbury ON,MapleFreight Fleet,Express,General Freight,Silver,5,776.5,293.8,0,0,11.47,27.0,11.5,2.7,Rain,70.7,0.592,5,52.83,10.69,0
SHP-103113,Toronto ON,Toronto ON,NorthStar Carriers,Economy,Bulk,Bronze,7,362.2,479.2,3,0,5.45,-20.0,4.8,12.0,Rain,75.4,0.456,2,241.25,7.46,1
SHP-101811,Mississauga ON,Winnipeg MB,MapleFreight Fleet,Standard,Hazardous,Gold,6,440.3,729.0,4,0,9.59,18.0,5.0,3.5,Fog,52.9,0.531,1,178.56,9.57,0
SHP-100821,Toronto ON,Toronto ON,MapleFreight Fleet,Express,Hazardous,Bronze,3,138.5,1875.4,1,0,2.75,6.0,4.4,7.9,Snow,98.5,0.541,0,232.72,3.36,1
SHP-101419,Toronto ON,Calgary AB,NorthStar Carriers,Express,General Freight,Gold,4,849.0,598.2,4,0,15.21,20.0,7.7,3.9,Clear,,0.42,2,120.02,15.64,0
SHP-102572,Calgary AB,Edmonton AB,Contract Owner-Op,Standard,Bulk,Bronze,3,449.2,1070.0,3,0,7.55,63.0,1.4,5.1,Rain,39.4,0.252,4,108.62,7.96,0
SHP-100074,Ottawa ON,Sudbury ON,PrairieLine,Standard,General Freight,Bronze,1,863.3,125.1,1,0,12.54,2.0,5.7,6.7,Rain,38.8,0.361,0,116.46,18.95,1
SHP-101988,Toronto ON,Winnipeg MB,QuebecExpress,Standard,Refrigerated,Bronze,9,743.2,1841.1,3,0,13.21,16.0,14.4,7.7,Snow,12.6,0.349,2,362.73,12.96,0
SHP-104591,Calgary AB,Calgary AB,QuebecExpress,Standard,General Freight,Gold,10,650.1,443.9,5,0,11.81,-19.0,11.8,6.5,Clear,53.7,0.509,3,216.62,10.68,0
SHP-100696,Montreal QC,Hamilton ON,Contract Owner-Op,Standard,Refrigerated,Silver,3,185.9,869.6,3,0,4.36,-4.0,10.8,2.6,Clear,53.9,0.698,2,62.76,4.56,0
SHP-105859,Toronto ON,Ottawa ON,MapleFreight Fleet,Express,Fragile,Silver,12,944.3,171.4,5,0,17.98,8.0,3.5,2.5,Snow,58.8,0.72,3,195.31,16.2,0
SHP-102434,Montreal QC,Sudbury ON,MapleFreight Fleet,Express,Fragile,Silver,9,449.5,431.8,0,0,5.71,43.0,1.9,11.3,Clear,49.6,0.0,0,222.7,6.02,0
SHP-103423,Winnipeg MB,Quebec City QC,NorthStar Carriers,Economy,General Freight,Silver,1,703.2,1156.5,0,0,9.87,37.0,24.6,8.3,Clear,15.1,0.423,2,233.78,10.33,0
SHP-103517,Calgary AB,Toronto ON,NorthStar Carriers,Standard,Hazardous,Silver,10,454.7,2358.3,2,0,9.06,17.0,10.7,9.5,Clear,73.5,0.27,0,149.82,8.27,0
SHP-102864,Mississauga ON,Winnipeg MB,PrairieLine,Standard,Refrigerated,Silver,6,348.1,457.8,0,0,5.66,-5.0,16.1,4.9,Clear,63.8,0.347,0,261.85,5.59,0
SHP-105525,Mississauga ON,Quebec City QC,PrairieLine,Express,Refrigerated,Silver,12,522.1,2403.0,4,0,10.26,5.0,4.8,7.5,Clear,65.2,0.379,2,98.96,9.09,0
SHP-102294,London ON,Calgary AB,PrairieLine,Standard,General Freight,Gold,3,831.6,1029.2,4,0,14.18,26.0,5.0,2.3,Clear,42.5,0.499,3,125.31,14.49,0
SHP-101377,Ottawa ON,Hamilton ON,MapleFreight Fleet,Standard,General Freight,Silver,8,494.6,419.0,3,0,9.28,-5.0,3.8,4.3,Clear,65.4,0.426,1,130.13,8.18,0
SHP-105513,Ottawa ON,Ottawa ON,PrairieLine,Standard,General Freight,Bronze,3,1079.1,1000.2,5,0,18.38,-12.0,13.1,5.0,Snow,40.5,0.476,0,168.43,17.32,0
SHP-102520,Ottawa ON,Edmonton AB,MapleFreight Fleet,Economy,Hazardous,Bronze,11,390.8,560.2,1,0,6.55,41.0,4.9,4.8,Clear,57.7,0.464,1,126.51,6.4,0
SHP-102250,Ottawa ON,Ottawa ON,MapleFreight Fleet,Express,Refrigerated,Silver,8,550.2,263.9,1,0,9.22,62.0,,1.4,Clear,61.2,0.317,0,170.09,8.53,0
SHP-101987,Toronto ON,Edmonton AB,PrairieLine,Express,General Freight,Gold,6,216.2,795.4,2,1,4.47,48.0,3.4,10.8,Clear,78.3,0.492,0,110.67,4.45,0
SHP-103816,Mississauga ON,Winnipeg MB,QuebecExpress,Standard,General Freight,Silver,11,585.5,764.8,4,1,10.69,32.0,17.1,5.0,Clear,75.8,0.644,0,162.51,10.94,0
SHP-101248,Ottawa ON,Toronto ON,NorthStar Carriers,Standard,Fragile,Bronze,3,943.6,1433.7,0,0,14.11,129.0,7.0,1.3,Snow,,0.39,2,264.28,14.93,0
SHP-105728,Ottawa ON,Winnipeg MB,MapleFreight Fleet,Standard,General Freight,Bronze,10,609.9,460.4,5,0,12.81,-4.0,2.5,4.8,Clear,23.3,0.707,1,81.89,13.05,0
SHP-100863,Ottawa ON,Montreal QC,Contract Owner-Op,Standard,General Freight,Silver,5,757.5,203.1,5,0,10.79,32.0,10.0,2.9,Fog,73.2,0.651,0,124.71,10.21,0
SHP-104574,London ON,Hamilton ON,NorthStar Carriers,Standard,General Freight,Silver,10,995.5,1582.2,5,0,19.34,67.0,1.1,1.2,Clear,64.4,0.71,2,138.41,28.63,1
SHP-102894,Montreal QC,Sudbury ON,MapleFreight Fleet,Express,Bulk,Bronze,1,732.0,266.1,4,0,13.44,27.0,4.2,6.7,Clear,74.6,0.431,1,251.82,12.15,0
SHP-102550,Toronto ON,Winnipeg MB,MapleFreight Fleet,Standard,Bulk,Bronze,9,558.5,1781.0,4,0,10.18,6.0,12.8,5.1,Storm,63.9,0.317,1,205.44,9.61,0
SHP-103924,Toronto ON,Sudbury ON,MapleFreight Fleet,Express,General Freight,Silver,6,886.2,1499.7,1,0,10.32,28.0,0.9,5.7,Rain,94.5,0.238,0,231.57,12.78,1
SHP-105417,London ON,Ottawa ON,MapleFreight Fleet,Economy,General Freight,Silver,6,309.9,403.8,4,0,6.38,10.0,5.2,11.6,Clear,64.9,0.792,2,173.18,6.56,0
SHP-101095,Mississauga ON,Sudbury ON,NorthStar Carriers,Standard,Refrigerated,Silver,5,721.0,1929.1,2,0,11.0,12.0,0.2,10.5,Rain,56.0,0.306,2,233.41,10.71,0
SHP-103827,Mississauga ON,Winnipeg MB,PrairieLine,Standard,General Freight,Gold,12,580.0,1538.1,2,0,9.11,48.0,3.0,6.1,Storm,61.1,0.527,0,86.99,11.71,1
SHP-104544,London ON,Regina SK,PrairieLine,Economy,Hazardous,Bronze,2,810.0,734.8,5,0,11.28,30.0,3.0,2.9,Clear,35.3,0.269,4,93.98,11.1,0
SHP-105955,London ON,Sudbury ON,Contract Owner-Op,Standard,Refrigerated,Bronze,10,445.3,357.8,3,0,8.25,24.0,6.5,3.7,Clear,43.7,0.833,3,76.96,7.34,0
SHP-101232,Mississauga ON,Regina SK,QuebecExpress,Express,General Freight,Silver,1,490.1,384.2,5,0,10.9,53.0,6.7,3.6,Rain,68.9,0.204,0,222.01,11.31,0
SHP-103698,Toronto ON,Hamilton ON,MapleFreight Fleet,Express,General Freight,Gold,12,966.3,403.7,4,0,16.95,55.0,0.8,11.1,Rain,36.6,0.459,1,151.95,15.12,0
SHP-101972,London ON,Regina SK,MapleFreight Fleet,Standard,Hazardous,Gold,6,465.5,1580.5,5,0,9.16,-20.0,4.1,2.5,Clear,22.6,0.762,2,288.2,8.91,0
SHP-101376,London ON,Winnipeg MB,QuebecExpress,Standard,Fragile,Silver,12,536.7,733.1,1,0,7.57,81.0,8.8,2.9,Snow,45.1,0.451,1,148.79,8.55,1
SHP-102328,Toronto ON,Toronto ON,NorthStar Carriers,Express,Refrigerated,Bronze,1,621.2,1681.8,1,0,8.84,64.0,3.2,8.9,Snow,16.9,0.277,0,149.16,7.79,0
SHP-100585,Toronto ON,Toronto ON,QuebecExpress,Express,General Freight,Bronze,6,811.0,970.2,4,0,13.08,23.0,4.5,7.2,,65.9,0.305,0,162.06,16.94,1
SHP-105913,Montreal QC,Winnipeg MB,Contract Owner-Op,Economy,General Freight,Bronze,3,1014.3,558.7,1,0,14.03,51.0,6.5,7.2,Clear,64.4,0.648,1,152.06,20.51,1
SHP-100152,Calgary AB,Regina SK,MapleFreight Fleet,Express,Refrigerated,Gold,9,385.7,955.7,3,0,7.13,23.0,5.6,6.3,Rain,14.8,0.318,1,277.63,6.99,0
SHP-101067,Winnipeg MB,Ottawa ON,MapleFreight Fleet,Standard,General Freight,Bronze,6,716.4,629.8,4,0,13.2,25.0,2.4,4.8,Clear,74.7,0.69,0,154.64,13.59,0
SHP-105131,Toronto ON,Quebec City QC,NorthStar Carriers,Standard,General Freight,Bronze,5,645.8,503.4,0,0,6.28,-2.0,8.6,3.1,Clear,63.2,0.325,3,143.09,6.19,0
SHP-100737,Montreal QC,Calgary AB,NorthStar Carriers,Standard,General Freight,Silver,5,1000.4,1300.2,5,0,16.41,27.0,2.6,6.9,Clear,80.2,0.378,2,186.06,23.07,1
SHP-105268,Calgary AB,Sudbury ON,NorthStar Carriers,Standard,General Freight,Bronze,12,280.9,1158.1,3,0,8.57,-9.0,0.7,13.3,,69.7,0.401,2,142.95,8.9,0
SHP-101665,Toronto ON,Montreal QC,MapleFreight Fleet,Express,General Freight,Silver,2,999.1,234.9,3,1,14.98,17.0,11.2,4.2,Fog,82.9,0.243,1,230.56,14.66,0
SHP-103149,Ottawa ON,Ottawa ON,NorthStar Carriers,Express,Fragile,Silver,11,346.8,321.6,0,0,4.94,37.0,5.2,4.1,Clear,92.0,0.578,2,284.16,5.18,0
SHP-105178,Mississauga ON,Montreal QC,Contract Owner-Op,Standard,Hazardous,Gold,11,264.4,1253.5,2,0,4.25,53.0,6.5,3.8,Clear,48.4,0.498,2,168.62,6.02,1
SHP-104636,Mississauga ON,Sudbury ON,PrairieLine,Standard,General Freight,Bronze,11,553.9,1323.7,1,0,8.21,-20.0,,9.5,,33.2,0.353,1,154.53,7.85,0
SHP-104119,Mississauga ON,Quebec City QC,PrairieLine,Standard,General Freight,Bronze,4,919.6,2384.9,2,0,15.19,9.0,4.5,7.9,Fog,84.0,0.131,2,184.42,24.1,1
SHP-105788,Toronto ON,Regina SK,PrairieLine,Standard,General Freight,Silver,1,644.3,2397.5,1,0,10.26,1.0,1.4,8.0,Rain,29.3,0.747,0,122.45,10.49,0
SHP-100448,Ottawa ON,Edmonton AB,PrairieLine,Standard,Fragile,Silver,4,264.8,820.3,5,0,6.55,1.0,29.8,1.6,Rain,63.4,0.69,1,154.7,6.65,0
SHP-101144,Mississauga ON,Sudbury ON,NorthStar Carriers,Standard,Hazardous,Silver,10,543.0,703.2,4,0,10.58,0.0,1.9,5.2,,71.8,0.417,2,240.27,10.13,0
SHP-104937,Toronto ON,Edmonton AB,MapleFreight Fleet,Economy,Refrigerated,Gold,3,308.4,1321.3,1,0,4.93,-20.0,7.6,2.6,Storm,42.0,0.615,1,,4.77,0
SHP-100048,Montreal QC,Montreal QC,NorthStar Carriers,Economy,Refrigerated,Gold,5,1799.1,2430.5,3,0,26.37,91.0,,0.9,Rain,68.2,0.367,0,109.98,26.88,0
SHP-104151,Montreal QC,Toronto ON,MapleFreight Fleet,Standard,Hazardous,Silver,9,443.0,3170.2,1,0,7.32,-4.0,9.7,2.6,Rain,14.4,0.699,2,232.23,6.79,0
SHP-101834,Ottawa ON,Quebec City QC,NorthStar Carriers,Standard,Refrigerated,Silver,12,573.5,1141.3,5,0,12.31,-20.0,2.6,6.0,Clear,83.1,0.564,0,279.23,11.49,0
SHP-104102,Ottawa ON,Ottawa ON,MapleFreight Fleet,Standard,Bulk,Bronze,4,671.4,2045.3,3,0,10.35,67.0,5.9,6.1,Clear,,0.374,2,177.94,10.41,0
SHP-101388,Toronto ON,Edmonton AB,MapleFreight Fleet,Standard,Bulk,Silver,7,1164.5,907.2,2,0,17.49,-20.0,3.7,2.7,Rain,12.3,0.524,3,243.79,16.65,0
SHP-101768,Mississauga ON,Winnipeg MB,MapleFreight Fleet,Economy,General Freight,Silver,11,387.3,1550.0,0,0,4.87,54.0,4.9,9.1,Clear,32.9,0.64,2,102.54,4.6,0
SHP-105532,Toronto ON,Ottawa ON,MapleFreight Fleet,Express,Refrigerated,Silver,1,272.6,880.8,0,0,4.94,30.0,2.3,2.8,Clear,34.9,0.234,1,222.2,4.55,0
SHP-101494,Mississauga ON,Calgary AB,Contract Owner-Op,Express,General Freight,Silver,8,226.7,972.5,1,1,2.79,-11.0,8.4,1.7,Rain,56.0,0.536,2,79.35,2.88,0
SHP-105491,Winnipeg MB,Ottawa ON,MapleFreight Fleet,Standard,General Freight,Gold,7,627.5,1011.3,4,0,11.73,59.0,3.3,4.1,Clear,69.1,0.552,0,195.15,11.45,0
SHP-101691,Toronto ON,Sudbury ON,MapleFreight Fleet,Economy,Refrigerated,Silver,4,336.9,672.3,1,0,5.78,122.0,15.5,5.3,Clear,44.0,0.511,1,223.95,5.96,0
SHP-102633,Montreal QC,Ottawa ON,PrairieLine,Standard,General Freight,Silver,4,938.4,433.8,5,0,17.12,46.0,3.6,15.2,Rain,46.0,0.62,1,235.59,22.2,1
SHP-103028,Montreal QC,Montreal QC,NorthStar Carriers,Economy,Hazardous,Silver,10,316.4,512.7,0,0,3.74,-2.0,5.4,2.6,Clear,72.7,0.389,1,192.7,3.89,0
SHP-101643,Toronto ON,Sudbury ON,MapleFreight Fleet,Standard,Refrigerated,Silver,1,181.3,35.7,0,0,1.0,-20.0,15.3,1.7,Clear,71.1,0.338,0,,1.04,0
SHP-100786,Toronto ON,Edmonton AB,PrairieLine,Economy,Bulk,Bronze,8,760.6,653.7,0,1,8.51,8.0,9.8,7.0,Clear,65.4,0.808,0,231.03,12.34,1
SHP-104244,Toronto ON,Hamilton ON,MapleFreight Fleet,Economy,General Freight,Bronze,7,769.0,507.8,0,0,11.38,-17.0,,5.8,Clear,64.2,0.425,2,239.66,11.9,0
SHP-102585,Mississauga ON,Winnipeg MB,MapleFreight Fleet,Economy,General Freight,Gold,2,774.8,1340.6,2,0,12.29,-14.0,11.7,1.0,Fog,41.7,0.503,0,121.16,11.79,0
SHP-100983,London ON,Hamilton ON,MapleFreight Fleet,Economy,Hazardous,Bronze,12,420.6,2474.4,4,1,8.7,-8.0,5.0,2.2,Clear,5.0,0.45,2,97.42,8.17,0
SHP-105961,Ottawa ON,Ottawa ON,MapleFreight Fleet,Economy,General Freight,Bronze,11,1256.1,290.5,3,0,21.55,97.0,12.4,8.4,Rain,51.8,0.428,1,84.45,22.01,0
SHP-101208,Toronto ON,Regina SK,PrairieLine,Standard,General Freight,Gold,5,295.5,753.2,4,0,7.63,11.0,7.8,5.9,Rain,46.1,0.474,1,210.82,7.37,0
SHP-100872,Toronto ON,Hamilton ON,Contract Owner-Op,Express,General Freight,Silver,11,881.7,1340.7,2,0,12.54,-2.0,6.1,2.4,Rain,62.4,0.342,2,204.3,12.64,0
SHP-105968,Toronto ON,Edmonton AB,MapleFreight Fleet,Standard,Bulk,Gold,7,617.3,1200.5,0,1,10.28,26.0,4.6,4.6,Clear,57.8,0.619,1,217.17,9.37,0
SHP-103253,Calgary AB,Toronto ON,MapleFreight Fleet,Standard,Hazardous,Bronze,1,441.5,2557.8,4,0,11.27,88.0,9.6,13.3,Rain,53.7,0.388,0,102.79,10.07,0
SHP-103647,London ON,Toronto ON,Contract Owner-Op,Express,Fragile,Bronze,9,607.5,804.0,5,0,12.14,23.0,3.6,5.0,Rain,,0.524,1,208.65,17.41,1
SHP-100478,Montreal QC,Hamilton ON,Contract Owner-Op,Standard,General Freight,Gold,7,978.9,1202.5,0,0,14.43,27.0,11.9,3.1,Rain,52.7,0.599,4,114.4,21.7,1
SHP-102609,Toronto ON,Hamilton ON,MapleFreight Fleet,Express,General Freight,Bronze,6,587.1,1278.4,4,1,9.39,39.0,15.3,6.1,Snow,61.8,0.0,2,114.3,9.07,0
SHP-105028,Calgary AB,Winnipeg MB,QuebecExpress,Express,Bulk,Gold,4,510.2,1274.8,0,1,6.56,20.0,6.8,8.8,Clear,70.6,0.726,2,118.82,5.78,0
SHP-102130,Winnipeg MB,Calgary AB,MapleFreight Fleet,Standard,Fragile,Silver,8,588.4,1694.2,3,1,9.58,-20.0,6.4,0.8,Clear,64.7,0.178,0,178.81,9.91,0
SHP-101827,Ottawa ON,Ottawa ON,NorthStar Carriers,Express,General Freight,Bronze,5,870.1,1057.5,2,1,14.26,-20.0,13.2,6.9,Snow,43.0,0.371,1,279.24,14.32,0
SHP-103893,Toronto ON,Hamilton ON,NorthStar Carriers,Economy,General Freight,Silver,5,231.0,2477.5,3,0,3.59,46.0,12.6,6.3,Clear,41.4,0.104,1,214.79,3.69,0
SHP-100946,Toronto ON,Winnipeg MB,Contract Owner-Op,Standard,Bulk,Silver,2,180.3,759.6,2,0,4.86,28.0,10.7,1.6,Snow,40.4,0.838,3,169.64,6.23,1
SHP-102241,Montreal QC,Regina SK,PrairieLine,Economy,General Freight,Bronze,5,249.9,549.6,1,0,2.44,25.0,5.8,2.5,Rain,77.0,0.528,3,179.7,2.53,0
SHP-104047,Montreal QC,Montreal QC,NorthStar Carriers,Express,Fragile,Silver,4,386.7,345.9,2,0,7.03,13.0,5.8,3.9,Snow,31.4,0.585,1,154.87,6.78,0
SHP-100382,Mississauga ON,Edmonton AB,MapleFreight Fleet,Standard,General Freight,Silver,8,819.6,647.4,4,0,14.13,-20.0,4.5,2.8,Clear,43.6,0.292,0,214.53,12.96,0
SHP-104927,Toronto ON,Montreal QC,MapleFreight Fleet,Standard,General Freight,Bronze,9,421.0,978.5,0,0,6.55,62.0,4.5,4.6,Clear,68.0,0.814,3,237.06,6.6,0
SHP-103942,Calgary AB,Winnipeg MB,QuebecExpress,Express,General Freight,Silver,10,898.9,1161.5,4,1,16.38,44.0,20.3,4.4,Fog,81.3,0.681,1,132.14,16.95,0
SHP-101589,Toronto ON,Calgary AB,QuebecExpress,Economy,Hazardous,Bronze,10,436.4,414.0,4,0,10.0,-19.0,6.7,10.5,Clear,48.8,0.725,0,36.1,8.85,0
SHP-103951,Toronto ON,Edmonton AB,PrairieLine,Economy,General Freight,Silver,12,300.6,311.3,3,0,5.46,19.0,17.3,6.3,Clear,63.2,0.657,4,165.91,5.63,0
SHP-101949,Mississauga ON,Sudbury ON,QuebecExpress,Economy,General Freight,Silver,12,1372.8,1254.7,0,0,21.59,68.0,3.7,1.5,Clear,65.7,0.124,1,284.91,22.81,0
SHP-103490,Montreal QC,Montreal QC,MapleFreight Fleet,Standard,General Freight,Bronze,6,969.1,319.9,0,1,14.21,-20.0,5.5,8.3,Rain,55.1,0.425,0,,12.91,0
SHP-101947,Toronto ON,Calgary AB,PrairieLine,Standard,General Freight,Silver,10,897.7,951.6,5,0,16.99,4.0,8.7,9.6,,77.3,0.447,0,310.25,22.37,1
SHP-103745,Montreal QC,Winnipeg MB,Contract Owner-Op,Standard,Fragile,Silver,2,397.8,249.5,5,0,7.53,35.0,5.6,6.6,Clear,43.2,0.242,3,159.25,10.35,1
SHP-103416,Toronto ON,Hamilton ON,MapleFreight Fleet,Standard,General Freight,Gold,12,844.0,479.7,2,0,13.02,44.0,4.0,1.4,Clear,48.1,0.586,1,79.81,11.84,0
SHP-101527,Mississauga ON,Toronto ON,QuebecExpress,Standard,General Freight,Silver,11,571.4,846.3,0,0,6.17,-20.0,3.3,3.3,Clear,38.3,0.62,0,107.23,5.68,0
SHP-100551,Montreal QC,Ottawa ON,MapleFreight Fleet,Express,Fragile,Silver,8,1289.0,384.6,4,0,21.84,-20.0,3.3,7.2,Clear,68.8,0.266,1,75.18,20.31,0
SHP-105321,Ottawa ON,Quebec City QC,NorthStar Carriers,Economy,Refrigerated,Silver,2,862.8,439.9,3,0,14.66,45.0,10.5,16.4,Rain,43.4,0.369,2,83.68,20.64,1
SHP-105965,Toronto ON,Ottawa ON,MapleFreight Fleet,Standard,Hazardous,Gold,11,1044.2,489.8,3,0,17.24,-2.0,2.0,6.0,Clear,79.1,0.328,1,121.62,15.63,0
SHP-103728,London ON,Sudbury ON,PrairieLine,Express,Bulk,Gold,11,504.7,918.5,0,0,6.09,55.0,6.1,5.9,Snow,63.7,0.554,3,95.52,5.98,0
SHP-101390,Montreal QC,Edmonton AB,QuebecExpress,Standard,General Freight,Silver,11,1204.2,870.8,4,0,19.82,-7.0,8.8,3.3,Fog,59.3,0.472,1,160.63,23.91,1
SHP-101817,Mississauga ON,Regina SK,PrairieLine,Standard,Refrigerated,Gold,8,436.9,970.8,0,0,4.42,35.0,11.5,3.2,Clear,15.7,0.648,3,,4.01,0
SHP-101931,Calgary AB,Ottawa ON,MapleFreight Fleet,Standard,Bulk,Silver,9,857.2,795.6,5,0,16.4,2.0,5.5,5.3,Rain,61.6,0.164,2,106.77,15.62,0
SHP-100809,Montreal QC,Sudbury ON,NorthStar Carriers,Express,General Freight,Bronze,11,505.8,1035.5,1,0,6.46,-20.0,12.5,4.3,Clear,33.2,0.504,0,176.41,6.4,0
SHP-105702,Calgary AB,Winnipeg MB,QuebecExpress,Standard,Refrigerated,Silver,12,599.1,1597.2,2,0,12.46,-12.0,2.4,6.1,Rain,68.7,0.464,4,177.0,16.41,1
SHP-104560,Calgary AB,Montreal QC,PrairieLine,Standard,Hazardous,Silver,10,650.1,1475.1,3,0,11.82,-5.0,5.8,8.0,Rain,7.1,0.434,0,177.09,10.94,0
SHP-103854,London ON,Winnipeg MB,QuebecExpress,Express,General Freight,Silver,10,460.9,1529.8,3,0,8.79,-20.0,2.1,2.4,Rain,51.2,0.806,1,245.04,8.49,0
SHP-101927,Mississauga ON,Ottawa ON,PrairieLine,Standard,General Freight,Bronze,10,601.8,92.3,1,1,8.86,-18.0,6.2,5.5,Fog,31.5,0.508,0,108.42,8.63,0
SHP-104579,Ottawa ON,Ottawa ON,MapleFreight Fleet,Standard,General Freight,Silver,5,405.2,866.7,3,0,8.38,-1.0,0.5,5.5,Snow,43.8,0.467,1,216.67,7.83,0
SHP-104374,Mississauga ON,Montreal QC,NorthStar Carriers,Standard,General Freight,Silver,3,263.7,1092.6,0,0,2.97,28.0,1.9,5.7,Storm,42.0,0.415,0,204.64,3.14,0
SHP-104406,Ottawa ON,Calgary AB,NorthStar Carriers,Standard,Bulk,Gold,3,520.2,338.0,2,1,9.27,7.0,2.3,2.7,Clear,76.0,0.452,2,151.42,8.21,0
SHP-102809,Montreal QC,Calgary AB,MapleFreight Fleet,Standard,Refrigerated,Silver,6,321.8,637.0,3,0,7.16,17.0,16.2,3.4,,73.8,0.577,3,322.28,7.28,0
SHP-100647,Ottawa ON,Hamilton ON,MapleFreight Fleet,Standard,Refrigerated,Bronze,3,371.4,1124.2,1,0,8.28,-20.0,5.8,6.9,Clear,68.6,0.27,0,207.66,7.82,0
SHP-101298,Winnipeg MB,Quebec City QC,Contract Owner-Op,Economy,Fragile,Silver,9,465.8,1141.2,3,0,8.09,72.0,3.0,7.7,Clear,26.1,0.398,1,166.86,11.2,1
SHP-104573,Montreal QC,Ottawa ON,QuebecExpress,Express,Refrigerated,Gold,4,745.4,868.1,1,0,10.98,65.0,,5.0,Clear,36.9,0.482,1,207.56,11.45,0
SHP-105760,Calgary AB,Sudbury ON,QuebecExpress,Standard,Fragile,Bronze,3,507.2,766.0,3,0,9.3,27.0,10.9,5.9,Rain,29.1,0.422,3,164.94,9.61,0
SHP-102272,Toronto ON,Montreal QC,MapleFreight Fleet,Standard,Bulk,Gold,9,929.6,1629.4,5,0,15.52,-20.0,9.5,8.3,Clear,42.7,0.393,4,,13.88,0
SHP-101255,London ON,Montreal QC,PrairieLine,Express,Hazardous,Silver,2,477.5,1262.3,1,0,9.32,60.0,,0.3,Storm,48.2,0.33,1,94.55,10.54,1
SHP-100087,Montreal QC,Winnipeg MB,Contract Owner-Op,Standard,General Freight,Gold,4,394.7,1205.9,1,0,8.19,42.0,1.9,4.7,Snow,55.1,0.593,0,238.14,9.19,1
SHP-101117,Toronto ON,Hamilton ON,MapleFreight Fleet,Standard,General Freight,Bronze,2,378.4,484.7,1,0,6.16,12.0,11.6,4.0,Clear,40.7,0.364,2,244.63,5.83,0
SHP-102976,Montreal QC,Sudbury ON,QuebecExpress,Economy,Bulk,Gold,1,1377.7,726.4,2,0,19.64,-20.0,8.3,3.5,Clear,,0.788,3,92.12,28.21,1
SHP-100513,Toronto ON,Sudbury ON,Contract Owner-Op,Express,General Freight,Bronze,3,189.9,815.6,5,0,5.84,-20.0,8.6,1.9,Clear,54.4,0.577,1,82.24,6.15,0
SHP-105717,Ottawa ON,Edmonton AB,MapleFreight Fleet,Standard,Fragile,Bronze,10,751.1,733.0,0,0,10.5,60.0,1.2,2.9,Rain,58.2,0.667,0,88.48,9.99,0
SHP-100601,Calgary AB,Edmonton AB,MapleFreight Fleet,express,General Freight,Bronze,6,740.7,1713.3,1,1,11.23,17.0,0.4,2.1,,50.6,0.684,1,158.31,10.28,0
SHP-104222,Toronto ON,Edmonton AB,MapleFreight Fleet,Economy,Refrigerated,Bronze,5,668.6,1458.2,4,0,12.46,42.0,8.4,6.5,Clear,88.9,0.483,5,226.06,19.37,1
SHP-104420,London ON,Toronto ON,Contract Owner-Op,Economy,Fragile,Silver,7,805.7,1304.3,1,0,12.57,41.0,6.0,3.4,Storm,71.3,0.751,1,148.92,16.64,1
SHP-100335,Calgary AB,Regina SK,QuebecExpress,Standard,General Freight,Bronze,9,227.8,585.1,4,0,6.68,-2.0,4.3,12.1,Clear,41.7,0.436,1,126.66,6.41,0
SHP-103617,Calgary AB,Regina SK,PrairieLine,Standard,General Freight,Silver,10,685.4,89.2,2,0,10.07,20.0,7.1,4.1,Snow,76.6,0.626,1,261.26,9.21,0
SHP-102238,Winnipeg MB,Calgary AB,MapleFreight Fleet,Economy,General Freight,Silver,8,701.1,1889.7,2,0,12.24,-8.0,2.2,2.5,Rain,60.4,0.216,0,165.61,12.15,0
SHP-101432,Toronto ON,Ottawa ON,MapleFreight Fleet,Standard,Bulk,Silver,3,785.4,566.2,5,0,14.64,-20.0,6.7,7.0,Rain,30.3,0.437,1,249.87,12.98,0
SHP-103346,Mississauga ON,Toronto ON,MapleFreight Fleet,Standard,General Freight,Bronze,3,471.8,374.2,0,0,6.73,28.0,17.4,6.4,Clear,35.6,0.136,0,132.5,6.01,0
SHP-100084,Toronto ON,Calgary AB,NorthStar Carriers,Express,Fragile,Gold,11,450.1,1379.2,5,0,10.26,57.0,2.8,3.7,,58.4,0.254,2,254.83,9.66,0
SHP-104014,Winnipeg MB,Ottawa ON,NorthStar Carriers,Express,Refrigerated,Gold,7,251.9,570.3,0,0,3.06,35.0,2.4,2.8,Clear,33.2,0.252,0,90.63,3.18,0
SHP-105669,Montreal QC,Toronto ON,Contract Owner-Op,Standard,Refrigerated,Silver,8,1253.1,1313.3,3,0,19.24,30.0,3.2,8.8,Rain,53.1,0.399,1,213.76,25.94,1
SHP-100330,Toronto ON,Quebec City QC,MapleFreight Fleet,Standard,General Freight,Silver,10,1087.9,1774.9,3,0,16.59,-20.0,2.1,8.7,Snow,64.8,0.38,3,209.0,19.45,1
SHP-101329,Winnipeg MB,Hamilton ON,MapleFreight Fleet,Standard,Refrigerated,Silver,10,312.4,1981.7,4,0,7.04,30.0,6.2,3.4,Snow,71.9,0.546,0,,7.43,0
SHP-100424,Winnipeg MB,Regina SK,MapleFreight Fleet,Express,General Freight,Gold,1,743.2,676.3,5,0,15.15,64.0,13.4,3.3,Clear,44.2,0.607,1,176.01,15.64,0
SHP-101470,Montreal QC,Ottawa ON,QuebecExpress,Express,General Freight,Bronze,4,812.3,1122.9,4,0,13.46,42.0,6.6,9.2,Clear,82.9,0.594,2,88.79,13.56,0
SHP-104658,Calgary AB,Calgary AB,MapleFreight Fleet,Economy,General Freight,Silver,6,699.8,761.6,2,0,10.02,12.0,3.4,8.9,Clear,45.7,0.615,0,229.83,8.99,0
SHP-102834,London ON,Calgary AB,MapleFreight Fleet,Standard,Bulk,Gold,6,1493.0,919.7,4,0,23.15,55.0,3.8,3.2,Clear,54.4,0.363,1,277.05,21.38,0
SHP-100013,Toronto ON,Toronto ON,MapleFreight Fleet,Express,Fragile,Silver,11,529.4,1190.7,1,0,7.17,-9.0,16.4,5.3,Clear,58.2,0.737,0,243.85,7.56,0
SHP-100661,Toronto ON,Sudbury ON,MapleFreight Fleet,Economy,Hazardous,Bronze,9,561.1,1051.2,1,1,8.54,4.0,5.0,5.1,Rain,79.0,0.349,0,106.07,8.95,0
SHP-101981,Montreal QC,Hamilton ON,MapleFreight Fleet,Express,General Freight,Silver,4,313.2,87.2,5,0,7.76,-20.0,0.9,6.2,Rain,53.1,0.883,1,123.84,7.65,0
SHP-100866,Toronto ON,Regina SK,PrairieLine,Standard,Fragile,Bronze,7,1023.2,869.2,1,0,16.01,33.0,6.2,6.2,Clear,60.1,0.691,5,212.55,24.89,1
SHP-100271,Ottawa ON,Winnipeg MB,NorthStar Carriers,Economy,Fragile,Bronze,6,410.9,540.0,2,1,9.57,-20.0,5.9,4.5,Clear,,0.505,1,143.39,8.77,0
SHP-101586,Toronto ON,Montreal QC,MapleFreight Fleet,Express,General Freight,Silver,4,764.6,475.7,3,0,12.16,-3.0,3.9,4.0,Clear,38.2,0.424,1,67.67,12.68,0
SHP-103458,Toronto ON,Hamilton ON,MapleFreight Fleet,Express,General Freight,Silver,9,494.2,947.3,5,0,10.48,-20.0,9.5,8.0,Snow,65.7,0.47,5,224.76,10.79,0
SHP-104380,Toronto ON,Sudbury ON,PrairieLine,Express,General Freight,Gold,2,646.7,1156.4,4,0,14.24,7.0,2.6,2.0,Clear,46.2,0.463,3,116.45,13.03,0
SHP-105608,Toronto ON,Calgary AB,QuebecExpress,Standard,Fragile,Silver,2,220.7,830.3,3,0,6.54,42.0,1.5,5.4,Clear,84.1,0.296,0,167.86,6.38,0
SHP-104217,Mississauga ON,Regina SK,MapleFreight Fleet,Economy,Hazardous,Silver,4,500.7,138.5,2,0,9.47,82.0,5.4,10.4,Clear,,0.493,2,168.94,8.68,0
SHP-100765,Mississauga ON,Edmonton AB,QuebecExpress,Express,Fragile,Gold,11,716.0,2006.2,5,0,13.27,-20.0,4.1,1.1,Rain,81.5,0.127,1,221.97,14.03,0
SHP-105059,Mississauga ON,Ottawa ON,MapleFreight Fleet,Standard,Bulk,Silver,8,622.0,921.6,1,0,10.27,62.0,9.7,10.1,Clear,56.6,0.068,2,158.0,10.41,0
SHP-100019,Ottawa ON,Hamilton ON,QuebecExpress,Standard,General Freight,Gold,6,504.0,2613.9,2,0,10.54,54.0,6.9,2.2,Clear,50.3,0.598,0,132.96,9.54,0
SHP-100035,Ottawa ON,Edmonton AB,MapleFreight Fleet,Standard,Fragile,Gold,1,661.0,889.7,3,0,12.42,-17.0,3.5,6.2,Clear,63.0,0.394,2,322.62,11.26,0
SHP-101775,Mississauga ON,Toronto ON,MapleFreight Fleet,Economy,Refrigerated,Silver,12,1532.2,573.0,4,0,23.12,-20.0,19.2,10.0,Snow,24.2,0.523,2,229.36,24.44,0
SHP-102709,Toronto ON,Montreal QC,PrairieLine,Standard,Hazardous,Gold,4,585.5,1037.8,2,0,9.37,-20.0,11.1,20.0,Rain,65.1,0.418,2,30.0,9.87,0
SHP-101040,Toronto ON,Toronto ON,PrairieLine,Standard,Fragile,Bronze,12,247.4,1254.6,1,0,1.2,-18.0,4.0,12.4,Clear,38.6,0.213,0,120.67,1.13,0
SHP-102554,Calgary AB,Ottawa ON,QuebecExpress,Standard,Refrigerated,Silver,5,342.6,2465.2,4,0,6.53,25.0,5.3,6.8,Fog,53.2,0.156,2,231.33,7.78,1
SHP-102708,Winnipeg MB,Regina SK,NorthStar Carriers,Economy,Fragile,Silver,11,157.1,507.3,0,0,2.52,45.0,5.7,12.2,Clear,41.5,0.494,1,149.29,2.53,0
SHP-100700,Mississauga ON,Winnipeg MB,MapleFreight Fleet,Express,Hazardous,Bronze,10,971.8,99.5,0,0,14.85,25.0,,2.0,Clear,64.7,0.359,1,193.35,14.8,0
SHP-104676,Toronto ON,Sudbury ON,MapleFreight Fleet,Standard,General Freight,Silver,11,648.4,476.4,3,0,8.99,5.0,20.0,6.5,Storm,16.0,0.422,1,,9.41,0
SHP-102769,Montreal QC,Calgary AB,MapleFreight Fleet,Express,Hazardous,Bronze,5,402.0,2035.3,0,0,5.46,68.0,26.1,4.3,Storm,61.9,0.436,0,145.16,4.93,0
SHP-100658,Mississauga ON,Ottawa ON,NorthStar Carriers,Standard,Fragile,Silver,1,717.5,946.1,1,0,10.38,6.0,2.4,3.1,Clear,20.3,0.055,2,99.42,10.36,0
SHP-104654,Toronto ON,Calgary AB,NorthStar Carriers,Standard,General Freight,Silver,12,375.3,871.2,1,0,8.37,-20.0,6.0,3.3,Fog,54.3,0.446,1,248.94,7.65,0
SHP-104136,Ottawa ON,Winnipeg MB,NorthStar Carriers,Standard,General Freight,Silver,9,618.8,872.1,5,0,13.99,29.0,4.4,5.7,Clear,46.8,0.247,1,198.52,14.7,0
SHP-103330,Mississauga ON,Montreal QC,PrairieLine,Standard,General Freight,Silver,1,475.1,587.5,0,0,7.07,17.0,6.9,4.7,Clear,50.6,0.922,3,165.76,6.55,0
SHP-101866,Montreal QC,Ottawa ON,QuebecExpress,Standard,Fragile,Silver,10,567.3,650.0,3,0,8.67,-20.0,3.4,6.0,Clear,37.2,0.533,2,103.28,8.9,0
SHP-101864,Toronto ON,Toronto ON,NorthStar Carriers,Express,General Freight,Silver,6,593.8,1174.8,1,0,8.67,54.0,5.3,5.2,Rain,45.7,0.388,3,229.12,8.77,0
SHP-100406,London ON,Calgary AB,QuebecExpress,Express,General Freight,Gold,5,808.6,1783.8,0,1,12.15,-20.0,8.4,1.3,Rain,60.9,0.711,1,200.56,11.18,0
SHP-102928,Montreal QC,Sudbury ON,Contract Owner-Op,Standard,General Freight,Gold,12,1448.7,886.9,2,0,21.38,21.0,2.6,8.4,Clear,56.1,0.224,3,188.32,28.51,1
SHP-102077,Ottawa ON,Winnipeg MB,Contract Owner-Op,Express,General Freight,Bronze,11,694.7,604.8,2,0,11.62,-9.0,0.3,4.6,Clear,61.5,0.607,0,271.64,10.71,0
SHP-103431,Toronto ON,Toronto ON,Contract Owner-Op,Economy,Fragile,Bronze,10,772.7,861.0,1,0,12.7,14.0,1.0,8.7,Clear,38.3,0.497,1,123.27,12.59,0
SHP-102391,Mississauga ON,Toronto ON,QuebecExpress,Express,Refrigerated,Silver,5,190.5,2758.5,0,0,1.52,-0.0,13.9,5.5,Clear,54.0,0.536,3,160.73,1.51,0
SHP-102537,Ottawa ON,Montreal QC,NorthStar Carriers,Standard,Bulk,Silver,10,383.6,603.9,1,0,3.91,55.0,6.7,7.7,Fog,69.4,0.664,2,248.13,4.02,0
SHP-100897,Ottawa ON,Sudbury ON,Contract Owner-Op,Economy,Bulk,Bronze,5,681.2,1511.9,0,0,8.31,-10.0,7.6,4.5,Storm,50.6,0.481,2,,8.48,0
SHP-102126,Toronto ON,Quebec City QC,PrairieLine,Economy,Hazardous,Gold,5,451.7,581.6,2,0,7.06,-20.0,7.8,7.1,Snow,71.0,0.657,3,208.33,7.47,0
SHP-103608,Montreal QC,Toronto ON,MapleFreight Fleet,Standard,Hazardous,Silver,4,295.1,800.8,3,1,8.78,47.0,0.7,0.6,Snow,73.2,0.333,2,91.64,11.65,1
SHP-105932,Montreal QC,Toronto ON,Contract Owner-Op,Express,Bulk,Silver,6,1036.3,487.2,3,0,17.15,39.0,8.7,7.3,Clear,46.8,0.451,2,187.63,15.92,0
SHP-105310,Toronto ON,Winnipeg MB,PrairieLine,Standard,General Freight,Bronze,6,653.5,538.8,5,0,12.68,26.0,10.5,6.0,Rain,44.7,0.357,0,182.63,12.15,0
SHP-103352,London ON,Ottawa ON,QuebecExpress,Express,General Freight,Bronze,12,1292.9,1093.3,4,0,21.04,45.0,1.3,6.9,Rain,39.4,0.296,3,146.76,20.34,0
SHP-100073,Calgary AB,Calgary AB,Contract Owner-Op,Standard,General Freight,Silver,1,1096.4,933.8,1,0,15.8,60.0,2.9,2.5,Rain,43.9,0.945,4,203.33,18.86,1
SHP-105306,Calgary AB,Hamilton ON,MapleFreight Fleet,Standard,General Freight,Bronze,3,149.2,462.3,3,0,3.54,-20.0,4.1,1.0,Clear,50.6,0.11,1,222.74,3.39,0
SHP-100157,Mississauga ON,Toronto ON,MapleFreight Fleet,standard,General Freight,Silver,2,1378.2,2800.3,0,0,19.3,53.0,9.5,1.1,Clear,40.4,0.599,1,123.18,17.17,0
SHP-105026,Calgary AB,Ottawa ON,MapleFreight Fleet,Standard,General Freight,Bronze,7,285.8,503.8,2,0,6.88,6.0,0.7,5.0,Clear,95.2,0.336,0,179.97,6.97,0
SHP-100022,Toronto ON,Montreal QC,Contract Owner-Op,Standard,General Freight,Silver,10,599.2,2105.6,4,1,10.73,23.0,2.5,6.7,Rain,44.6,0.109,1,208.7,16.59,1
SHP-105860,Ottawa ON,Edmonton AB,MapleFreight Fleet,Economy,General Freight,Bronze,1,416.2,629.9,1,0,6.04,9.0,9.5,1.0,Storm,37.2,0.666,1,145.64,5.61,0
SHP-104645,Mississauga ON,Sudbury ON,NorthStar Carriers,Standard,Bulk,Bronze,2,173.9,1032.8,4,0,4.99,37.0,2.5,6.3,Clear,45.6,0.708,1,100.43,4.85,0
SHP-102910,Montreal QC,Edmonton AB,QuebecExpress,Economy,General Freight,Gold,9,1148.2,128.1,4,0,18.37,18.0,5.4,4.1,Storm,50.2,0.355,4,260.19,24.32,1
SHP-101466,Mississauga ON,Regina SK,NorthStar Carriers,Standard,General Freight,Silver,4,452.8,1254.6,2,0,7.44,-7.0,2.7,15.9,Clear,19.5,0.383,2,208.0,7.85,0
SHP-103813,Calgary AB,Toronto ON,MapleFreight Fleet,Standard,General Freight,Gold,12,514.5,481.7,5,0,9.32,20.0,6.0,5.8,Clear,39.0,0.852,2,142.46,8.73,0
SHP-105047,Toronto ON,Winnipeg MB,MapleFreight Fleet,Economy,Refrigerated,Bronze,6,433.6,3005.3,5,1,10.66,24.0,2.0,2.5,Snow,14.7,0.375,0,232.13,9.69,0
SHP-103888,Mississauga ON,Edmonton AB,Contract Owner-Op,Standard,Refrigerated,Bronze,12,762.5,378.2,1,0,9.54,26.0,3.4,3.8,Rain,59.3,0.0,1,156.95,8.74,0
SHP-101759,London ON,Edmonton AB,MapleFreight Fleet,Standard,General Freight,Silver,10,626.0,430.2,4,0,10.98,-16.0,25.1,7.9,Clear,,0.566,1,88.33,10.95,0
SHP-103235,Toronto ON,Winnipeg MB,MapleFreight Fleet,Standard,General Freight,Silver,10,952.1,1526.2,1,1,12.67,51.0,14.2,2.3,Clear,49.0,0.456,1,,12.06,0
SHP-103158,Winnipeg MB,Toronto ON,MapleFreight Fleet,Standard,General Freight,Silver,10,436.8,1477.9,3,0,8.49,33.0,8.5,7.8,Clear,45.0,0.467,1,119.39,8.31,0
SHP-102397,Toronto ON,Sudbury ON,PrairieLine,Standard,Bulk,Gold,4,668.0,2150.7,5,0,13.62,-3.0,10.6,12.6,Rain,44.7,0.514,2,118.45,12.21,0
SHP-101924,Montreal QC,Hamilton ON,MapleFreight Fleet,Standard,General Freight,Bronze,6,800.1,548.4,0,0,9.33,-20.0,3.5,5.8,Clear,65.9,0.362,0,194.83,8.71,0
SHP-102289,Montreal QC,Regina SK,Contract Owner-Op,Express,General Freight,Silver,7,412.6,1679.8,2,0,6.47,7.0,,0.5,Rain,44.2,0.291,3,43.31,6.19,0
SHP-100745,Calgary AB,Toronto ON,MapleFreight Fleet,Express,General Freight,Gold,12,737.3,840.5,2,0,11.45,34.0,30.1,4.7,Storm,69.4,0.204,2,95.12,11.2,0
SHP-105100,Ottawa ON,Winnipeg MB,Contract Owner-Op,Economy,Refrigerated,Bronze,9,803.3,310.4,3,0,13.6,-20.0,8.1,5.3,Clear,20.3,0.17,0,229.5,12.03,0
SHP-102742,Mississauga ON,Ottawa ON,MapleFreight Fleet,Standard,General Freight,Silver,5,997.1,640.9,3,0,15.69,51.0,17.1,2.3,Clear,57.4,0.44,1,211.96,15.22,0
SHP-102248,Calgary AB,Montreal QC,Contract Owner-Op,Express,Fragile,Gold,1,811.9,987.3,2,0,11.25,18.0,0.6,4.5,Snow,55.3,0.236,1,171.09,10.92,0
SHP-105864,Winnipeg MB,Sudbury ON,MapleFreight Fleet,Standard,Refrigerated,Bronze,4,367.4,207.4,3,0,5.72,-7.0,11.2,1.4,Clear,34.4,0.359,1,234.99,5.82,0
SHP-101372,Winnipeg MB,Ottawa ON,MapleFreight Fleet,Standard,Bulk,Silver,4,729.6,1076.6,0,0,10.35,-20.0,0.7,3.9,Clear,60.2,0.413,1,87.91,10.38,0
SHP-105872,Mississauga ON,Montreal QC,PrairieLine,Express,Hazardous,Silver,4,591.9,974.5,3,0,10.03,40.0,5.2,3.5,Clear,28.8,0.504,1,228.3,9.82,0
SHP-102149,Montreal QC,Sudbury ON,MapleFreight Fleet,Economy,Bulk,Silver,12,99.7,167.7,2,0,2.6,27.0,4.5,1.9,Clear,51.6,0.646,0,170.04,2.3,0
SHP-105918,Ottawa ON,Edmonton AB,PrairieLine,Standard,Refrigerated,Silver,8,329.1,1356.4,2,0,7.0,12.0,7.8,3.7,Snow,67.0,0.628,0,176.54,6.33,0
SHP-105272,London ON,Hamilton ON,MapleFreight Fleet,Economy,Fragile,Gold,10,522.8,2235.2,1,0,8.42,26.0,7.4,4.7,Fog,70.2,0.186,2,230.33,7.52,0
SHP-105112,Montreal QC,Toronto ON,MapleFreight Fleet,Express,General Freight,Silver,12,82.4,761.9,4,0,3.95,5.0,6.9,3.9,Clear,75.3,0.208,2,133.52,3.86,0
SHP-104907,London ON,Hamilton ON,MapleFreight Fleet,Economy,General Freight,Bronze,1,394.0,1282.3,4,0,9.67,16.0,7.4,1.6,Clear,27.3,0.615,3,91.86,9.96,0
SHP-104890,Calgary AB,Sudbury ON,MapleFreight Fleet,Standard,General Freight,Gold,2,460.0,2081.1,0,0,5.44,46.0,7.2,11.7,Clear,38.7,0.392,0,30.0,5.62,0
SHP-103989,Toronto ON,Winnipeg MB,MapleFreight Fleet,Standard,Bulk,Bronze,5,580.5,1696.7,0,0,7.97,-17.0,6.3,6.6,Clear,77.4,0.643,2,144.72,7.51,0
SHP-105609,London ON,Quebec City QC,PrairieLine,Standard,General Freight,Bronze,4,1072.7,1918.0,4,0,16.23,89.0,1.2,2.8,Clear,23.5,0.53,3,256.64,14.4,0
SHP-105027,Montreal QC,Toronto ON,Contract Owner-Op,Economy,Fragile,Bronze,4,558.0,1404.5,5,0,12.98,-20.0,8.6,5.6,Rain,65.3,0.405,2,230.51,13.5,0
SHP-105878,Toronto ON,Toronto ON,MapleFreight Fleet,Standard,Bulk,Bronze,8,580.2,575.4,4,0,11.36,11.0,12.9,3.5,Fog,60.3,0.319,1,242.13,10.51,0
SHP-103473,Montreal QC,Montreal QC,MapleFreight Fleet,Economy,Bulk,Silver,7,343.5,1268.1,3,0,7.48,17.0,3.3,0.3,Snow,45.2,0.487,3,170.85,7.91,0
SHP-102174,Montreal QC,Winnipeg MB,MapleFreight Fleet,Economy,General Freight,Bronze,11,571.5,1934.1,3,0,10.88,30.0,14.5,7.3,Snow,80.0,0.332,0,97.17,13.16,1
SHP-103743,Toronto ON,Toronto ON,QuebecExpress,Express,General Freight,Gold,1,411.2,1930.4,2,1,5.7,35.0,11.0,12.7,Storm,72.2,0.742,1,182.32,8.25,1
SHP-101162,Montreal QC,Montreal QC,QuebecExpress,Express,General Freight,Bronze,8,761.6,433.1,5,0,13.6,22.0,0.5,2.6,Rain,52.2,0.549,2,43.33,15.4,1
SHP-101863,Montreal QC,Calgary AB,MapleFreight Fleet,Standard,Hazardous,Silver,1,1713.1,1416.3,4,0,25.59,-20.0,11.1,4.2,Clear,62.4,0.0,3,169.68,23.71,0
SHP-105264,Toronto ON,Calgary AB,PrairieLine,Standard,Refrigerated,Silver,8,718.2,1283.7,3,0,11.93,-20.0,1.5,12.5,Clear,72.9,0.577,1,227.01,10.71,0
SHP-104678,Mississauga ON,Regina SK,MapleFreight Fleet,Standard,General Freight,Silver,2,684.4,512.3,0,1,9.62,31.0,6.3,8.7,Clear,33.4,0.142,0,199.86,12.5,1
SHP-100433,Montreal QC,Ottawa ON,MapleFreight Fleet,Standard,Bulk,Gold,9,1331.1,2557.7,0,0,18.18,20.0,1.2,9.6,Snow,27.1,0.585,0,213.73,18.28,0
SHP-105421,Mississauga ON,Quebec City QC,MapleFreight Fleet,Economy,Fragile,Gold,5,977.8,1028.8,1,0,13.23,-8.0,1.6,2.8,Clear,48.8,0.087,1,205.82,13.52,0
SHP-101936,Calgary AB,Edmonton AB,MapleFreight Fleet,Standard,General Freight,Bronze,4,629.0,311.7,0,0,9.26,45.0,6.3,7.0,Snow,50.7,0.536,0,82.43,9.32,0
SHP-102616,Calgary AB,Calgary AB,MapleFreight Fleet,Express,General Freight,Bronze,5,345.0,823.7,2,1,5.41,-20.0,4.1,3.3,Storm,49.7,0.203,2,188.22,5.32,0
SHP-103470,Ottawa ON,Edmonton AB,MapleFreight Fleet,Standard,Bulk,Silver,8,651.9,1754.7,0,0,8.22,25.0,12.8,12.9,Snow,65.1,0.37,1,131.26,9.77,1
SHP-102507,London ON,Toronto ON,NorthStar Carriers,Economy,Hazardous,Silver,10,338.3,1306.5,2,0,7.06,56.0,2.2,3.2,Snow,100.0,0.366,1,,6.39,0
SHP-103642,Ottawa ON,Ottawa ON,Contract Owner-Op,Express,Refrigerated,Gold,2,357.1,899.6,0,1,6.22,0.0,19.6,2.1,Rain,68.3,0.428,1,223.71,5.81,0
SHP-100137,London ON,Quebec City QC,MapleFreight Fleet,Express,General Freight,Silver,10,347.7,574.7,2,0,5.36,96.0,4.0,3.2,Rain,38.8,0.327,1,130.72,5.15,0
SHP-101738,London ON,Edmonton AB,MapleFreight Fleet,Economy,Fragile,Silver,12,253.5,1774.3,0,0,4.4,-20.0,,3.4,Clear,68.9,0.352,2,228.09,4.42,0
SHP-100976,Calgary AB,Calgary AB,PrairieLine,Economy,Bulk,Bronze,11,350.4,1195.9,2,0,6.17,65.0,7.6,8.2,Snow,59.0,0.19,1,185.46,5.94,0
SHP-104401,Mississauga ON,Winnipeg MB,MapleFreight Fleet,Economy,General Freight,Bronze,6,583.4,171.2,4,1,9.04,-14.0,9.4,3.9,Clear,36.8,0.094,2,124.43,9.04,0
SHP-104809,Montreal QC,Calgary AB,Contract Owner-Op,Standard,General Freight,Gold,10,747.1,1750.7,5,1,14.78,-4.0,5.2,6.3,Storm,41.0,0.907,4,167.25,18.22,1
SHP-102062,Ottawa ON,Quebec City QC,PrairieLine,Standard,General Freight,Bronze,7,771.8,1094.9,5,0,14.76,4.0,5.9,10.7,Fog,44.5,0.279,1,168.4,13.37,0
SHP-105629,Toronto ON,Toronto ON,MapleFreight Fleet,Express,General Freight,Gold,7,712.9,1642.5,5,0,13.82,-5.0,8.7,10.0,Rain,51.7,0.682,2,159.64,13.82,0
SHP-103730,London ON,Edmonton AB,PrairieLine,Standard,General Freight,Bronze,2,756.6,680.6,4,0,13.78,18.0,7.8,3.2,Snow,20.6,0.226,0,147.29,13.59,0
SHP-104385,Calgary AB,Hamilton ON,PrairieLine,Express,General Freight,Silver,5,1150.3,229.9,0,0,17.34,4.0,3.4,9.8,Clear,48.9,0.469,3,83.2,15.53,0
SHP-100602,Winnipeg MB,Winnipeg MB,QuebecExpress,Economy,Refrigerated,Bronze,1,637.7,1992.3,2,0,11.72,-20.0,2.9,2.3,Rain,54.3,0.419,3,83.0,11.3,0
SHP-101024,Montreal QC,Edmonton AB,NorthStar Carriers,Economy,Fragile,Silver,9,928.5,141.7,4,1,15.1,-20.0,6.1,6.5,Clear,69.3,0.559,0,229.39,15.67,0
SHP-102275,Winnipeg MB,Regina SK,NorthStar Carriers,Economy,Bulk,Silver,1,1062.0,110.9,1,1,15.89,-20.0,3.5,3.5,Clear,34.8,0.334,0,248.06,16.7,0
SHP-102473,Winnipeg MB,Winnipeg MB,NorthStar Carriers,Standard,General Freight,Silver,8,787.8,1745.3,1,0,10.32,-15.0,9.8,3.0,Clear,38.1,0.909,2,304.14,9.19,0
SHP-102016,Calgary AB,Regina SK,PrairieLine,Standard,General Freight,Silver,8,376.2,767.4,0,1,4.81,19.0,0.9,5.0,Rain,65.3,0.35,0,171.79,4.8,0
SHP-103444,Calgary AB,Hamilton ON,PrairieLine,Express,General Freight,Silver,11,555.8,635.6,1,0,10.94,58.0,4.7,17.0,Fog,32.8,0.491,0,181.38,9.88,0
SHP-100241,Mississauga ON,Regina SK,PrairieLine,Express,Fragile,Gold,7,925.0,739.4,4,0,16.38,-20.0,9.4,5.2,Snow,49.1,0.604,0,246.63,14.69,0
SHP-103413,Ottawa ON,Ottawa ON,PrairieLine,Standard,Bulk,Silver,6,572.8,476.0,1,0,9.51,14.0,6.9,2.2,Clear,72.8,0.479,2,173.87,9.29,0
SHP-100722,Calgary AB,Montreal QC,MapleFreight Fleet,Economy,General Freight,Bronze,6,301.1,1375.3,0,0,3.42,-2.0,9.7,2.4,Rain,77.8,0.239,1,210.31,3.28,0
SHP-101429,Toronto ON,Calgary AB,NorthStar Carriers,Express,General Freight,Bronze,10,237.8,448.3,5,0,6.89,66.0,7.6,5.4,Rain,45.8,0.504,0,226.94,6.61,0
SHP-100726,Toronto ON,Regina SK,NorthStar Carriers,Economy,Fragile,Bronze,4,303.9,907.3,0,0,5.45,7.0,7.1,2.2,Clear,42.2,0.182,0,162.5,5.62,0
SHP-101696,Toronto ON,Quebec City QC,MapleFreight Fleet,Express,General Freight,Silver,11,925.1,2157.0,3,0,15.24,-7.0,11.9,3.6,Rain,35.7,0.172,1,270.24,15.79,0
SHP-104633,Winnipeg MB,Regina SK,PrairieLine,Express,General Freight,Bronze,11,518.1,645.9,0,0,8.38,-20.0,2.1,0.7,Clear,19.8,0.462,0,128.29,8.81,0
SHP-104991,Toronto ON,Regina SK,MapleFreight Fleet,Standard,Fragile,Silver,4,286.6,964.7,0,0,4.6,-20.0,16.4,5.9,Storm,72.8,0.312,2,139.44,4.2,0
SHP-102620,Toronto ON,Edmonton AB,NorthStar Carriers,Economy,Hazardous,Bronze,12,439.4,376.7,4,1,8.12,52.0,15.9,1.0,Snow,41.0,0.635,1,98.05,7.23,0
SHP-100178,Calgary AB,Regina SK,NorthStar Carriers,Standard,Bulk,Silver,1,1056.9,1338.0,2,0,15.22,13.0,3.7,4.1,Clear,54.4,0.772,3,227.25,14.69,0
SHP-103351,Winnipeg MB,Quebec City QC,MapleFreight Fleet,Standard,Bulk,Gold,1,251.8,1795.1,5,1,7.6,-12.0,9.1,3.0,Clear,62.2,0.349,0,210.43,7.14,0
SHP-102456,Mississauga ON,Edmonton AB,NorthStar Carriers,Standard,Refrigerated,Silver,2,702.4,539.4,2,0,12.07,-0.0,8.0,7.7,Rain,59.3,0.252,0,181.4,10.97,0
SHP-103660,Calgary AB,Toronto ON,MapleFreight Fleet,Standard,General Freight,Gold,8,178.8,1109.0,3,0,4.35,84.0,4.4,8.0,Rain,44.7,0.31,1,250.07,4.55,0
SHP-100454,Ottawa ON,Quebec City QC,NorthStar Carriers,Express,Fragile,Silver,8,526.7,582.3,3,0,8.12,27.0,2.1,13.7,Fog,42.8,0.219,1,296.26,8.22,0
SHP-104664,Montreal QC,Regina SK,MapleFreight Fleet,Standard,Refrigerated,Silver,4,224.5,545.5,3,0,6.31,34.0,10.0,4.5,Clear,61.8,0.118,0,155.88,5.67,0
SHP-100101,London ON,Montreal QC,PrairieLine,Standard,Refrigerated,Bronze,2,527.4,1165.0,1,0,8.35,7.0,16.2,2.0,Clear,61.7,0.053,0,232.14,8.1,0
SHP-100895,Toronto ON,Edmonton AB,Contract Owner-Op,Standard,General Freight,Bronze,6,646.3,707.5,4,0,13.19,37.0,3.1,3.7,Clear,50.2,0.278,0,185.45,12.53,0
SHP-102223,Toronto ON,Ottawa ON,NorthStar Carriers,Express,General Freight,Bronze,12,287.4,589.9,2,0,5.94,57.0,8.3,6.8,Snow,55.4,0.546,1,126.32,8.69,1
SHP-104860,Montreal QC,Hamilton ON,Contract Owner-Op,Standard,General Freight,Bronze,7,298.1,468.7,3,0,8.44,47.0,2.8,19.3,Clear,77.6,0.634,1,143.36,8.57,0
SHP-105371,Calgary AB,Hamilton ON,MapleFreight Fleet,Standard,Refrigerated,Bronze,10,526.8,816.5,2,0,8.0,27.0,15.5,9.1,Snow,47.3,0.664,0,171.08,8.17,0
SHP-101312,Ottawa ON,Toronto ON,MapleFreight Fleet,Express,General Freight,Gold,10,741.0,187.5,3,0,13.71,37.0,2.4,2.5,Clear,51.0,0.362,0,253.33,14.46,0
SHP-103526,Winnipeg MB,Toronto ON,MapleFreight Fleet,Express,General Freight,Silver,2,301.2,1083.1,3,0,6.94,34.0,8.5,5.1,Rain,62.1,0.706,2,267.68,6.13,0
SHP-100959,Montreal QC,Hamilton ON,MapleFreight Fleet,Standard,Fragile,Bronze,6,190.2,1150.5,5,0,4.67,2.0,13.7,3.6,Clear,53.0,0.496,0,242.17,4.19,0
SHP-100832,Mississauga ON,Regina SK,PrairieLine,Standard,General Freight,Bronze,8,430.0,495.3,0,0,6.47,61.0,2.8,7.5,Rain,48.6,0.279,0,222.91,6.66,0
SHP-105898,Ottawa ON,Sudbury ON,PrairieLine,Express,Bulk,Silver,2,653.5,949.4,2,0,10.0,-19.0,0.7,6.9,Clear,70.7,0.351,0,107.42,9.41,0
SHP-101448,London ON,Regina SK,MapleFreight Fleet,Standard,Bulk,Silver,11,379.8,1051.6,1,0,6.15,-20.0,2.9,2.1,Clear,69.1,0.446,0,156.38,6.34,0
SHP-103396,Montreal QC,Ottawa ON,MapleFreight Fleet,Standard,Refrigerated,Silver,4,732.8,824.2,0,0,9.9,31.0,13.5,0.9,Clear,47.4,0.529,2,221.49,9.72,0
SHP-100059,London ON,Regina SK,QuebecExpress,Express,Fragile,Gold,2,1040.5,944.8,4,0,18.4,14.0,13.6,3.2,Snow,23.6,0.551,2,313.27,23.21,1
SHP-105016,Winnipeg MB,Edmonton AB,NorthStar Carriers,Standard,Fragile,Silver,1,991.6,252.1,4,0,16.78,21.0,2.3,4.9,Rain,49.5,0.308,2,188.43,19.35,1
SHP-105433,Toronto ON,Ottawa ON,QuebecExpress,Express,General Freight,Silver,12,935.7,999.0,5,0,15.83,7.0,9.8,1.6,Rain,53.4,0.369,2,117.48,15.33,0
SHP-103781,Calgary AB,Toronto ON,PrairieLine,Economy,Hazardous,Bronze,8,579.4,411.5,5,0,11.94,-9.0,4.7,2.8,Rain,51.5,0.487,0,310.22,12.02,0
SHP-105845,Toronto ON,Winnipeg MB,MapleFreight Fleet,Standard,Refrigerated,Bronze,2,331.8,329.7,1,0,5.87,119.0,3.4,9.0,Clear,55.9,0.382,1,202.33,5.63,0
SHP-101185,Calgary AB,Toronto ON,PrairieLine,Standard,Fragile,Gold,5,564.3,1966.9,1,0,10.73,21.0,3.3,5.8,Clear,42.8,0.444,1,159.53,10.68,0
SHP-102775,Montreal QC,Hamilton ON,PrairieLine,Standard,General Freight,Silver,5,1043.7,679.1,2,0,15.93,-20.0,8.3,6.8,Snow,35.9,0.285,2,243.9,14.75,0
SHP-102698,Toronto ON,Calgary AB,NorthStar Carriers,Standard,General Freight,Bronze,2,581.2,34.1,1,0,8.04,-20.0,0.4,0.7,Storm,47.8,0.532,2,210.82,8.39,0
SHP-101636,Toronto ON,Calgary AB,PrairieLine,Standard,Refrigerated,Gold,6,482.0,1233.2,2,0,7.17,10.0,9.1,2.4,Rain,48.0,0.16,1,235.96,6.89,0
SHP-102007,Ottawa ON,Edmonton AB,MapleFreight Fleet,Economy,General Freight,Gold,3,341.7,1126.2,0,0,5.74,11.0,1.8,6.9,Rain,22.0,0.336,2,91.4,5.54,0
SHP-104790,Montreal QC,Ottawa ON,MapleFreight Fleet,Standard,General Freight,Silver,7,1028.8,635.1,1,0,13.37,78.0,11.0,1.8,Clear,15.7,0.442,0,53.89,12.51,0
SHP-103531,Toronto ON,Hamilton ON,Contract Owner-Op,Standard,General Freight,Silver,12,186.0,1178.6,5,0,3.27,-20.0,2.5,7.2,Clear,,0.298,1,159.0,3.32,0
SHP-100301,Ottawa ON,Edmonton AB,MapleFreight Fleet,Economy,Bulk,Silver,8,442.9,2400.5,1,0,6.01,25.0,1.7,7.6,Snow,62.2,0.449,3,241.7,7.84,1
SHP-105559,Toronto ON,Montreal QC,QuebecExpress,Standard,General Freight,Silver,5,719.2,298.3,5,0,15.05,-18.0,6.8,6.5,Clear,97.1,0.506,1,146.36,20.52,1
SHP-101026,Toronto ON,Montreal QC,QuebecExpress,Standard,Hazardous,Gold,4,801.6,499.4,5,0,13.91,37.0,9.1,4.5,Clear,66.9,0.513,2,199.87,19.56,1
SHP-104124,Montreal QC,Quebec City QC,QuebecExpress,Standard,Refrigerated,Silver,4,170.6,508.1,3,0,5.77,40.0,20.9,4.8,Snow,56.3,0.279,1,227.4,5.71,0
SHP-102763,Ottawa ON,Winnipeg MB,QuebecExpress,Standard,Fragile,Silver,1,1146.5,368.4,0,0,15.5,-13.0,2.4,12.9,Clear,44.5,0.642,1,164.26,21.81,1
SHP-102029,Montreal QC,Toronto ON,NorthStar Carriers,Standard,General Freight,Silver,1,472.5,480.6,2,0,9.34,-20.0,6.9,3.5,Snow,38.9,0.578,0,,9.26,0
SHP-103695,Toronto ON,Winnipeg MB,MapleFreight Fleet,Economy,General Freight,Bronze,3,1271.2,1847.4,3,0,19.91,56.0,2.2,3.2,Rain,72.7,0.223,2,160.51,23.0,1
SHP-100049,Montreal QC,Edmonton AB,PrairieLine,Standard,Hazardous,Silver,1,968.8,779.6,1,0,14.56,26.0,3.0,5.0,Rain,42.4,0.291,0,213.05,14.64,0
SHP-102389,London ON,Winnipeg MB,MapleFreight Fleet,Economy,Fragile,Bronze,3,726.5,655.3,1,0,8.16,44.0,2.8,4.8,Clear,53.3,0.44,0,173.14,8.53,0
SHP-102960,Montreal QC,Montreal QC,NorthStar Carriers,Standard,General Freight,Silver,8,1309.8,1072.1,0,0,18.81,23.0,4.0,2.9,Clear,78.2,0.265,1,170.01,17.46,0
SHP-104368,Toronto ON,Edmonton AB,PrairieLine,Standard,Hazardous,Gold,10,1384.3,628.7,3,0,21.14,33.0,7.2,2.4,Clear,48.5,0.653,2,191.14,26.68,1
SHP-102098,Calgary AB,Winnipeg MB,Contract Owner-Op,Standard,General Freight,Silver,9,987.9,1712.8,2,0,15.53,45.0,14.4,13.5,Clear,40.0,0.491,2,177.41,15.39,0
SHP-100167,Montreal QC,Regina SK,QuebecExpress,Standard,General Freight,Bronze,5,801.8,1165.0,1,0,12.02,33.0,4.4,2.0,Fog,61.9,0.624,3,220.9,12.05,0
SHP-102519,Toronto ON,Winnipeg MB,MapleFreight Fleet,Standard,Bulk,Bronze,8,393.1,878.3,5,0,8.33,8.0,8.4,1.9,Clear,49.2,0.472,1,79.2,8.43,0
SHP-102738,Mississauga ON,Winnipeg MB,NorthStar Carriers,Standard,Refrigerated,Silver,2,551.9,1010.6,5,0,11.88,71.0,2.0,4.4,Clear,32.4,0.089,2,262.76,10.81,0
SHP-105043,Ottawa ON,Quebec City QC,NorthStar Carriers,Standard,Bulk,Silver,7,412.3,578.0,0,0,6.37,35.0,0.7,6.1,Rain,54.6,0.21,1,134.77,6.44,0
SHP-104891,Montreal QC,Toronto ON,MapleFreight Fleet,Express,Fragile,Silver,10,632.4,896.1,2,0,7.1,1.0,6.8,5.5,Clear,64.9,0.256,0,117.2,6.36,0
SHP-101693,Mississauga ON,Toronto ON,PrairieLine,Standard,Bulk,Silver,4,890.9,541.4,0,0,13.48,31.0,3.6,0.7,Storm,57.4,0.853,2,153.17,16.71,1
SHP-105202,Ottawa ON,Quebec City QC,PrairieLine,Economy,General Freight,Silver,5,278.4,1558.4,3,0,5.42,40.0,9.2,3.8,Clear,50.4,0.663,1,203.22,5.26,0
SHP-104702,Toronto ON,Regina SK,NorthStar Carriers,Standard,General Freight,Gold,10,614.2,806.4,0,0,7.98,43.0,9.6,6.0,Clear,46.3,0.796,1,228.42,7.64,0
SHP-105082,Toronto ON,Montreal QC,PrairieLine,Express,General Freight,Bronze,7,293.5,875.3,4,0,7.37,74.0,7.3,7.0,Clear,63.8,0.273,1,158.87,11.67,1
SHP-104022,Toronto ON,Ottawa ON,MapleFreight Fleet,Economy,Bulk,Silver,1,672.0,237.1,2,1,11.28,-20.0,21.3,6.5,Storm,39.3,0.471,0,220.76,10.95,0
SHP-102267,Mississauga ON,Edmonton AB,NorthStar Carriers,Standard,General Freight,Gold,6,907.3,502.6,5,0,16.8,53.0,2.8,4.7,Rain,56.5,0.595,1,178.53,16.71,0
SHP-101271,Ottawa ON,Ottawa ON,NorthStar Carriers,Standard,General Freight,Silver,10,546.7,1059.8,5,0,10.37,0.0,1.4,9.4,Snow,66.7,0.233,0,234.61,15.24,1
SHP-101932,Toronto ON,Quebec City QC,Contract Owner-Op,Economy,Bulk,Silver,2,158.4,693.6,5,1,4.1,-19.0,6.1,4.3,Clear,37.2,0.393,0,221.64,3.97,0
SHP-102014,Winnipeg MB,Regina SK,MapleFreight Fleet,Economy,Fragile,Silver,9,511.6,1256.6,3,0,10.58,-2.0,4.4,5.2,Clear,67.1,0.233,0,262.97,9.87,0
SHP-105140,Winnipeg MB,Toronto ON,MapleFreight Fleet,Express,General Freight,Silver,7,447.3,555.3,5,0,9.8,24.0,4.0,1.6,Clear,31.5,0.675,0,294.67,8.79,0
SHP-102653,Toronto ON,Sudbury ON,Contract Owner-Op,Standard,General Freight,Bronze,1,398.2,777.3,5,0,10.62,-20.0,10.9,0.7,Snow,60.2,0.0,3,222.76,13.09,1
SHP-100945,Toronto ON,Montreal QC,PrairieLine,Express,General Freight,Silver,2,985.3,685.1,0,0,13.3,-18.0,8.9,6.6,Fog,82.9,0.725,0,225.42,13.66,0
SHP-104888,Toronto ON,Hamilton ON,NorthStar Carriers,Standard,General Freight,Bronze,1,614.4,350.0,4,0,10.0,44.0,4.7,6.2,Snow,73.9,0.218,1,194.47,13.52,1
SHP-102984,Calgary AB,Toronto ON,NorthStar Carriers,Standard,Hazardous,Bronze,9,652.7,820.9,0,0,8.55,33.0,11.9,3.6,Clear,39.0,0.266,1,133.17,9.01,0
SHP-102516,Toronto ON,Regina SK,MapleFreight Fleet,Standard,General Freight,Silver,2,559.3,935.6,4,0,11.45,101.0,2.0,3.2,Snow,56.7,0.396,0,267.18,10.59,0
SHP-105236,Calgary AB,Hamilton ON,MapleFreight Fleet,Standard,Fragile,Gold,3,572.5,656.5,4,0,10.32,31.0,3.1,5.2,Clear,57.2,0.396,1,187.3,10.91,0
SHP-104158,Calgary AB,Quebec City QC,NorthStar Carriers,Express,General Freight,Gold,5,240.5,762.1,1,0,4.47,-2.0,8.4,4.6,Rain,51.2,0.978,2,94.21,3.99,0
SHP-105495,Ottawa ON,Toronto ON,Contract Owner-Op,Standard,Refrigerated,Bronze,3,1211.9,846.0,2,0,17.69,46.0,8.0,12.9,Clear,67.7,0.748,3,218.99,22.03,1
SHP-103193,Winnipeg MB,Toronto ON,QuebecExpress,Economy,General Freight,Silver,6,206.9,600.3,1,0,3.2,4.0,8.0,3.2,Clear,52.4,0.58,1,144.62,2.84,0
SHP-100799,Winnipeg MB,Toronto ON,QuebecExpress,Standard,General Freight,Bronze,12,411.8,537.4,4,0,11.28,50.0,7.3,1.4,Clear,47.3,0.525,1,186.16,11.72,0
SHP-102421,Mississauga ON,Ottawa ON,NorthStar Carriers,Express,General Freight,Bronze,10,281.3,827.1,4,0,8.15,44.0,3.7,2.4,Clear,66.0,0.267,1,209.45,8.15,0
SHP-105083,Ottawa ON,Regina SK,MapleFreight Fleet,Express,Bulk,Gold,4,640.1,283.7,3,0,11.51,53.0,0.4,4.6,Clear,68.3,0.225,1,87.33,11.52,0
SHP-102032,Toronto ON,Montreal QC,MapleFreight Fleet,Economy,General Freight,Bronze,2,809.2,663.8,1,0,11.08,81.0,1.8,9.6,Clear,61.6,0.473,0,313.5,11.19,0
SHP-102044,Montreal QC,Toronto ON,QuebecExpress,Express,Fragile,Gold,12,559.5,516.6,2,0,7.85,52.0,12.7,6.8,Clear,83.1,0.537,1,155.4,8.14,0
SHP-103714,Ottawa ON,Quebec City QC,MapleFreight Fleet,Economy,Bulk,Silver,12,834.5,592.3,5,0,14.62,45.0,2.0,6.6,Clear,52.6,0.508,1,261.94,14.83,0
SHP-104938,Toronto ON,Ottawa ON,MapleFreight Fleet,Economy,Fragile,Gold,5,837.7,399.7,4,0,13.26,42.0,7.3,4.5,Snow,34.0,0.368,5,207.57,16.29,1
SHP-100443,Toronto ON,Toronto ON,MapleFreight Fleet,Express,General Freight,Silver,8,795.4,1578.3,0,0,9.11,58.0,7.8,6.8,Clear,61.4,0.589,1,138.99,9.31,0
SHP-100561,Montreal QC,Toronto ON,NorthStar Carriers,Standard,Refrigerated,Bronze,12,375.2,853.4,0,0,6.21,18.0,1.4,5.0,Clear,47.5,0.266,0,145.85,5.6,0
SHP-102056,Ottawa ON,Quebec City QC,Contract Owner-Op,Express,General Freight,Silver,4,725.9,620.1,2,0,12.11,-7.0,3.7,3.4,Clear,51.6,0.605,0,,11.27,0
SHP-105388,Toronto ON,Calgary AB,Contract Owner-Op,Express,Fragile,Silver,11,646.5,795.8,5,0,12.48,-20.0,3.2,4.5,Clear,42.8,0.361,2,136.0,13.21,0
SHP-102945,Montreal QC,Regina SK,MapleFreight Fleet,Standard,Hazardous,Bronze,11,676.7,263.6,1,0,8.56,-20.0,1.3,4.3,Clear,40.6,0.527,3,260.38,8.22,0
SHP-105840,Toronto ON,Edmonton AB,MapleFreight Fleet,Standard,General Freight,Silver,5,307.3,628.0,2,0,6.85,44.0,5.4,3.4,Clear,50.0,0.474,2,257.64,6.14,0
SHP-100931,Mississauga ON,Montreal QC,MapleFreight Fleet,Standard,General Freight,Bronze,3,455.9,1059.7,2,0,8.98,13.0,1.4,5.5,Clear,70.9,0.33,3,182.61,9.37,0
SHP-105607,Mississauga ON,Quebec City QC,QuebecExpress,Standard,Bulk,Bronze,4,1208.6,533.1,1,0,18.38,27.0,5.3,5.5,Clear,67.1,0.267,2,240.2,17.03,0
SHP-100456,Mississauga ON,Regina SK,MapleFreight Fleet,Standard,General Freight,Bronze,3,680.4,1092.0,1,0,10.05,15.0,1.0,7.2,Clear,65.0,0.47,0,,9.93,0
SHP-105003,Montreal QC,Toronto ON,NorthStar Carriers,Standard,General Freight,Bronze,2,789.4,622.1,0,0,9.82,-20.0,5.1,2.2,Clear,47.9,0.38,1,195.2,9.49,0
SHP-104030,Mississauga ON,Hamilton ON,Contract Owner-Op,Express,Fragile,Silver,9,585.5,736.6,2,0,10.54,46.0,7.5,1.5,Clear,95.9,0.821,1,215.1,9.5,0
SHP-103970,Calgary AB,Regina SK,PrairieLine,Standard,General Freight,Silver,3,703.1,1218.9,1,0,9.65,-12.0,,6.0,Clear,56.0,0.299,0,157.58,8.79,0
SHP-101765,Toronto ON,Sudbury ON,NorthStar Carriers,standard,Fragile,Gold,5,523.9,478.0,2,0,7.55,42.0,2.4,9.3,Fog,62.7,0.912,0,240.11,9.24,1
SHP-105895,Toronto ON,Calgary AB,MapleFreight Fleet,Standard,Bulk,Gold,3,1028.1,1808.6,0,0,13.66,-20.0,5.5,7.3,Clear,52.6,0.359,0,94.48,13.82,0
SHP-103223,Montreal QC,Regina SK,QuebecExpress,Standard,Bulk,Silver,2,238.1,1906.4,0,0,2.99,43.0,7.9,2.3,Fog,68.5,0.547,2,142.57,2.98,0
SHP-105474,Mississauga ON,Sudbury ON,PrairieLine,Express,General Freight,Bronze,4,692.2,409.5,4,0,12.73,-20.0,6.8,5.9,,36.5,0.627,0,309.05,12.15,0
SHP-105633,Montreal QC,Toronto ON,NorthStar Carriers,Standard,General Freight,Silver,6,685.0,595.2,2,0,10.22,3.0,6.5,5.6,Clear,54.1,0.2,2,232.27,10.3,0
SHP-103971,Calgary AB,Hamilton ON,PrairieLine,Standard,Hazardous,Silver,11,638.2,667.3,1,0,9.82,19.0,17.7,6.9,Snow,26.6,0.648,3,349.51,10.35,0
SHP-100830,Mississauga ON,Winnipeg MB,NorthStar Carriers,Express,General Freight,Bronze,10,620.4,312.9,2,1,10.78,95.0,6.4,4.9,Clear,37.4,0.192,1,168.08,10.72,0
SHP-104261,Mississauga ON,Montreal QC,PrairieLine,Standard,General Freight,Silver,3,762.0,458.9,5,0,12.34,42.0,7.0,2.0,Rain,76.1,0.455,0,283.28,17.62,1
SHP-103558,Montreal QC,Ottawa ON,MapleFreight Fleet,Standard,Bulk,Bronze,11,334.6,353.1,3,0,8.24,-20.0,1.2,2.0,Clear,56.3,0.394,0,157.08,7.32,0
SHP-101391,Winnipeg MB,Sudbury ON,Contract Owner-Op,Economy,Refrigerated,Bronze,8,529.4,499.1,1,0,6.41,23.0,8.3,4.0,Clear,60.5,0.39,1,209.76,6.43,0
SHP-104517,Montreal QC,Edmonton AB,QuebecExpress,Express,Bulk,Silver,7,269.2,1084.4,5,0,6.46,-20.0,3.4,9.6,Rain,51.6,0.696,4,133.38,5.75,0
SHP-100247,Toronto ON,Edmonton AB,MapleFreight Fleet,Express,General Freight,Silver,6,239.3,1331.7,3,0,7.61,36.0,2.0,3.5,Clear,26.6,0.416,0,145.33,7.65,0
SHP-103679,Ottawa ON,Ottawa ON,MapleFreight Fleet,Economy,General Freight,Silver,5,667.8,1882.6,1,1,8.63,-7.0,11.7,10.7,Clear,41.3,0.123,1,186.92,8.18,0
SHP-104340,Mississauga ON,Hamilton ON,QuebecExpress,Economy,Bulk,Silver,5,913.8,213.4,1,0,14.23,-20.0,6.5,4.4,Clear,57.3,0.658,2,223.05,12.92,0
SHP-103938,Calgary AB,Ottawa ON,Contract Owner-Op,Standard,Hazardous,Silver,2,876.5,1180.4,1,0,12.05,2.0,6.0,5.5,Clear,88.6,0.287,0,244.47,12.3,0
SHP-104152,Toronto ON,Quebec City QC,NorthStar Carriers,Standard,General Freight,Gold,7,813.5,170900.0,3,0,15.1,14.0,3.8,7.4,Snow,17.3,0.396,3,195.04,15.25,0
SHP-103860,Ottawa ON,Regina SK,NorthStar Carriers,standard,General Freight,Silver,11,242.5,1278.0,0,0,4.96,110.0,9.9,3.2,Fog,84.5,0.627,5,254.51,6.61,1
SHP-104285,Calgary AB,Hamilton ON,NorthStar Carriers,Standard,Hazardous,Gold,7,959.5,1322.2,2,0,15.22,31.0,12.0,11.5,Clear,59.7,0.607,2,238.04,15.9,0
SHP-104201,Calgary AB,Quebec City QC,MapleFreight Fleet,Standard,General Freight,Silver,12,561.1,1441.2,4,0,10.84,99.0,3.5,7.9,Snow,50.5,0.258,2,203.69,14.78,1
SHP-101068,Toronto ON,Edmonton AB,MapleFreight Fleet,Standard,Refrigerated,Silver,2,1055.4,328.1,2,0,15.06,20.0,3.3,4.5,Clear,31.2,0.249,1,209.26,14.4,0
SHP-103020,Winnipeg MB,Sudbury ON,NorthStar Carriers,Express,Refrigerated,Silver,10,433.1,649.1,0,0,7.06,36.0,1.7,2.5,Rain,46.0,0.315,2,138.76,6.41,0
SHP-102562,Mississauga ON,Edmonton AB,NorthStar Carriers,Standard,General Freight,Bronze,6,365.1,825.2,0,0,3.53,53.0,7.1,2.8,Clear,77.5,0.359,3,112.69,3.45,0
SHP-105146,Montreal QC,Toronto ON,QuebecExpress,Economy,General Freight,Silver,2,436.6,635.8,1,0,9.34,-11.0,4.2,11.8,Clear,72.6,0.386,1,145.77,9.19,0
SHP-103360,Ottawa ON,Edmonton AB,MapleFreight Fleet,Economy,General Freight,Bronze,6,600.9,2235.9,2,0,9.93,-7.0,1.9,2.6,Clear,24.4,0.415,2,135.69,9.72,0
SHP-101480,Winnipeg MB,Montreal QC,MapleFreight Fleet,Economy,Refrigerated,Gold,2,434.9,1342.1,2,0,8.99,46.0,6.7,1.7,Clear,40.6,0.236,0,208.03,8.97,0
SHP-103484,Ottawa ON,Quebec City QC,QuebecExpress,Express,Bulk,Bronze,9,247.7,328.3,0,0,1.82,-0.0,18.9,9.3,Clear,68.2,0.425,1,272.08,1.86,0
SHP-105957,Mississauga ON,Winnipeg MB,PrairieLine,Economy,General Freight,Silver,11,1145.4,886.0,2,0,17.42,-14.0,6.9,5.1,Clear,31.9,0.447,2,241.7,16.29,0
SHP-102551,Montreal QC,Montreal QC,MapleFreight Fleet,Standard,General Freight,Bronze,9,994.9,1330.7,2,0,15.46,81.0,,4.2,Clear,43.2,0.265,3,169.15,14.45,0
SHP-102322,Montreal QC,Ottawa ON,Contract Owner-Op,Express,General Freight,Bronze,2,412.9,687.9,2,0,5.3,-20.0,3.9,5.4,Rain,34.2,0.195,1,178.97,5.11,0
SHP-104096,Toronto ON,Winnipeg MB,Contract Owner-Op,Economy,General Freight,Silver,1,561.0,841.3,4,0,9.4,15.0,5.5,5.8,Clear,39.0,0.726,0,249.9,9.72,0
SHP-103195,Mississauga ON,Winnipeg MB,PrairieLine,Standard,Refrigerated,Silver,1,269.1,472.0,4,0,9.34,44.0,8.3,4.4,Snow,67.9,0.439,0,144.49,14.08,1
SHP-102586,Calgary AB,Quebec City QC,MapleFreight Fleet,Standard,General Freight,Silver,4,343.5,398.2,2,0,6.19,-6.0,3.1,9.8,Clear,100.0,0.243,1,229.87,5.56,0
SHP-103941,Toronto ON,Calgary AB,MapleFreight Fleet,Standard,Refrigerated,Gold,5,647.0,397.3,3,0,10.07,28.0,5.6,4.2,Clear,42.7,0.613,2,208.3,10.18,0
SHP-101239,Ottawa ON,Ottawa ON,MapleFreight Fleet,Standard,Bulk,Silver,8,881.7,2018.4,1,0,13.49,-12.0,4.3,11.0,Rain,57.0,0.26,1,191.63,14.12,0
SHP-101851,Mississauga ON,Ottawa ON,MapleFreight Fleet,Standard,Refrigerated,Silver,1,657.9,1835.2,1,0,8.34,-20.0,8.3,11.6,Rain,61.5,0.505,0,260.59,7.44,0
SHP-100746,Mississauga ON,Sudbury ON,NorthStar Carriers,Express,General Freight,Gold,11,252.6,563.2,3,0,4.21,13.0,11.8,4.7,Clear,47.8,0.042,1,292.76,4.41,0
SHP-100567,Toronto ON,Edmonton AB,NorthStar Carriers,Express,General Freight,Gold,8,1051.9,1101.4,3,0,16.13,73.0,15.3,5.4,Rain,54.8,0.052,3,194.45,17.0,0
SHP-105626,Mississauga ON,Ottawa ON,PrairieLine,Standard,General Freight,Silver,12,352.1,768.5,4,0,7.93,52.0,4.8,1.0,Clear,89.7,0.864,1,209.19,11.21,1
SHP-105662,Mississauga ON,Montreal QC,MapleFreight Fleet,Standard,General Freight,Bronze,7,280.1,686.3,4,0,7.26,17.0,5.5,1.4,Rain,61.9,0.468,1,150.12,6.78,0
SHP-104708,Ottawa ON,Hamilton ON,NorthStar Carriers,Standard,General Freight,Silver,5,554.6,2207.5,3,0,10.71,-11.0,3.8,3.1,Clear,28.4,0.501,1,44.99,10.9,0
SHP-102565,Montreal QC,Calgary AB,QuebecExpress,Standard,Refrigerated,Gold,9,1188.5,625.4,0,0,17.32,49.0,5.1,11.3,Rain,58.9,0.259,1,170.88,18.12,0
SHP-100483,Montreal QC,Regina SK,PrairieLine,standard,Fragile,Silver,7,694.8,660.9,2,0,13.2,65.0,9.4,9.5,Rain,37.8,0.409,1,213.71,20.96,1
SHP-101917,Winnipeg MB,Quebec City QC,MapleFreight Fleet,Express,General Freight,Silver,12,244.0,678.6,2,0,6.53,66.0,3.8,4.1,Snow,59.6,0.557,2,259.06,6.19,0
SHP-100744,Toronto ON,Montreal QC,PrairieLine,Standard,Bulk,Silver,8,234.7,844.6,0,0,2.24,77.0,10.3,13.4,Fog,43.8,0.657,0,234.01,2.26,0
SHP-104403,Toronto ON,Regina SK,QuebecExpress,Standard,Refrigerated,Gold,6,1115.9,1210.4,5,0,18.08,24.0,2.0,4.5,Rain,33.7,0.402,0,138.77,16.7,0
SHP-101475,Montreal QC,Regina SK,MapleFreight Fleet,Standard,General Freight,Bronze,3,338.7,466.1,0,1,4.28,76.0,,7.3,Clear,46.9,0.743,2,114.79,3.83,0
SHP-104126,Montreal QC,Regina SK,Contract Owner-Op,Standard,Bulk,Bronze,5,502.5,1022.0,4,0,10.18,46.0,8.1,2.5,Rain,43.8,0.063,4,123.92,10.3,0
SHP-105713,Ottawa ON,Edmonton AB,PrairieLine,Standard,Fragile,Silver,9,458.1,1297.0,2,0,9.95,0.0,5.1,5.8,Clear,35.4,0.469,1,143.11,10.35,0
SHP-105569,Toronto ON,Sudbury ON,NorthStar Carriers,Express,Fragile,Bronze,4,620.9,594.3,2,0,10.43,-20.0,3.2,3.5,Clear,53.0,0.526,0,178.92,9.29,0
SHP-100681,Toronto ON,Edmonton AB,Contract Owner-Op,Express,Fragile,Gold,4,1190.1,513.8,4,1,21.71,34.0,9.2,5.4,Clear,41.4,0.207,1,255.42,28.57,1
SHP-100780,Toronto ON,Regina SK,Contract Owner-Op,Standard,Hazardous,Bronze,5,486.1,1149.3,4,0,7.41,3.0,3.0,3.4,Snow,59.9,0.569,2,211.56,11.12,1
SHP-105937,Montreal QC,Quebec City QC,PrairieLine,Economy,General Freight,Bronze,11,692.4,1643.9,4,0,14.01,25.0,3.8,0.6,Clear,52.7,0.358,0,159.87,14.84,0
SHP-100818,Montreal QC,Sudbury ON,NorthStar Carriers,Standard,Refrigerated,Gold,12,217.0,471.6,5,0,7.05,-17.0,12.8,5.0,Rain,72.8,0.526,0,37.5,6.76,0
SHP-104961,Toronto ON,Toronto ON,PrairieLine,Express,Bulk,Bronze,9,723.0,497.9,1,1,10.09,-20.0,12.4,5.9,Rain,88.6,0.23,2,166.48,10.11,0
SHP-102218,Toronto ON,Calgary AB,PrairieLine,express,Fragile,Silver,6,440.4,234.5,3,0,6.56,-19.0,5.9,4.6,Clear,54.5,0.265,1,,6.79,0
SHP-103624,Toronto ON,Sudbury ON,MapleFreight Fleet,Standard,Hazardous,Bronze,2,437.7,940.8,3,0,9.32,74.0,3.8,10.0,Rain,79.0,0.372,0,291.35,8.48,0
SHP-102657,Mississauga ON,Ottawa ON,MapleFreight Fleet,Standard,General Freight,Silver,5,683.9,1537.5,5,0,13.09,49.0,6.6,5.7,Fog,65.8,0.394,2,141.21,11.77,0
SHP-101791,Toronto ON,Sudbury ON,MapleFreight Fleet,Standard,Fragile,Silver,7,432.9,348.5,2,0,8.21,-9.0,9.2,1.9,Rain,63.8,0.528,2,161.69,7.42,0
SHP-102441,Winnipeg MB,Hamilton ON,PrairieLine,Standard,General Freight,Silver,2,565.5,1034.3,4,0,12.63,1.0,3.3,3.7,Rain,45.1,0.585,1,119.17,16.82,1
SHP-102380,Calgary AB,Montreal QC,PrairieLine,Express,General Freight,Gold,4,559.5,389.0,2,0,10.4,-20.0,5.5,4.2,Clear,97.9,0.642,1,157.02,9.97,0
SHP-102944,Toronto ON,Winnipeg MB,MapleFreight Fleet,Standard,Hazardous,Silver,7,349.6,2999300.0,4,0,6.46,18.0,3.6,1.4,Clear,25.3,0.403,1,200.41,6.74,0
SHP-101385,London ON,Quebec City QC,NorthStar Carriers,Express,General Freight,Gold,11,556.9,2123.1,5,0,13.9,25.0,3.7,3.3,Rain,67.0,0.454,1,135.4,14.4,0
SHP-104381,Ottawa ON,Ottawa ON,QuebecExpress,Express,Bulk,Silver,8,313.9,291.9,5,0,8.68,36.0,2.8,4.5,Storm,49.7,0.09,0,252.19,12.23,1
SHP-101542,Toronto ON,Montreal QC,QuebecExpress,Standard,Fragile,Silver,11,207.6,299.1,3,1,3.82,33.0,5.2,8.8,Rain,61.8,0.671,2,146.19,3.48,0
SHP-103540,Mississauga ON,Montreal QC,Contract Owner-Op,Economy,General Freight,Silver,7,554.7,548.3,1,0,9.11,58.0,2.8,2.6,Clear,89.0,0.484,2,255.09,13.19,1
SHP-103004,Calgary AB,Regina SK,Contract Owner-Op,Express,Fragile,Silver,3,667.7,1170.2,1,0,8.32,95.0,10.4,6.0,Clear,62.9,0.57,0,,11.58,1
SHP-104138,Calgary AB,Ottawa ON,NorthStar Carriers,Standard,Fragile,Silver,1,636.4,738.1,0,0,6.74,44.0,14.5,3.5,Rain,67.6,0.429,0,97.52,6.81,0
SHP-105039,Mississauga ON,Quebec City QC,QuebecExpress,Express,General Freight,Bronze,5,447.3,1345.1,2,0,7.94,10.0,3.6,2.1,Rain,55.0,0.381,3,253.78,8.0,0
SHP-105986,Mississauga ON,Quebec City QC,MapleFreight Fleet,Standard,General Freight,Silver,3,722.3,679.9,1,0,11.03,25.0,11.1,6.4,Clear,29.5,0.571,1,130.69,10.51,0
SHP-100345,Toronto ON,Calgary AB,MapleFreight Fleet,Standard,General Freight,Silver,12,891.4,116.4,4,0,14.34,6.0,11.1,7.0,Clear,52.3,0.4,2,260.54,14.1,0
SHP-104120,Winnipeg MB,Toronto ON,NorthStar Carriers,Economy,General Freight,Silver,8,396.8,958.7,0,0,6.18,2.0,4.8,7.4,Rain,42.8,0.695,1,,5.64,0
SHP-103462,Mississauga ON,Toronto ON,NorthStar Carriers,Express,General Freight,Silver,4,1002.2,189.6,3,0,16.89,17.0,6.1,4.6,Clear,38.3,0.218,0,,15.34,0
SHP-100447,Winnipeg MB,Quebec City QC,MapleFreight Fleet,Standard,General Freight,Silver,5,1293.5,1479.2,4,0,20.99,-20.0,4.7,12.7,Clear,67.9,0.472,0,173.66,21.25,0
SHP-105119,Mississauga ON,Montreal QC,NorthStar Carriers,Standard,General Freight,Silver,6,612.5,849.4,1,0,8.6,-16.0,13.9,2.1,Clear,37.9,0.341,4,134.05,7.73,0
SHP-100949,Ottawa ON,Winnipeg MB,QuebecExpress,Standard,Fragile,Gold,3,481.0,2044.5,4,0,8.65,-4.0,6.5,7.5,Clear,60.7,0.401,0,233.56,8.95,0
SHP-102517,Montreal QC,Regina SK,NorthStar Carriers,Standard,General Freight,Silver,11,537.8,420.1,4,0,9.39,31.0,15.2,6.7,Rain,54.5,0.256,1,175.5,9.11,0
SHP-101267,Winnipeg MB,Edmonton AB,QuebecExpress,Standard,General Freight,Gold,11,243.8,603.6,2,0,4.19,-20.0,2.4,3.1,Storm,46.0,0.579,0,162.46,3.71,0
SHP-104716,Montreal QC,Ottawa ON,NorthStar Carriers,Express,Refrigerated,Bronze,6,485.1,951.8,1,0,8.91,42.0,3.6,2.0,Rain,45.5,0.048,2,158.65,9.13,0
SHP-101188,Montreal QC,Regina SK,QuebecExpress,Standard,General Freight,Gold,6,333.1,323.8,3,0,6.73,-20.0,4.9,3.6,Snow,66.9,0.257,0,189.33,5.97,0
SHP-100814,Mississauga ON,Calgary AB,Contract Owner-Op,Standard,Refrigerated,Silver,12,376.2,1272.8,2,0,5.52,3.0,3.8,4.3,Rain,59.9,0.067,0,145.87,7.14,1
SHP-100310,Calgary AB,Winnipeg MB,MapleFreight Fleet,Express,General Freight,Gold,9,342.7,803.2,4,0,6.0,45.0,3.2,8.2,Clear,56.0,0.513,2,208.72,6.14,0
SHP-103166,Mississauga ON,Regina SK,NorthStar Carriers,Express,Refrigerated,Silver,7,667.9,522.1,3,0,11.26,7.0,2.9,4.6,Clear,70.2,0.574,2,242.82,11.79,0
SHP-102768,Calgary AB,Toronto ON,MapleFreight Fleet,Standard,Hazardous,Silver,7,340.3,474.3,3,0,5.37,17.0,11.0,10.3,Storm,28.0,0.234,1,174.15,4.84,0
SHP-103143,Ottawa ON,Ottawa ON,QuebecExpress,Standard,Refrigerated,Silver,8,954.8,1938.4,3,1,13.59,29.0,6.2,5.7,Rain,40.9,0.431,2,82.62,17.67,1
SHP-105611,Ottawa ON,Hamilton ON,NorthStar Carriers,Standard,General Freight,Bronze,3,302.1,1567.1,1,0,4.21,-20.0,7.2,4.7,Rain,77.3,0.88,0,104.58,4.35,0
SHP-100480,Toronto ON,Regina SK,PrairieLine,Standard,Fragile,Bronze,4,937.4,1970.6,1,0,15.3,-20.0,0.9,1.9,Rain,79.4,0.617,1,203.55,14.02,0
SHP-104843,Mississauga ON,Montreal QC,MapleFreight Fleet,Economy,Bulk,Bronze,3,661.9,1732.1,0,0,8.18,18.0,10.0,5.6,Clear,36.9,0.085,3,198.38,8.38,0
SHP-105584,Calgary AB,Calgary AB,QuebecExpress,Express,Fragile,Bronze,12,233.5,227.3,4,0,5.56,4.0,6.5,9.0,Rain,80.5,0.224,0,135.56,5.03,0
SHP-104377,Montreal QC,Toronto ON,MapleFreight Fleet,Standard,Hazardous,Gold,5,968.4,730.8,4,0,17.66,70.0,3.7,1.7,Clear,77.1,0.415,2,,18.52,0
SHP-104581,Winnipeg MB,Hamilton ON,MapleFreight Fleet,Economy,General Freight,Silver,10,241.9,1301.4,2,0,5.75,21.0,7.8,6.9,Clear,66.5,0.379,2,223.22,5.83,0
SHP-100594,Ottawa ON,Sudbury ON,MapleFreight Fleet,Standard,Fragile,Bronze,11,776.3,408.6,2,0,12.77,29.0,5.6,2.0,Snow,58.1,0.147,0,127.42,15.42,1
SHP-101528,Winnipeg MB,Calgary AB,PrairieLine,Standard,General Freight,Bronze,4,470.5,496.5,4,0,7.01,86.0,9.8,10.9,Storm,43.8,0.614,0,121.58,10.35,1
SHP-103948,Montreal QC,Montreal QC,QuebecExpress,Express,General Freight,Silver,10,833.1,718.6,1,0,11.14,-5.0,6.1,13.2,Clear,55.7,0.464,2,163.42,11.59,0
SHP-103327,Calgary AB,Quebec City QC,Contract Owner-Op,Standard,General Freight,Silver,8,622.1,1063.4,5,0,12.65,25.0,1.4,12.6,Clear,82.1,0.609,2,175.68,19.64,1
SHP-104159,Montreal QC,Toronto ON,MapleFreight Fleet,Economy,Hazardous,Silver,9,407.9,1473.7,5,0,11.53,34.0,8.4,4.9,Rain,,0.637,4,325.99,11.03,0
SHP-102097,Toronto ON,Montreal QC,MapleFreight Fleet,Standard,General Freight,Silver,12,157.3,462.4,5,0,6.19,44.0,3.8,2.5,Clear,38.6,0.425,4,267.93,5.53,0
SHP-101975,Calgary AB,Winnipeg MB,PrairieLine,Standard,Fragile,Gold,8,876.2,215.9,2,0,11.65,131.0,4.1,7.0,Clear,36.0,0.707,0,,11.05,0
SHP-102942,Calgary AB,Toronto ON,MapleFreight Fleet,Standard,Bulk,Silver,8,466.9,421.8,3,0,8.81,-20.0,,5.0,Snow,65.3,0.182,0,158.04,8.65,0
SHP-101573,Winnipeg MB,Sudbury ON,QuebecExpress,economy,General Freight,Bronze,4,689.0,1431.5,0,0,10.33,31.0,11.7,2.2,Clear,63.6,0.568,2,241.49,9.47,0
SHP-101516,Mississauga ON,Quebec City QC,MapleFreight Fleet,Standard,General Freight,Gold,8,323.0,708.9,4,0,7.48,61.0,4.2,8.6,Fog,53.4,0.289,2,239.45,10.53,1
SHP-100538,Mississauga ON,Quebec City QC,QuebecExpress,Standard,Fragile,Silver,2,543.5,666.5,3,0,7.57,-6.0,8.0,5.3,Snow,100.0,0.259,0,139.24,7.54,0
SHP-100256,Montreal QC,Edmonton AB,MapleFreight Fleet,Standard,General Freight,Bronze,7,939.3,1694.4,5,0,15.62,35.0,6.2,3.9,Rain,94.1,0.357,1,237.99,15.01,0
SHP-103081,Montreal QC,Regina SK,QuebecExpress,Standard,General Freight,Silver,6,656.1,527.3,3,0,11.35,-17.0,1.7,5.3,Clear,82.6,0.435,2,78.4,13.83,1
SHP-104422,Montreal QC,Winnipeg MB,Contract Owner-Op,Economy,General Freight,Silver,11,958.2,1431.8,4,0,17.32,97.0,8.5,2.9,Rain,81.6,0.376,4,183.81,22.47,1
SHP-100655,Montreal QC,Hamilton ON,MapleFreight Fleet,Standard,General Freight,Gold,5,493.1,784.6,2,0,8.01,32.0,7.5,3.5,Snow,28.0,0.426,1,198.36,7.72,0
SHP-102726,Ottawa ON,Regina SK,QuebecExpress,Standard,General Freight,Bronze,5,485.2,810.8,3,0,9.04,-6.0,7.9,17.8,Clear,44.1,0.475,0,109.19,8.75,0
SHP-104208,Montreal QC,Hamilton ON,Contract Owner-Op,Express,General Freight,Silver,8,316.7,512.4,3,0,8.23,13.0,2.3,4.6,Rain,47.0,0.151,0,30.0,7.37,0
SHP-101783,Montreal QC,Ottawa ON,MapleFreight Fleet,Standard,General Freight,Gold,3,813.9,2982.9,5,0,18.19,44.0,4.7,8.4,Clear,53.8,0.578,1,265.98,17.42,0
SHP-101699,Toronto ON,Quebec City QC,QuebecExpress,Express,General Freight,Bronze,9,523.3,775.9,3,0,10.8,30.0,10.6,5.5,Clear,75.7,0.636,1,239.41,9.88,0
SHP-105072,Calgary AB,Edmonton AB,NorthStar Carriers,Express,General Freight,Silver,2,857.8,1478.9,3,0,14.56,-8.0,6.1,5.8,Storm,28.9,0.396,2,235.64,22.53,1
SHP-102145,Montreal QC,Ottawa ON,MapleFreight Fleet,Economy,Bulk,Silver,4,736.8,1450.7,0,0,8.84,21.0,6.1,3.7,Clear,61.4,0.527,1,147.46,8.8,0
SHP-104067,Mississauga ON,Calgary AB,NorthStar Carriers,standard,Fragile,Silver,9,578.3,795.9,4,0,10.51,6.0,,10.7,Clear,74.9,0.318,1,167.03,10.34,0
SHP-105472,Mississauga ON,Ottawa ON,MapleFreight Fleet,Standard,Hazardous,Bronze,5,569.0,421.2,3,0,9.95,31.0,2.4,3.2,Clear,93.7,0.349,1,98.47,8.82,0
SHP-104996,Calgary AB,Toronto ON,NorthStar Carriers,Express,General Freight,Bronze,3,1091.7,1684.7,0,0,15.71,44.0,16.4,9.5,Clear,62.1,0.554,1,111.11,20.21,1
SHP-102213,London ON,Regina SK,NorthStar Carriers,Standard,General Freight,Silver,1,556.0,1030.8,5,0,11.08,32.0,7.2,2.8,Rain,70.8,0.363,2,206.36,11.39,0
SHP-100322,Toronto ON,Quebec City QC,QuebecExpress,Express,General Freight,Gold,10,751.1,769.3,4,0,13.17,52.0,7.3,4.1,Rain,43.8,0.682,3,142.83,13.75,0
SHP-102278,Toronto ON,Toronto ON,QuebecExpress,Express,Hazardous,Bronze,9,519.4,667.3,5,0,11.07,57.0,6.5,3.0,Clear,21.3,0.587,4,56.56,10.27,0
SHP-102497,Mississauga ON,Regina SK,MapleFreight Fleet,Economy,General Freight,Silver,9,202.1,668.1,0,0,1.0,30.0,4.2,4.8,Storm,45.5,0.739,1,241.77,0.92,0
SHP-105556,Mississauga ON,Regina SK,Contract Owner-Op,Express,General Freight,Bronze,8,575.9,903.9,0,0,5.77,31.0,12.9,2.7,Rain,57.5,0.47,1,99.76,5.2,0
SHP-103119,Toronto ON,Sudbury ON,MapleFreight Fleet,Economy,General Freight,Bronze,5,840.5,417.0,0,0,13.96,2.0,6.4,8.2,Clear,64.8,0.44,1,140.8,14.73,0
SHP-101539,Montreal QC,Toronto ON,QuebecExpress,Standard,General Freight,Bronze,11,557.8,1513.3,0,1,6.22,42.0,7.4,1.3,Rain,47.6,0.59,2,162.93,5.52,0
SHP-105404,Ottawa ON,Regina SK,MapleFreight Fleet,Economy,Refrigerated,Bronze,9,647.7,1104.1,3,0,10.04,-20.0,7.4,4.0,Rain,51.3,0.54,4,166.09,10.0,0
SHP-103738,Toronto ON,Calgary AB,QuebecExpress,Economy,Bulk,Bronze,10,632.9,601.3,0,0,10.12,35.0,11.4,8.6,Clear,59.0,0.631,0,199.85,8.98,0
SHP-101803,Ottawa ON,Toronto ON,Contract Owner-Op,Standard,General Freight,Gold,2,217.6,804.1,3,0,4.22,-16.0,7.5,1.9,Clear,61.4,0.435,5,215.37,4.41,0
SHP-102840,Mississauga ON,Montreal QC,MapleFreight Fleet,Standard,General Freight,Gold,2,990.4,876.7,0,0,13.1,22.0,10.5,6.5,Clear,76.5,0.49,0,165.6,11.66,0
SHP-101798,London ON,Sudbury ON,NorthStar Carriers,Standard,Refrigerated,Bronze,12,857.1,1601.8,3,0,14.2,3.0,15.9,3.9,Clear,25.6,0.361,2,182.38,14.99,0
SHP-103329,Winnipeg MB,Ottawa ON,MapleFreight Fleet,Standard,General Freight,Gold,5,516.1,1184.1,4,0,11.47,26.0,3.9,7.8,Clear,38.1,0.635,1,209.1,10.72,0
SHP-105623,Mississauga ON,Regina SK,QuebecExpress,Express,Refrigerated,Gold,9,208.7,652.0,0,0,1.0,14.0,13.8,3.9,Snow,35.4,0.188,1,180.48,0.97,0
SHP-101044,Montreal QC,Quebec City QC,MapleFreight Fleet,Standard,Refrigerated,Bronze,11,385.5,569.1,3,0,8.18,-1.0,1.7,7.1,Clear,82.2,0.411,1,132.81,7.78,0
SHP-102906,Winnipeg MB,Ottawa ON,MapleFreight Fleet,Express,General Freight,Gold,2,179.3,1502.9,0,0,2.93,-20.0,8.5,7.6,Snow,45.4,0.205,4,137.49,2.93,0
SHP-100171,Montreal QC,Montreal QC,QuebecExpress,Express,Refrigerated,Silver,2,678.1,1526.1,5,0,14.52,-20.0,0.4,13.5,Clear,50.0,0.551,1,237.25,17.93,1
SHP-105952,Mississauga ON,Toronto ON,MapleFreight Fleet,Economy,General Freight,Silver,5,814.0,993.8,1,0,10.98,18.0,2.7,4.4,Rain,79.4,0.189,1,181.51,10.07,0
SHP-102713,Calgary AB,Hamilton ON,PrairieLine,Economy,General Freight,Bronze,8,607.7,893.3,1,0,9.66,-10.0,8.5,1.4,Snow,37.7,0.611,2,161.86,9.63,0
SHP-104402,Winnipeg MB,Sudbury ON,NorthStar Carriers,Express,Refrigerated,Bronze,7,855.0,1098.4,3,0,14.18,-20.0,3.1,4.4,Storm,,0.713,1,152.77,14.64,0
SHP-104021,Toronto ON,Edmonton AB,NorthStar Carriers,Standard,General Freight,Silver,1,474.3,1083.9,1,1,8.01,54.0,14.1,4.5,Snow,62.3,0.624,0,231.81,7.74,0
SHP-101726,Montreal QC,Quebec City QC,PrairieLine,Standard,General Freight,Bronze,10,511.3,829.7,3,0,9.01,67.0,4.7,3.9,Snow,90.2,0.414,1,67.54,11.42,1
SHP-100490,Calgary AB,Hamilton ON,QuebecExpress,Standard,General Freight,Silver,9,1526.3,1215.4,1,0,22.82,18.0,9.8,7.6,Snow,44.8,0.329,1,205.04,31.27,1
SHP-105827,London ON,Hamilton ON,MapleFreight Fleet,Standard,General Freight,Silver,5,313.1,347.4,3,0,6.93,40.0,3.8,0.3,Snow,56.4,0.589,2,189.49,6.49,0
SHP-101662,Mississauga ON,Regina SK,Contract Owner-Op,standard,Refrigerated,Bronze,6,602.2,1034.9,3,0,11.01,75.0,14.2,4.6,Rain,52.7,0.487,0,135.27,10.85,0
SHP-101043,Toronto ON,Ottawa ON,QuebecExpress,Standard,General Freight,Silver,6,367.8,366.9,5,0,7.71,63.0,3.3,4.7,Rain,62.4,0.431,0,230.29,9.2,1
SHP-102692,Toronto ON,Sudbury ON,MapleFreight Fleet,Express,Refrigerated,Gold,7,857.0,1989.0,0,0,10.79,53.0,13.7,3.8,Rain,98.0,0.6,0,120.53,9.88,0
SHP-100136,Montreal QC,Calgary AB,QuebecExpress,Standard,Hazardous,Silver,12,639.7,1024.7,1,0,9.97,35.0,19.0,2.3,Clear,,0.75,1,119.95,9.55,0
SHP-104821,Ottawa ON,Montreal QC,MapleFreight Fleet,Standard,General Freight,Silver,6,776.6,308.6,4,0,13.77,22.0,15.9,6.2,Rain,77.8,0.371,2,87.37,12.86,0
SHP-104414,Toronto ON,Sudbury ON,QuebecExpress,Economy,General Freight,Silver,9,1312.6,1098.9,5,0,22.39,-20.0,2.6,2.6,Clear,45.5,0.279,1,295.35,21.87,0
SHP-104627,Toronto ON,Winnipeg MB,MapleFreight Fleet,Standard,Hazardous,Bronze,1,397.1,457.5,1,0,4.56,1.0,4.1,2.7,Rain,68.9,0.199,2,182.64,6.82,1
SHP-104663,Mississauga ON,Winnipeg MB,Contract Owner-Op,Express,Hazardous,Bronze,2,920.6,1705.0,0,0,12.15,-11.0,0.4,1.8,Clear,26.4,0.592,1,213.2,12.13,0
SHP-105863,Mississauga ON,Quebec City QC,Contract Owner-Op,Express,Bulk,Gold,7,1110.2,1142.1,1,0,18.26,8.0,4.1,9.5,Rain,38.4,0.662,1,194.47,16.94,0
SHP-101862,London ON,Hamilton ON,MapleFreight Fleet,Standard,General Freight,Silver,8,266.9,969.2,2,0,3.69,-19.0,11.3,6.9,Clear,44.5,0.907,1,180.7,3.44,0
SHP-101747,Toronto ON,Edmonton AB,MapleFreight Fleet,Standard,General Freight,Silver,1,426.9,1262.6,3,0,9.04,13.0,6.3,3.6,,33.6,0.489,1,130.53,9.01,0
SHP-100377,Toronto ON,Edmonton AB,NorthStar Carriers,Economy,Refrigerated,Silver,5,698.7,499.6,3,0,10.21,61.0,11.1,4.3,Clear,45.2,0.679,0,98.34,10.7,0
SHP-102969,Calgary AB,Hamilton ON,PrairieLine,Economy,General Freight,Silver,9,1249.4,536.4,5,0,20.19,23.0,8.1,3.2,Snow,60.5,0.232,3,110.62,27.6,1
SHP-103778,London ON,Toronto ON,MapleFreight Fleet,Standard,General Freight,Bronze,5,582.1,868.0,4,0,11.12,26.0,5.0,4.3,Rain,89.1,0.359,0,189.99,12.48,1
SHP-104634,Calgary AB,Sudbury ON,MapleFreight Fleet,Standard,Fragile,Silver,6,710.6,976.0,2,0,11.57,56.0,4.6,9.8,Fog,78.0,0.341,2,139.97,10.42,0
SHP-104857,Winnipeg MB,Ottawa ON,Contract Owner-Op,Standard,General Freight,Bronze,4,830.5,1255.7,0,0,10.79,-13.0,5.6,9.6,Rain,68.2,0.243,2,219.51,16.66,1
SHP-101163,London ON,Calgary AB,MapleFreight Fleet,Standard,General Freight,Silver,6,574.1,901.2,0,0,6.36,19.0,2.1,2.4,Rain,47.3,0.333,0,111.42,6.0,0
SHP-104781,Winnipeg MB,Regina SK,QuebecExpress,Standard,Hazardous,Silver,11,874.8,114.7,5,1,13.46,29.0,1.3,3.6,Clear,58.7,0.329,1,63.5,13.6,0
SHP-104484,Calgary AB,Regina SK,QuebecExpress,Standard,Refrigerated,Silver,2,504.9,936.2,4,0,10.44,47.0,10.9,4.9,Clear,64.9,0.483,1,181.17,9.71,0
SHP-100624,Mississauga ON,Calgary AB,MapleFreight Fleet,Standard,Bulk,Bronze,12,841.5,1249.3,4,0,15.02,-20.0,12.3,1.0,Clear,69.8,0.79,1,146.59,14.11,0
SHP-101830,Montreal QC,Quebec City QC,NorthStar Carriers,Standard,Bulk,Silver,9,518.1,194.4,0,0,7.4,6.0,4.5,5.0,Clear,71.3,0.329,3,204.76,9.44,1
SHP-105901,Toronto ON,Regina SK,PrairieLine,Standard,Refrigerated,Bronze,6,298.6,545.8,0,0,3.14,38.0,6.2,7.7,Clear,56.4,0.662,2,278.66,2.81,0
SHP-100909,Toronto ON,Calgary AB,MapleFreight Fleet,Standard,Fragile,Gold,2,556.9,628.6,2,0,7.55,56.0,2.2,7.5,Fog,68.4,0.449,3,162.31,10.53,1
SHP-100672,Toronto ON,Sudbury ON,PrairieLine,Standard,General Freight,Bronze,1,310.2,270.7,2,0,5.31,-4.0,1.4,3.5,Clear,58.5,0.622,2,193.39,4.99,0
SHP-103968,Mississauga ON,Hamilton ON,MapleFreight Fleet,Standard,Bulk,Bronze,1,533.4,367.2,0,1,6.28,32.0,5.1,2.0,Snow,30.5,0.821,2,250.99,6.64,0
SHP-102019,Montreal QC,Calgary AB,MapleFreight Fleet,Standard,Hazardous,Bronze,11,764.5,2541.8,3,0,13.45,22.0,3.7,3.5,Clear,41.2,0.397,1,132.17,12.24,0
SHP-104983,Winnipeg MB,Montreal QC,NorthStar Carriers,Express,Fragile,Bronze,6,730.7,690.2,1,0,10.95,11.0,2.5,1.0,Clear,48.6,0.494,1,168.44,10.75,0
SHP-104760,Winnipeg MB,Edmonton AB,Contract Owner-Op,Economy,Bulk,Silver,3,719.9,806.8,4,0,12.42,18.0,7.0,4.0,Clear,73.1,0.679,4,121.88,18.78,1
SHP-100623,London ON,Montreal QC,MapleFreight Fleet,Standard,General Freight,Silver,3,232.0,370.7,2,0,6.64,61.0,3.9,7.0,Clear,51.3,0.498,1,173.76,6.46,0
SHP-102785,Winnipeg MB,Edmonton AB,Contract Owner-Op,Express,Bulk,Silver,2,774.2,1068.8,1,1,11.88,7.0,5.5,8.0,Clear,24.0,0.565,0,119.71,10.83,0
SHP-104299,Calgary AB,Montreal QC,QuebecExpress,Express,Refrigerated,Silver,6,1507.7,661.9,5,0,23.03,-3.0,2.6,4.3,Rain,79.2,0.012,0,289.24,28.39,1
SHP-102254,Calgary AB,Winnipeg MB,MapleFreight Fleet,Economy,Fragile,Gold,10,454.7,280.1,3,0,8.27,-20.0,9.4,3.0,Clear,81.1,0.254,5,168.08,8.75,0
SHP-102658,Mississauga ON,Edmonton AB,MapleFreight Fleet,Economy,Refrigerated,Silver,3,771.3,2268.2,3,0,12.04,39.0,,14.9,Clear,78.6,0.825,1,118.96,10.63,0
SHP-103478,Toronto ON,Montreal QC,PrairieLine,Standard,General Freight,Gold,1,957.9,761.1,3,0,12.35,-20.0,4.1,8.1,Clear,66.8,0.863,1,145.67,18.22,1
SHP-105287,Toronto ON,Quebec City QC,NorthStar Carriers,Standard,Refrigerated,Gold,4,315.7,513.0,2,1,5.53,91.0,3.2,2.3,,63.5,0.537,1,184.38,6.45,1
SHP-101501,Ottawa ON,Sudbury ON,MapleFreight Fleet,Standard,Bulk,Silver,11,384.1,338.1,2,0,7.51,-0.0,7.8,3.2,Rain,36.1,0.494,1,44.76,6.78,0
SHP-101777,London ON,Winnipeg MB,NorthStar Carriers,Express,Fragile,Bronze,4,566.3,456.2,4,1,9.33,19.0,6.3,7.2,Rain,93.8,0.692,2,249.39,12.05,1
SHP-101251,Calgary AB,Quebec City QC,NorthStar Carriers,Standard,Fragile,Gold,10,379.9,675.8,5,0,7.33,59.0,6.9,5.6,Clear,59.8,0.06,0,179.76,6.52,0
SHP-100216,Mississauga ON,Quebec City QC,Contract Owner-Op,Express,General Freight,Silver,9,854.2,1580.2,5,0,15.7,46.0,5.4,4.6,Snow,56.8,0.292,1,195.5,19.69,1
SHP-104743,Toronto ON,Edmonton AB,MapleFreight Fleet,Standard,Refrigerated,Gold,11,591.1,865.6,2,0,10.42,3.0,4.7,7.9,Clear,49.0,0.456,1,240.72,10.31,0
SHP-105034,Ottawa ON,Ottawa ON,MapleFreight Fleet,Express,General Freight,Gold,5,586.1,1256.0,1,0,8.17,5.0,3.4,7.1,Rain,51.7,0.819,0,131.27,8.42,0
SHP-104505,Calgary AB,Calgary AB,MapleFreight Fleet,Standard,General Freight,Bronze,10,354.3,1095.0,3,0,9.18,50.0,6.0,2.7,Clear,55.5,0.877,0,189.69,8.36,0
SHP-103233,Mississauga ON,Edmonton AB,NorthStar Carriers,Standard,Bulk,Gold,4,1091.7,782.9,3,0,18.04,-3.0,7.2,2.5,Snow,54.4,0.14,0,41.11,25.99,1
SHP-102270,Ottawa ON,Winnipeg MB,QuebecExpress,Express,General Freight,Bronze,9,1821.8,591800.0,2,0,27.4,63.0,2.3,7.1,Rain,69.5,0.602,0,169.0,41.58,1
SHP-100471,Toronto ON,Toronto ON,MapleFreight Fleet,Standard,Refrigerated,Bronze,5,1010.9,430.1,4,0,18.22,66.0,11.9,1.8,Rain,81.6,0.668,3,159.43,17.01,0
SHP-103011,Montreal QC,Montreal QC,QuebecExpress,Standard,Fragile,Silver,8,369.9,324.9,5,0,8.76,64.0,1.7,12.0,Rain,38.7,0.254,2,172.15,8.3,0
SHP-101745,Mississauga ON,Toronto ON,NorthStar Carriers,Standard,General Freight,Silver,10,533.0,813.1,3,0,6.19,-1.0,2.1,7.6,Rain,38.7,0.391,0,247.46,6.41,0
SHP-100611,Calgary AB,Toronto ON,QuebecExpress,Standard,General Freight,Silver,9,508.6,2026.8,0,1,7.75,-20.0,4.6,3.0,Clear,53.2,0.729,1,112.59,7.86,0
SHP-102199,Toronto ON,Sudbury ON,PrairieLine,Standard,Fragile,Gold,6,796.4,1856.1,5,0,15.27,-0.0,,6.7,Rain,67.5,0.422,0,268.26,17.22,1
SHP-101900,Montreal QC,Ottawa ON,MapleFreight Fleet,Express,General Freight,Bronze,9,460.0,703.7,0,0,6.19,37.0,8.6,3.8,Snow,39.9,0.272,1,200.42,6.27,0
SHP-102269,Ottawa ON,Regina SK,NorthStar Carriers,Standard,Fragile,Gold,10,427.6,381.3,0,0,6.04,-20.0,3.7,9.8,Clear,37.1,0.268,1,277.07,5.89,0
SHP-102921,London ON,Regina SK,MapleFreight Fleet,Economy,Bulk,Silver,4,556.1,707.0,3,0,9.13,6.0,3.2,7.9,Rain,56.7,0.466,1,154.19,8.43,0
SHP-104541,London ON,Ottawa ON,NorthStar Carriers,Standard,General Freight,Gold,11,608.8,637.0,2,0,9.95,-1.0,3.1,3.8,Clear,62.7,0.441,1,193.43,8.97,0
SHP-100787,Calgary AB,Regina SK,MapleFreight Fleet,Economy,General Freight,Silver,5,868.2,904.2,5,0,15.34,-20.0,2.5,3.7,Snow,65.8,0.837,0,159.38,15.56,0
SHP-103999,Mississauga ON,Quebec City QC,NorthStar Carriers,Express,General Freight,Bronze,9,889.5,684.1,3,1,13.4,-20.0,4.2,9.9,Rain,77.5,0.507,2,228.7,11.84,0
SHP-103928,Mississauga ON,Calgary AB,Contract Owner-Op,Economy,General Freight,Bronze,11,1080.3,650.4,0,0,15.7,69.0,9.4,5.7,,22.8,0.308,2,172.73,15.1,0
SHP-104343,Calgary AB,Ottawa ON,QuebecExpress,Standard,Fragile,Bronze,4,955.3,943.4,2,0,12.9,50.0,3.9,5.1,,12.5,0.528,1,146.29,12.34,0
SHP-105992,Montreal QC,Calgary AB,Contract Owner-Op,Express,Bulk,Silver,8,312.2,172.9,1,0,5.43,-20.0,3.3,6.7,Storm,47.1,0.581,0,197.28,8.37,1
SHP-102378,Mississauga ON,Sudbury ON,Contract Owner-Op,Standard,General Freight,Silver,7,938.4,487.8,1,0,12.6,-3.0,,8.8,Rain,89.2,0.723,2,221.68,14.47,1
SHP-102113,Calgary AB,Regina SK,MapleFreight Fleet,express,General Freight,Gold,3,946.0,570.1,0,0,12.78,28.0,12.3,12.3,Rain,70.9,0.393,2,271.62,12.14,0
SHP-103074,Toronto ON,Toronto ON,MapleFreight Fleet,Standard,Hazardous,Gold,3,1072.9,920.0,2,0,15.58,-20.0,5.7,3.5,Clear,,0.827,0,229.17,13.96,0
SHP-101369,Montreal QC,Montreal QC,PrairieLine,Economy,General Freight,Bronze,4,715.7,829.2,5,1,11.88,12.0,1.9,9.5,Clear,86.6,0.565,4,150.6,16.08,1
SHP-100729,Toronto ON,Montreal QC,MapleFreight Fleet,Economy,General Freight,Bronze,3,611.7,1726.6,3,1,9.73,4.0,7.3,6.5,Clear,82.9,0.709,1,202.26,8.65,0
SHP-101229,London ON,Sudbury ON,MapleFreight Fleet,Standard,Refrigerated,Gold,1,658.0,1281.0,5,0,11.99,-20.0,8.3,18.1,Clear,52.7,0.516,1,170.06,10.92,0
SHP-101215,London ON,Regina SK,MapleFreight Fleet,Standard,General Freight,Silver,11,1218.8,684.8,5,0,19.71,-20.0,3.1,2.1,Clear,73.1,0.375,0,33.24,20.3,0
SHP-102989,Mississauga ON,Winnipeg MB,NorthStar Carriers,Standard,General Freight,Silver,7,1159.9,1532.7,1,1,17.67,26.0,8.6,5.1,Snow,50.9,0.247,0,87.19,25.41,1
SHP-104294,Toronto ON,Winnipeg MB,MapleFreight Fleet,Economy,General Freight,Silver,10,406.4,1699.8,2,0,7.73,74.0,4.0,7.2,Clear,54.8,0.353,0,195.66,8.0,0
SHP-102981,Ottawa ON,Regina SK,MapleFreight Fleet,Standard,Hazardous,Silver,1,563.5,348.0,1,0,9.09,31.0,7.3,1.3,Clear,55.8,0.76,0,116.31,9.02,0
SHP-101901,Toronto ON,Regina SK,MapleFreight Fleet,Express,Hazardous,Bronze,1,630.5,693.2,2,0,10.69,85.0,0.7,0.8,Rain,55.0,0.525,0,197.43,10.02,0
SHP-100573,London ON,Hamilton ON,QuebecExpress,Express,General Freight,Bronze,6,428.3,1300.3,0,0,7.62,-20.0,11.2,13.0,Clear,93.1,0.147,1,192.59,7.9,0
SHP-101275,Ottawa ON,Montreal QC,PrairieLine,Standard,General Freight,Silver,4,502.2,578.5,1,0,7.0,51.0,4.6,5.7,Clear,72.0,0.385,0,277.74,6.97,0
SHP-101321,Winnipeg MB,Hamilton ON,PrairieLine,Standard,Refrigerated,Silver,4,379.5,2812.0,5,0,7.0,5.0,1.8,1.8,Clear,62.6,0.407,1,191.21,7.04,0
SHP-101001,Calgary AB,Winnipeg MB,NorthStar Carriers,Express,Refrigerated,Silver,6,235.7,225.1,0,0,3.32,-20.0,,6.3,Rain,60.6,0.302,0,,3.49,0
SHP-103555,Calgary AB,Calgary AB,MapleFreight Fleet,Standard,Bulk,Bronze,5,490.1,1827.5,3,0,9.35,-6.0,1.5,0.9,Clear,73.5,0.449,0,167.84,8.6,0
SHP-103111,Montreal QC,Montreal QC,PrairieLine,Express,General Freight,Silver,12,263.1,906.9,3,0,5.75,23.0,4.5,2.4,Clear,17.6,0.453,2,164.21,5.31,0
SHP-104679,London ON,Ottawa ON,Contract Owner-Op,Economy,General Freight,Silver,8,351.6,352.6,1,1,6.31,51.0,9.6,2.7,Clear,55.6,0.626,1,180.48,6.5,0
SHP-102209,Ottawa ON,Winnipeg MB,MapleFreight Fleet,Standard,Bulk,Silver,10,341.1,449300.0,2,0,6.63,-20.0,2.8,9.6,Snow,39.3,0.398,1,54.47,6.08,0
SHP-105453,Calgary AB,Quebec City QC,Contract Owner-Op,Standard,Hazardous,Silver,12,207.0,374.9,0,0,3.08,26.0,6.0,8.8,Clear,39.9,0.241,2,232.35,3.13,0
SHP-102313,Mississauga ON,Quebec City QC,MapleFreight Fleet,Express,Refrigerated,Gold,4,507.2,2162.9,2,0,7.95,-20.0,5.1,4.1,Clear,39.5,0.294,3,169.08,7.02,0
SHP-105312,Mississauga ON,Ottawa ON,MapleFreight Fleet,Standard,Refrigerated,Bronze,7,355.8,752.9,2,0,2.8,61.0,2.0,2.1,Clear,62.0,0.35,0,291.83,2.66,0
SHP-105174,Ottawa ON,Hamilton ON,MapleFreight Fleet,Economy,General Freight,Bronze,12,413.1,720.9,5,0,10.13,68.0,5.4,3.1,Rain,54.7,0.146,1,153.12,10.17,0
SHP-101562,Mississauga ON,Winnipeg MB,NorthStar Carriers,Standard,General Freight,Bronze,7,935.5,727.7,5,1,16.64,7.0,10.3,5.0,Clear,58.2,0.614,0,200.01,14.98,0
SHP-105253,Mississauga ON,Calgary AB,MapleFreight Fleet,Standard,General Freight,Silver,6,544.2,609.7,3,0,10.45,27.0,13.1,6.7,Snow,69.9,0.654,2,233.48,10.39,0
SHP-102189,Ottawa ON,Toronto ON,PrairieLine,Economy,Bulk,Gold,3,185.5,1834.6,0,1,1.77,-13.0,9.6,9.2,Clear,53.7,0.696,1,30.0,1.85,0
SHP-101371,Calgary AB,Regina SK,MapleFreight Fleet,Standard,General Freight,Bronze,6,369.5,319.4,1,0,4.38,9.0,1.9,8.6,Clear,46.9,0.464,1,134.73,4.07,0
SHP-104455,Mississauga ON,Montreal QC,MapleFreight Fleet,Standard,General Freight,Silver,6,973.4,1602.0,1,0,13.57,-4.0,13.3,3.3,Clear,15.9,0.075,2,264.26,13.19,0
SHP-100693,Mississauga ON,Ottawa ON,MapleFreight Fleet,Express,General Freight,Gold,11,1356.5,1162.8,2,0,21.61,1.0,4.2,3.3,,32.5,0.488,1,203.91,19.63,0
SHP-104623,Toronto ON,Sudbury ON,PrairieLine,Economy,Refrigerated,Silver,1,711.0,739.3,5,0,13.71,73.0,10.0,4.9,Clear,65.2,0.385,1,185.55,20.49,1
SHP-101654,London ON,Edmonton AB,QuebecExpress,Express,Bulk,Bronze,10,903.2,143.9,1,0,10.39,-6.0,6.3,3.7,Clear,40.0,0.792,1,245.61,10.62,0
SHP-101625,Winnipeg MB,Sudbury ON,MapleFreight Fleet,Standard,General Freight,Gold,8,454.2,139.9,5,0,8.89,42.0,5.2,1.7,Rain,84.2,0.658,2,291.32,10.65,1
SHP-103399,Montreal QC,Regina SK,MapleFreight Fleet,Standard,Hazardous,Bronze,9,697.7,1294.3,1,0,10.98,23.0,2.8,10.8,Rain,55.2,0.594,1,136.37,11.12,0
SHP-102319,Calgary AB,Montreal QC,PrairieLine,Standard,General Freight,Silver,12,1394.2,694.5,4,0,22.32,-18.0,3.2,5.4,Snow,78.1,0.489,1,236.54,27.44,1
SHP-105199,Mississauga ON,Montreal QC,MapleFreight Fleet,Standard,Bulk,Silver,12,850.7,514.5,5,0,14.71,23.0,5.2,0.6,Clear,37.3,0.751,1,221.58,14.48,0
SHP-100576,Toronto ON,Calgary AB,PrairieLine,standard,General Freight,Silver,11,187.6,1002.5,4,0,4.34,49.0,5.6,1.6,,85.5,0.807,0,140.99,3.82,0
SHP-103276,Toronto ON,Winnipeg MB,MapleFreight Fleet,Standard,Bulk,Silver,5,871.8,379.1,3,0,13.45,22.0,12.8,1.7,Snow,62.4,0.353,0,158.73,13.28,0
SHP-100350,Mississauga ON,Calgary AB,MapleFreight Fleet,Standard,General Freight,Silver,3,553.4,2126.5,0,1,9.13,-20.0,18.3,3.6,Clear,71.3,0.482,0,189.72,9.62,0
SHP-101637,Ottawa ON,Sudbury ON,MapleFreight Fleet,Express,Refrigerated,Silver,12,951.2,1228.0,0,0,15.26,-20.0,9.9,6.1,Clear,22.3,0.357,0,201.76,15.77,0
SHP-102349,Calgary AB,Toronto ON,QuebecExpress,Economy,General Freight,Bronze,2,439.0,43.3,4,1,9.6,12.0,6.9,1.7,Fog,68.7,0.17,2,239.39,8.87,0
SHP-105208,Toronto ON,Toronto ON,MapleFreight Fleet,Standard,General Freight,Bronze,8,1075.2,822.8,3,0,17.07,-20.0,9.6,3.0,Rain,60.7,0.315,0,,25.68,1
SHP-100186,Toronto ON,Regina SK,MapleFreight Fleet,Standard,General Freight,Silver,4,516.2,889.4,3,0,9.51,5.0,18.6,6.3,Clear,30.8,0.534,0,127.87,8.55,0
SHP-101460,Winnipeg MB,Edmonton AB,MapleFreight Fleet,Express,Fragile,Gold,11,496.2,325.2,5,0,8.77,41.0,7.5,5.4,Rain,91.8,0.494,2,201.33,10.61,1
SHP-104870,Toronto ON,Hamilton ON,NorthStar Carriers,Standard,Refrigerated,Bronze,9,511.0,1118.0,4,0,10.43,6.0,9.8,2.5,Clear,70.5,0.563,2,208.22,12.94,1
SHP-103503,London ON,Toronto ON,MapleFreight Fleet,Express,Hazardous,Bronze,3,893.6,2553.2,0,0,12.62,-7.0,3.6,13.4,Snow,23.7,0.547,1,182.89,12.56,0
SHP-102667,Montreal QC,Montreal QC,MapleFreight Fleet,Express,Refrigerated,Silver,6,720.3,1742.6,4,0,14.46,38.0,5.0,4.2,Clear,67.9,0.777,0,178.91,14.8,0
SHP-100187,Toronto ON,Ottawa ON,MapleFreight Fleet,Express,General Freight,Gold,7,374.4,1721.4,0,0,5.03,48.0,,2.8,Storm,61.7,0.336,1,205.19,7.94,1
SHP-103809,Mississauga ON,Winnipeg MB,PrairieLine,Express,General Freight,Silver,1,218.4,520.6,3,0,5.04,26.0,1.9,3.3,Clear,62.1,0.554,0,156.22,4.44,0
SHP-105936,Mississauga ON,Montreal QC,MapleFreight Fleet,Standard,Hazardous,Bronze,5,577.2,580.4,5,0,10.21,-9.0,10.4,9.7,Rain,,0.197,1,198.74,10.09,0
SHP-105260,Montreal QC,Hamilton ON,PrairieLine,Standard,General Freight,Silver,6,1540.4,722.0,3,0,23.96,1.0,6.0,1.0,Fog,41.3,0.481,0,161.83,22.24,0
SHP-100783,Toronto ON,Regina SK,MapleFreight Fleet,Standard,Refrigerated,Bronze,12,794.3,691.0,1,0,11.5,48.0,3.6,3.1,Rain,71.4,0.36,0,285.82,11.93,0
SHP-100774,Winnipeg MB,Toronto ON,MapleFreight Fleet,Standard,General Freight,Silver,12,726.2,2080.4,5,0,14.66,-20.0,7.2,6.3,Rain,92.8,0.437,1,320.32,17.88,1
SHP-102593,Mississauga ON,Sudbury ON,MapleFreight Fleet,Economy,Refrigerated,Gold,2,481.5,897.1,2,0,5.41,27.0,5.2,6.5,Clear,32.6,0.346,0,125.34,5.26,0
SHP-100007,Toronto ON,Toronto ON,NorthStar Carriers,Standard,Fragile,Gold,1,182.5,637.4,4,0,3.55,-20.0,5.1,11.4,,48.8,0.107,3,169.1,3.36,0
SHP-102288,Toronto ON,Winnipeg MB,MapleFreight Fleet,Standard,Fragile,Silver,12,791.2,168.4,1,0,13.08,-0.0,12.3,3.8,Clear,64.0,0.042,1,163.23,13.27,0
SHP-104649,Mississauga ON,Hamilton ON,Contract Owner-Op,Economy,General Freight,Silver,9,346.0,2050.4,2,0,4.65,56.0,6.1,3.2,Clear,45.5,0.373,3,164.55,4.64,0
SHP-102669,Montreal QC,Sudbury ON,PrairieLine,Standard,General Freight,Bronze,1,410.5,272.9,4,0,8.18,-20.0,,4.9,Clear,68.2,0.754,0,202.57,7.59,0
SHP-105098,Winnipeg MB,Winnipeg MB,PrairieLine,Standard,Fragile,Silver,5,1085.0,198.6,2,0,17.3,8.0,6.7,1.5,Clear,84.8,0.249,2,102.51,26.63,1
SHP-104526,Toronto ON,Sudbury ON,MapleFreight Fleet,Economy,Bulk,Silver,11,1320.6,626.3,3,0,21.33,6.0,6.6,6.6,Clear,61.3,0.172,1,201.64,21.23,0
SHP-101449,Calgary AB,Toronto ON,MapleFreight Fleet,Standard,Refrigerated,Silver,1,591.9,557.3,3,0,10.68,-17.0,10.6,6.8,Snow,39.1,0.584,3,146.38,13.97,1
SHP-103450,Mississauga ON,Edmonton AB,NorthStar Carriers,Express,Refrigerated,Silver,1,304.1,1601.2,1,1,4.17,53.0,3.7,3.9,Clear,31.4,0.213,4,277.83,3.76,0
SHP-100847,Montreal QC,Montreal QC,NorthStar Carriers,Express,General Freight,Silver,6,579.1,634.4,3,0,11.12,15.0,7.7,3.2,Clear,84.8,0.501,1,154.49,10.4,0
SHP-100545,Winnipeg MB,Regina SK,MapleFreight Fleet,Economy,Hazardous,Silver,8,778.6,1843.3,5,1,13.1,52.0,1.8,2.9,Fog,65.5,0.469,2,170.39,19.93,1
SHP-102410,Calgary AB,Montreal QC,QuebecExpress,Standard,General Freight,Silver,9,909.6,517.0,2,0,13.01,62.0,4.8,17.8,Storm,34.3,0.477,0,186.24,17.3,1
SHP-102886,Toronto ON,Hamilton ON,MapleFreight Fleet,Standard,Refrigerated,Bronze,12,573.2,1310.4,2,0,9.88,-11.0,8.9,5.2,Snow,63.6,0.595,0,196.94,9.27,0
SHP-100446,Montreal QC,Hamilton ON,MapleFreight Fleet,Standard,General Freight,Silver,12,595.7,611.6,1,0,11.12,8.0,7.9,2.3,Clear,32.1,0.506,1,174.28,9.84,0
SHP-102012,Winnipeg MB,Edmonton AB,MapleFreight Fleet,Economy,General Freight,Bronze,5,96.8,551.5,4,0,3.89,0.0,5.1,10.5,Fog,86.0,0.341,1,242.08,3.84,0
SHP-104309,Mississauga ON,Montreal QC,PrairieLine,Express,General Freight,Gold,3,853.4,349.9,3,0,14.6,30.0,3.8,6.5,Fog,100.0,0.157,3,102.1,17.13,1
SHP-105110,Montreal QC,Sudbury ON,NorthStar Carriers,Standard,Bulk,Gold,10,635.8,607.9,0,0,7.18,3.0,6.7,4.4,Clear,52.2,0.915,3,,10.63,1
SHP-103520,Toronto ON,Quebec City QC,MapleFreight Fleet,economy,Bulk,Gold,12,156.6,1385.2,4,0,5.25,38.0,8.8,1.3,Rain,34.8,0.528,1,224.72,5.4,0
SHP-104019,Calgary AB,Sudbury ON,QuebecExpress,Express,General Freight,Bronze,7,737.3,749.2,4,0,12.86,44.0,10.8,5.3,Clear,44.5,0.442,2,94.81,12.88,0
SHP-100915,Toronto ON,Regina SK,QuebecExpress,Economy,Hazardous,Silver,6,386.2,641.6,5,0,9.0,-20.0,1.4,12.9,Clear,44.7,0.15,2,242.74,10.34,1
SHP-104326,Mississauga ON,Montreal QC,Contract Owner-Op,Economy,Hazardous,Silver,11,265.9,238.3,1,0,4.74,-20.0,9.0,9.2,Rain,53.9,0.228,2,181.05,4.42,0
SHP-100284,Montreal QC,Edmonton AB,MapleFreight Fleet,Standard,Refrigerated,Silver,9,335.8,1021.5,2,0,4.94,-20.0,4.7,2.1,Clear,57.1,0.47,2,230.45,4.38,0
SHP-102818,Ottawa ON,Quebec City QC,MapleFreight Fleet,Express,General Freight,Silver,4,309.4,220.4,3,0,7.79,-20.0,1.3,2.1,Fog,51.7,0.465,2,158.44,7.23,0
SHP-105017,Ottawa ON,Hamilton ON,MapleFreight Fleet,Express,General Freight,Bronze,1,427.2,1383.1,0,0,4.72,25.0,8.6,6.1,Snow,32.0,0.861,2,225.25,4.79,0
SHP-102559,London ON,Edmonton AB,QuebecExpress,Standard,General Freight,Silver,8,520.1,876.7,4,0,9.96,12.0,19.0,5.2,Snow,48.5,0.456,0,164.76,10.2,0
SHP-104371,Mississauga ON,Edmonton AB,MapleFreight Fleet,Express,Fragile,Gold,11,212.6,961.9,1,0,2.22,-13.0,2.1,3.6,Rain,47.1,0.457,0,180.64,2.0,0
SHP-105471,Toronto ON,Toronto ON,QuebecExpress,Economy,Refrigerated,Bronze,12,441.5,1875.0,0,1,6.82,23.0,7.2,9.4,Clear,44.0,0.731,1,211.98,6.86,0
SHP-104302,Toronto ON,Winnipeg MB,QuebecExpress,Standard,General Freight,Bronze,11,782.9,633.2,3,0,13.45,4.0,5.2,10.4,Storm,42.7,0.738,0,240.31,12.08,0
SHP-100898,Montreal QC,Sudbury ON,MapleFreight Fleet,Standard,Hazardous,Bronze,10,607.3,820.3,2,0,11.08,22.0,8.1,7.8,Clear,22.7,0.75,2,158.71,10.16,0
SHP-102778,Mississauga ON,Sudbury ON,PrairieLine,Express,Bulk,Silver,4,1067.9,628.5,0,0,13.93,17.0,,4.2,,49.4,0.383,2,,14.31,0
SHP-105465,Toronto ON,Edmonton AB,MapleFreight Fleet,Standard,Refrigerated,Gold,10,479.3,1663.2,4,0,10.3,17.0,6.3,7.6,,57.6,0.462,1,257.82,9.28,0
SHP-102308,Toronto ON,Quebec City QC,MapleFreight Fleet,Standard,General Freight,Silver,12,326.8,714.8,3,0,6.39,-3.0,17.9,2.5,Clear,66.2,0.245,3,120.46,5.8,0
SHP-103012,Montreal QC,Hamilton ON,NorthStar Carriers,Standard,Fragile,Silver,9,1267.7,502.0,5,0,21.08,27.0,9.5,13.4,Clear,56.6,0.505,3,120.52,29.09,1
SHP-103461,Toronto ON,Sudbury ON,QuebecExpress,Economy,Bulk,Bronze,7,531.1,679.2,2,0,7.82,38.0,5.4,3.0,Clear,49.3,0.504,2,232.59,10.17,1
SHP-101543,Toronto ON,Edmonton AB,PrairieLine,Standard,Fragile,Bronze,6,924.9,1354.2,5,0,18.96,64.0,4.0,1.6,Rain,55.9,0.469,1,160.43,28.68,1
SHP-101348,Mississauga ON,Edmonton AB,MapleFreight Fleet,Standard,General Freight,Gold,10,1100.0,1042.4,5,0,19.33,-16.0,1.9,4.9,Snow,82.2,0.738,0,198.78,22.74,1
SHP-102092,Mississauga ON,Regina SK,Contract Owner-Op,Standard,General Freight,Bronze,12,685.0,1249.3,4,0,11.91,-20.0,1.3,4.3,Snow,58.0,0.475,1,136.49,10.77,0
SHP-100520,Ottawa ON,Hamilton ON,QuebecExpress,Standard,Bulk,Silver,1,364.7,1367.9,3,0,8.11,17.0,1.5,3.9,Clear,80.3,0.116,1,305.29,7.38,0
SHP-100569,Mississauga ON,Hamilton ON,Contract Owner-Op,Economy,General Freight,Gold,1,290.2,1195.4,4,1,6.58,-7.0,5.0,5.0,Snow,68.0,0.554,1,194.52,6.5,0
SHP-103581,Toronto ON,Edmonton AB,MapleFreight Fleet,Standard,General Freight,Silver,5,695.9,1334.7,4,0,11.29,-5.0,8.9,4.5,Rain,67.7,0.332,0,326.58,10.55,0
SHP-105656,Toronto ON,Calgary AB,MapleFreight Fleet,Standard,Fragile,Bronze,7,431.8,273.8,2,0,9.37,60.0,5.8,5.3,Snow,84.4,0.436,2,140.47,9.17,0
SHP-103291,Toronto ON,Toronto ON,Contract Owner-Op,Standard,General Freight,Silver,6,968.4,1954.6,2,0,16.91,38.0,13.9,5.3,Clear,27.4,0.216,0,119.17,16.59,0
SHP-100622,Mississauga ON,Toronto ON,NorthStar Carriers,Economy,Fragile,Silver,11,827.3,614.3,0,0,10.68,70.0,7.2,2.4,Rain,81.1,0.553,1,208.51,10.55,0
SHP-105212,Calgary AB,Sudbury ON,QuebecExpress,Standard,General Freight,Gold,8,673.3,1470.3,0,0,9.94,-17.0,2.0,1.8,Rain,25.3,0.462,2,171.86,9.12,0
SHP-102156,London ON,Edmonton AB,MapleFreight Fleet,Express,Bulk,Gold,5,256.3,738.4,5,0,7.41,54.0,1.5,8.7,Snow,63.7,0.466,0,191.24,6.71,0
SHP-103940,Toronto ON,Calgary AB,MapleFreight Fleet,Standard,General Freight,Silver,4,538.0,476.1,4,0,10.72,-20.0,3.5,1.8,Clear,90.0,0.203,3,177.91,10.37,0
SHP-102615,Toronto ON,Montreal QC,MapleFreight Fleet,standard,General Freight,Silver,5,535.1,575.2,3,0,7.8,25.0,5.7,2.4,Snow,59.5,0.244,1,243.09,7.5,0
SHP-100543,Ottawa ON,Sudbury ON,Contract Owner-Op,Economy,General Freight,Bronze,11,388.2,1666.0,1,0,6.05,-20.0,6.9,1.7,,20.4,0.74,3,206.31,5.6,0
SHP-102568,Ottawa ON,Sudbury ON,NorthStar Carriers,Standard,Bulk,Bronze,12,381.5,550.0,1,0,6.72,-20.0,3.1,7.2,Rain,54.0,0.363,0,154.59,6.81,0
SHP-104734,London ON,Ottawa ON,PrairieLine,Standard,Fragile,Silver,11,526.7,1848.9,1,0,7.38,30.0,13.2,1.9,,77.7,0.423,2,215.68,7.73,0
SHP-102182,London ON,Montreal QC,MapleFreight Fleet,Economy,Refrigerated,Bronze,11,503.2,1914.6,5,0,11.51,17.0,2.9,4.2,Snow,65.9,0.298,0,130.44,11.53,0
SHP-104585,Winnipeg MB,Toronto ON,MapleFreight Fleet,Standard,Bulk,Gold,7,1094.6,427.5,0,0,15.57,0.0,5.7,10.8,Snow,56.6,0.074,3,128.7,13.97,0
SHP-100695,Toronto ON,Hamilton ON,PrairieLine,Express,Refrigerated,Bronze,1,283.1,1204.7,2,0,6.05,-8.0,4.5,14.6,Clear,49.1,0.21,2,145.73,6.18,0
SHP-103210,Calgary AB,Sudbury ON,PrairieLine,Standard,Hazardous,Silver,2,569.3,1163.0,3,0,9.53,11.0,2.5,4.4,Storm,40.3,0.236,2,105.36,9.66,0
SHP-102454,Ottawa ON,Sudbury ON,QuebecExpress,Economy,General Freight,Silver,9,780.8,1143.4,1,0,11.62,13.0,21.8,2.8,Snow,54.3,0.474,2,167.65,10.71,0
SHP-100901,Mississauga ON,Montreal QC,MapleFreight Fleet,Express,General Freight,Bronze,3,808.2,1543.7,1,0,12.1,13.0,,5.5,Clear,48.3,0.351,2,237.06,11.71,0
SHP-104862,Mississauga ON,Sudbury ON,QuebecExpress,Standard,General Freight,Silver,7,1058.1,172.8,1,0,15.89,50.0,3.7,1.0,Snow,64.5,0.381,2,149.15,18.58,1
SHP-101076,Calgary AB,Ottawa ON,NorthStar Carriers,Standard,General Freight,Bronze,12,573.5,340.1,5,0,10.23,-20.0,12.7,2.6,Snow,45.6,0.0,2,146.03,10.07,0
SHP-101191,Toronto ON,Sudbury ON,MapleFreight Fleet,Standard,Refrigerated,Silver,11,1267.9,911.6,1,0,18.67,-14.0,1.5,6.2,Clear,24.0,0.413,1,184.12,17.4,0
SHP-100813,London ON,Sudbury ON,MapleFreight Fleet,Express,Refrigerated,Bronze,5,689.8,233.4,5,0,13.67,57.0,10.7,9.0,Clear,63.1,0.192,1,198.18,12.14,0
SHP-101631,Mississauga ON,Ottawa ON,NorthStar Carriers,Express,Hazardous,Silver,9,1625.3,339.0,3,0,26.81,25.0,7.6,6.2,Clear,66.4,0.425,2,199.04,27.66,0
SHP-100093,Montreal QC,Sudbury ON,QuebecExpress,Economy,Bulk,Bronze,4,607.1,2137.7,4,0,8.42,41.0,2.4,3.3,Clear,51.2,0.454,0,218.29,8.07,0
SHP-102020,Montreal QC,Regina SK,NorthStar Carriers,Express,General Freight,Silver,1,622.6,694.7,3,0,9.66,35.0,7.9,3.3,Rain,73.2,0.674,3,218.2,9.91,0
SHP-104252,Montreal QC,Hamilton ON,QuebecExpress,Standard,Bulk,Silver,7,483.7,1606.9,3,0,7.54,58.0,7.4,3.2,Clear,59.5,0.639,1,150.29,7.83,0
SHP-100280,Calgary AB,Ottawa ON,NorthStar Carriers,Standard,General Freight,Gold,2,282.0,749.0,1,0,3.85,-12.0,2.8,5.9,Snow,29.7,0.426,4,158.83,3.45,0
SHP-105836,Winnipeg MB,Sudbury ON,Contract Owner-Op,Standard,General Freight,Gold,8,612.2,845.8,1,0,10.98,42.0,4.2,7.8,Rain,55.8,0.394,3,204.75,11.57,0
SHP-103312,Toronto ON,Regina SK,QuebecExpress,Economy,General Freight,Gold,8,432.5,381.1,2,0,6.94,29.0,2.9,4.4,Rain,48.9,0.543,1,,8.24,1
SHP-105050,London ON,Winnipeg MB,NorthStar Carriers,Express,Bulk,Bronze,11,366.3,1243.7,3,0,7.66,21.0,11.7,5.2,Clear,11.5,0.725,2,222.24,6.82,0
SHP-100674,Calgary AB,Edmonton AB,QuebecExpress,Economy,Hazardous,Silver,6,1445.5,828.5,1,0,20.13,-20.0,2.2,2.2,Rain,44.0,0.018,0,142.89,18.59,0
SHP-101086,Montreal QC,Edmonton AB,QuebecExpress,Economy,General Freight,Bronze,8,287.9,392.7,0,0,4.82,12.0,1.2,10.6,Clear,63.6,0.317,2,194.22,4.45,0
SHP-102536,Calgary AB,Toronto ON,NorthStar Carriers,Standard,General Freight,Silver,11,418.5,1595.6,2,0,6.88,39.0,11.3,1.1,Snow,46.8,0.53,2,177.17,6.36,0
SHP-103798,Montreal QC,Calgary AB,MapleFreight Fleet,Standard,Refrigerated,Bronze,8,360.3,954.5,5,0,7.92,-20.0,1.1,6.8,Clear,78.3,0.189,1,158.01,8.15,0
SHP-104522,Mississauga ON,Calgary AB,NorthStar Carriers,Standard,General Freight,Bronze,8,1093.1,1220.1,2,0,16.21,79.0,8.2,18.1,Fog,34.7,0.526,1,230.32,14.36,0
SHP-100275,Mississauga ON,Montreal QC,NorthStar Carriers,Standard,General Freight,Silver,1,289.2,1554.2,3,1,8.54,37.0,9.8,7.2,Rain,61.6,0.62,3,217.05,8.87,0
SHP-102376,Toronto ON,Ottawa ON,MapleFreight Fleet,Standard,General Freight,Silver,12,826.9,1441.8,3,0,13.84,25.0,5.0,11.8,Clear,65.9,0.467,4,182.51,13.77,0
SHP-100880,London ON,Toronto ON,MapleFreight Fleet,Standard,General Freight,Bronze,9,742.8,931.8,0,0,10.23,0.0,6.0,2.8,Clear,49.6,0.276,0,285.79,9.12,0
SHP-104966,Mississauga ON,Montreal QC,MapleFreight Fleet,Standard,General Freight,Silver,1,551.4,908.5,1,0,9.62,-20.0,2.9,8.2,Clear,36.3,0.2,0,147.64,9.55,0
SHP-105826,Winnipeg MB,Quebec City QC,PrairieLine,Standard,Refrigerated,Bronze,12,674.5,876.2,4,0,11.9,13.0,14.5,3.0,Snow,45.5,0.117,1,171.61,14.81,1
SHP-100531,Toronto ON,Toronto ON,PrairieLine,Economy,General Freight,Silver,4,982.3,1080.6,3,0,15.9,3.0,3.3,3.9,Clear,33.3,0.749,2,198.81,15.28,0
SHP-102219,Montreal QC,Regina SK,NorthStar Carriers,Express,General Freight,Silver,9,324.3,539.2,3,0,7.39,6.0,10.2,3.2,Snow,86.3,0.907,2,152.82,7.01,0
SHP-100149,Montreal QC,Regina SK,PrairieLine,Economy,Fragile,Silver,3,882.7,1792.1,0,0,12.66,18.0,4.4,3.0,Clear,66.3,0.475,0,189.24,18.43,1
SHP-103984,Toronto ON,Calgary AB,MapleFreight Fleet,Standard,Refrigerated,Silver,2,187.0,269.5,0,0,1.68,13.0,12.1,4.0,Snow,75.2,0.581,2,176.76,1.76,0
SHP-100535,Ottawa ON,Regina SK,QuebecExpress,Economy,General Freight,Bronze,6,1433.9,119.6,1,0,19.17,-20.0,2.1,6.6,Clear,94.0,0.224,1,192.1,23.47,1
SHP-104873,Mississauga ON,Quebec City QC,MapleFreight Fleet,Economy,Fragile,Silver,2,849.0,188.0,1,0,11.88,-5.0,20.3,7.4,Snow,75.9,0.019,0,298.47,10.94,0
SHP-105648,Mississauga ON,Sudbury ON,QuebecExpress,Economy,General Freight,Gold,8,558.6,503.7,4,0,7.77,56.0,4.6,7.2,Clear,30.4,0.492,1,208.86,8.2,0
SHP-100861,Montreal QC,Sudbury ON,MapleFreight Fleet,Standard,General Freight,Silver,10,575.6,511.5,3,0,12.14,7.0,10.1,2.5,Rain,67.0,0.154,0,200.99,11.23,0
SHP-105269,Ottawa ON,Regina SK,NorthStar Carriers,Economy,General Freight,Bronze,6,414.6,424.7,4,0,7.26,38.0,9.7,8.3,Snow,56.9,0.329,2,135.05,9.65,1
SHP-100376,London ON,Calgary AB,NorthStar Carriers,Standard,General Freight,Silver,10,1061.4,874.7,2,0,16.21,78.0,7.3,8.1,Clear,76.8,0.606,4,181.36,14.62,0
SHP-100037,Mississauga ON,Calgary AB,MapleFreight Fleet,Economy,General Freight,Silver,9,605.8,864.1,3,1,10.43,37.0,3.3,8.4,Clear,49.8,0.315,2,262.41,10.05,0
SHP-105488,Mississauga ON,Calgary AB,PrairieLine,Standard,Bulk,Bronze,3,552.6,1216.3,2,0,8.4,-20.0,7.3,1.1,Rain,61.0,0.459,2,112.89,8.47,0
SHP-101113,Mississauga ON,Hamilton ON,MapleFreight Fleet,Express,Refrigerated,Bronze,11,688.8,512.8,5,0,11.02,2.0,2.9,1.9,Clear,61.5,0.2,0,124.42,10.21,0
SHP-100686,Mississauga ON,Quebec City QC,MapleFreight Fleet,Express,Bulk,Silver,2,221.8,725.8,2,1,4.96,12.0,11.9,6.0,Clear,75.8,0.638,0,178.71,4.6,0
SHP-101575,Toronto ON,Montreal QC,MapleFreight Fleet,Standard,General Freight,Silver,8,537.9,702.7,4,0,8.52,65.0,13.3,6.1,Clear,58.5,0.403,3,174.29,7.51,0
SHP-102674,London ON,Ottawa ON,MapleFreight Fleet,Express,General Freight,Silver,11,603.1,1203.5,4,0,13.19,-4.0,,5.1,Clear,47.0,0.586,2,159.64,13.46,0
SHP-105842,Winnipeg MB,Ottawa ON,MapleFreight Fleet,Economy,Refrigerated,Silver,5,896.6,1407.7,3,0,15.48,33.0,4.1,6.7,Clear,44.5,0.644,0,309.6,15.6,0
SHP-102966,Toronto ON,Edmonton AB,MapleFreight Fleet,Express,General Freight,Silver,8,427.8,239.1,5,0,9.37,35.0,5.9,10.4,Clear,71.9,0.0,1,178.26,9.63,0
SHP-102233,Mississauga ON,Montreal QC,MapleFreight Fleet,Standard,General Freight,Silver,2,412.5,438.1,4,0,7.58,-20.0,3.1,1.8,Snow,65.7,0.349,1,259.54,6.77,0
SHP-102021,Calgary AB,Regina SK,MapleFreight Fleet,Standard,General Freight,Bronze,7,244.4,739.7,1,1,6.31,39.0,14.2,0.8,,48.2,0.439,1,128.31,6.28,0
SHP-101416,Montreal QC,Calgary AB,MapleFreight Fleet,Standard,General Freight,Silver,10,968.7,2209.2,4,0,16.84,55.0,3.2,1.7,Clear,24.2,0.181,2,124.33,17.6,0
SHP-100659,Mississauga ON,Sudbury ON,QuebecExpress,Standard,Refrigerated,Silver,3,933.9,674.3,1,0,12.04,100.0,0.8,0.7,Rain,39.3,0.357,1,64.2,15.7,1
SHP-105185,Toronto ON,Regina SK,Contract Owner-Op,Express,General Freight,Bronze,2,290.0,946800.0,0,0,3.72,31.0,6.1,5.6,Clear,53.6,0.233,1,144.33,3.69,0
SHP-102765,Mississauga ON,Regina SK,QuebecExpress,Standard,General Freight,Silver,6,924.2,309.9,0,0,12.32,-20.0,3.0,1.8,,46.1,0.426,3,153.56,12.3,0
SHP-100534,Winnipeg MB,Quebec City QC,Contract Owner-Op,Express,Fragile,Silver,10,292.9,1235.8,3,0,6.98,5.0,3.0,2.0,Clear,62.0,0.443,1,216.65,7.24,0
SHP-102427,Mississauga ON,Regina SK,MapleFreight Fleet,Express,General Freight,Bronze,11,410.8,289.9,5,1,10.76,9.0,10.3,6.4,Clear,32.3,0.699,1,162.26,11.04,0
SHP-102958,Toronto ON,Calgary AB,Contract Owner-Op,Economy,Refrigerated,Silver,7,1051.3,1069.9,3,0,16.86,49.0,6.3,3.1,,63.9,0.556,1,180.06,23.42,1
SHP-100124,Montreal QC,Edmonton AB,MapleFreight Fleet,Economy,General Freight,Bronze,3,487.9,586.1,3,0,10.47,64.0,10.2,2.4,Rain,73.1,0.428,3,188.71,10.89,0
SHP-105823,Toronto ON,Winnipeg MB,NorthStar Carriers,Economy,Refrigerated,Bronze,7,975.6,638.3,3,0,13.0,-8.0,21.3,3.4,Clear,5.0,0.437,1,87.64,13.32,0
SHP-104987,Ottawa ON,Regina SK,MapleFreight Fleet,Economy,General Freight,Bronze,9,792.4,1865.8,3,0,11.26,0.0,2.3,11.3,Rain,50.5,0.411,3,133.74,12.73,1
SHP-102429,Mississauga ON,Quebec City QC,MapleFreight Fleet,Economy,General Freight,Bronze,4,436.5,1819.0,5,1,9.3,38.0,6.6,5.0,Clear,55.9,0.359,2,274.15,9.84,0
SHP-105412,Calgary AB,Edmonton AB,PrairieLine,Standard,General Freight,Bronze,2,120.9,2421.6,2,1,1.79,-10.0,5.9,6.5,Rain,43.0,0.37,1,,1.87,0
SHP-102802,London ON,Montreal QC,PrairieLine,Express,General Freight,Bronze,7,867.0,1189.3,4,0,15.16,-20.0,1.2,10.6,Clear,85.1,0.554,2,115.76,13.49,0
SHP-105320,Calgary AB,Toronto ON,MapleFreight Fleet,Economy,Bulk,Silver,7,296.3,939.1,5,0,8.27,56.0,3.6,4.0,,80.0,0.388,0,159.05,12.12,1
SHP-105798,Toronto ON,Ottawa ON,QuebecExpress,Economy,General Freight,Gold,7,658.4,135.2,3,1,11.61,76.0,5.0,5.7,Clear,58.8,0.447,2,160.03,11.22,0
SHP-105943,Ottawa ON,Calgary AB,MapleFreight Fleet,Standard,General Freight,Bronze,1,518.2,395.9,2,0,8.71,20.0,5.8,6.4,,48.4,0.063,2,226.53,7.71,0
SHP-101306,Toronto ON,Ottawa ON,MapleFreight Fleet,Express,Fragile,Bronze,11,347.2,1824.3,0,0,4.57,4.0,1.1,4.7,,51.6,0.217,1,65.6,4.69,0
SHP-104395,Winnipeg MB,Ottawa ON,NorthStar Carriers,Standard,General Freight,Bronze,2,610.8,146.9,3,0,10.98,8.0,12.8,3.1,Clear,61.8,0.299,2,179.73,10.61,0
SHP-104226,Calgary AB,Calgary AB,NorthStar Carriers,Standard,General Freight,Gold,4,217.2,850.7,1,0,4.44,16.0,5.4,2.4,Clear,39.0,0.463,2,,4.02,0
SHP-102303,Winnipeg MB,Edmonton AB,PrairieLine,Standard,General Freight,Bronze,5,186.2,608.6,1,0,3.71,41.0,1.4,10.7,Fog,56.0,0.939,1,194.27,3.61,0
SHP-104689,London ON,Regina SK,MapleFreight Fleet,Economy,General Freight,Silver,1,608.6,617.8,3,0,13.31,64.0,3.1,8.5,Clear,73.6,0.275,1,,14.07,0
SHP-101398,Winnipeg MB,Regina SK,Contract Owner-Op,Economy,Bulk,Silver,10,778.3,191.2,1,0,11.51,24.0,22.3,4.3,Clear,45.0,0.64,1,109.0,11.74,0
SHP-102603,Montreal QC,Toronto ON,QuebecExpress,Standard,General Freight,Gold,6,826.9,1067.9,3,0,13.23,18.0,,5.2,Clear,57.9,0.165,1,,13.1,0
SHP-103148,Calgary AB,Calgary AB,NorthStar Carriers,Standard,General Freight,Silver,2,534.3,538.6,1,0,7.19,43.0,1.6,3.1,Clear,45.4,0.651,1,269.65,6.64,0
SHP-102727,Calgary AB,Regina SK,NorthStar Carriers,Standard,General Freight,Bronze,9,175.7,1296.4,5,0,6.3,-20.0,4.8,4.5,Storm,42.0,0.72,0,175.49,5.64,0
SHP-104531,Mississauga ON,Winnipeg MB,MapleFreight Fleet,standard,Hazardous,Silver,5,342.0,921.5,2,0,6.2,47.0,10.3,4.9,Clear,50.5,0.596,1,74.4,5.66,0
SHP-102348,Ottawa ON,Edmonton AB,NorthStar Carriers,Economy,General Freight,Gold,8,806.0,1301.8,0,0,12.78,-3.0,14.3,10.5,Rain,49.6,0.468,1,210.93,11.69,0
SHP-103290,Ottawa ON,Hamilton ON,MapleFreight Fleet,Standard,Fragile,Silver,7,431.1,554.2,0,0,4.97,19.0,8.5,3.6,Clear,93.7,0.745,4,154.55,4.67,0
SHP-105551,Toronto ON,Toronto ON,MapleFreight Fleet,Standard,Fragile,Gold,5,711.7,1101.3,0,1,10.14,-9.0,3.7,4.5,,62.6,0.508,3,168.85,10.1,0
SHP-102393,Mississauga ON,Edmonton AB,PrairieLine,Express,General Freight,Bronze,3,443.0,1165.7,4,0,9.92,17.0,0.7,3.6,Rain,38.0,0.333,4,182.16,9.46,0
SHP-103638,Calgary AB,Edmonton AB,MapleFreight Fleet,Standard,Bulk,Bronze,3,671.0,954.5,0,0,11.13,44.0,12.8,3.3,Rain,59.1,0.498,2,242.33,9.87,0
SHP-103142,Toronto ON,Montreal QC,MapleFreight Fleet,Express,Hazardous,Bronze,4,526.7,649.2,5,0,9.59,-20.0,1.5,6.2,Clear,35.5,0.401,1,166.35,9.92,0
SHP-104273,Mississauga ON,Winnipeg MB,NorthStar Carriers,Standard,General Freight,Silver,5,343.5,1090.6,1,0,5.35,31.0,3.0,3.4,Snow,54.0,0.842,1,233.66,4.89,0
SHP-103019,Ottawa ON,Winnipeg MB,Contract Owner-Op,Express,Hazardous,Gold,3,290.1,522.6,3,0,6.38,-10.0,2.9,3.0,Clear,70.4,0.57,0,248.47,6.33,0
SHP-100455,Ottawa ON,Montreal QC,NorthStar Carriers,Standard,General Freight,Silver,11,953.2,282.2,3,0,14.68,14.0,5.0,1.8,Clear,78.7,0.381,1,119.06,13.65,0
SHP-102779,Calgary AB,Montreal QC,QuebecExpress,Standard,Hazardous,Bronze,4,263.7,1214.3,0,0,3.37,68.0,1.0,6.5,Clear,67.4,0.327,1,130.93,3.42,0
SHP-100023,Ottawa ON,Regina SK,QuebecExpress,Express,Refrigerated,Silver,5,1293.1,2050.4,4,1,19.42,-20.0,0.6,6.9,Clear,17.6,0.497,2,100.83,19.79,0
SHP-100537,Toronto ON,Winnipeg MB,MapleFreight Fleet,Standard,General Freight,Silver,3,294.6,671.5,0,1,5.54,27.0,3.4,5.9,Clear,18.5,0.497,2,193.8,5.23,0
SHP-103339,Toronto ON,Montreal QC,MapleFreight Fleet,Express,General Freight,Silver,7,612.3,1272.4,4,1,9.89,85.0,2.8,6.9,Clear,44.8,0.503,2,212.59,9.63,0
SHP-104363,Toronto ON,Hamilton ON,MapleFreight Fleet,Standard,General Freight,Gold,11,547.2,1445.4,4,0,10.77,25.0,1.2,7.0,Storm,42.3,0.443,0,170.56,14.73,1
SHP-101362,Mississauga ON,Winnipeg MB,PrairieLine,Express,General Freight,Gold,7,285.5,185.6,4,0,5.06,43.0,,10.2,Snow,69.8,0.306,1,136.89,7.39,1
SHP-101071,Montreal QC,Winnipeg MB,NorthStar Carriers,Standard,Fragile,Bronze,8,715.2,104.0,1,0,9.75,1.0,6.5,6.0,Rain,55.5,0.563,1,120.38,9.05,0
SHP-101149,Toronto ON,Ottawa ON,QuebecExpress,Standard,Hazardous,Gold,1,688.7,447.2,3,0,12.49,26.0,6.5,0.6,Snow,67.5,0.554,1,274.75,14.93,1
SHP-101683,Ottawa ON,Quebec City QC,MapleFreight Fleet,Express,Bulk,Silver,4,594.1,273.9,1,0,8.4,32.0,,1.7,Clear,81.0,0.217,0,110.47,7.58,0
SHP-103056,Toronto ON,Quebec City QC,QuebecExpress,Standard,General Freight,Silver,1,604.1,448.7,2,1,10.35,56.0,10.1,4.8,Rain,53.8,0.566,0,238.2,10.22,0
SHP-100597,Toronto ON,Winnipeg MB,PrairieLine,Express,General Freight,Silver,3,712.1,971.1,0,1,11.65,7.0,2.6,5.1,Clear,53.4,0.1,4,218.4,11.05,0
SHP-103024,Toronto ON,Edmonton AB,MapleFreight Fleet,express,Fragile,Silver,9,850.2,807.4,2,1,12.99,32.0,2.6,12.1,Clear,54.4,0.187,2,152.35,13.35,0
SHP-104628,Winnipeg MB,Quebec City QC,PrairieLine,Express,General Freight,Silver,10,572.2,524.4,4,0,10.44,-1.0,4.7,3.2,Clear,82.0,0.434,0,160.21,10.61,0
SHP-104602,Montreal QC,Hamilton ON,MapleFreight Fleet,Economy,Hazardous,Bronze,8,776.8,194.0,4,0,13.48,23.0,4.4,6.7,Clear,40.1,0.465,0,229.06,12.3,0
SHP-104639,Winnipeg MB,Ottawa ON,PrairieLine,Standard,General Freight,Gold,12,1237.6,671.5,2,0,18.62,8.0,6.2,1.0,Clear,64.9,0.49,0,231.14,18.71,0
SHP-104068,Ottawa ON,Calgary AB,MapleFreight Fleet,Economy,General Freight,Bronze,11,1204.1,846.1,4,0,19.41,-20.0,2.2,1.9,Clear,62.1,0.165,0,222.45,19.77,0
SHP-102144,Mississauga ON,Toronto ON,QuebecExpress,Economy,General Freight,Silver,11,435.0,564.3,4,0,8.7,78.0,11.4,13.6,Snow,45.4,0.605,0,230.7,8.6,0
SHP-103662,Toronto ON,Sudbury ON,MapleFreight Fleet,Standard,Fragile,Silver,12,403.1,828.3,5,0,6.63,13.0,,7.3,Rain,59.4,0.647,3,219.68,6.93,0
SHP-105075,Calgary AB,Quebec City QC,NorthStar Carriers,Economy,General Freight,Silver,8,1223.7,743.7,4,0,19.85,44.0,3.5,5.8,Clear,76.3,0.517,1,222.4,31.37,1
SHP-101004,Montreal QC,Winnipeg MB,NorthStar Carriers,Standard,Fragile,Gold,7,293.8,867.6,0,0,4.5,31.0,5.3,3.9,Clear,,0.52,0,172.57,4.37,0
SHP-101132,Mississauga ON,Edmonton AB,MapleFreight Fleet,Standard,General Freight,Bronze,5,524.0,334.4,1,0,7.93,45.0,9.7,3.1,Clear,49.8,0.164,0,75.35,7.16,0
SHP-103878,Montreal QC,Winnipeg MB,PrairieLine,Standard,Refrigerated,Silver,5,629.2,1202.3,2,0,7.24,-20.0,14.1,6.0,Rain,22.3,0.246,0,154.65,6.47,0
SHP-105721,Calgary AB,Calgary AB,MapleFreight Fleet,Standard,General Freight,Silver,9,551.5,396.7,5,0,10.67,57.0,10.1,3.1,Snow,,0.224,2,195.84,14.42,1
SHP-101511,Mississauga ON,Toronto ON,MapleFreight Fleet,Standard,Fragile,Gold,9,247.0,579.7,0,1,3.75,38.0,6.1,10.0,Clear,24.9,1.0,2,195.46,3.61,0
SHP-104322,Toronto ON,Toronto ON,PrairieLine,Economy,Fragile,Silver,11,898.5,1113.8,1,0,14.57,37.0,2.1,3.7,Clear,64.0,0.399,5,121.45,20.58,1
SHP-102423,Mississauga ON,Quebec City QC,PrairieLine,Express,Refrigerated,Silver,10,548.8,3196.7,0,0,6.61,53.0,2.9,10.3,Clear,81.5,0.341,2,248.77,5.85,0
SHP-105985,Ottawa ON,Toronto ON,MapleFreight Fleet,Standard,Bulk,Gold,3,184.5,684.9,2,0,2.36,1.0,0.4,5.1,Rain,47.4,0.58,1,308.25,2.1,0
SHP-100229,Calgary AB,Quebec City QC,MapleFreight Fleet,Standard,General Freight,Silver,9,143.0,608.6,4,0,5.18,47.0,4.7,7.0,Snow,36.0,0.575,0,149.77,5.01,0
SHP-100435,London ON,Ottawa ON,NorthStar Carriers,Standard,Refrigerated,Silver,5,953.6,387.3,0,0,11.93,30.0,3.8,6.6,Storm,75.8,0.04,2,228.49,12.36,0
SHP-102959,London ON,Quebec City QC,MapleFreight Fleet,Express,General Freight,Silver,12,1154.4,952.4,4,0,19.44,-20.0,14.0,5.4,Snow,44.5,0.426,1,208.89,19.54,0
SHP-105209,Toronto ON,Hamilton ON,MapleFreight Fleet,Economy,General Freight,Gold,6,1026.0,1337.2,5,0,15.08,-19.0,2.8,4.2,Clear,100.0,0.591,1,212.99,13.68,0
SHP-105137,Calgary AB,Toronto ON,PrairieLine,Economy,General Freight,Silver,12,408.8,1095.9,3,0,8.08,-13.0,2.9,4.6,Storm,35.1,0.726,1,191.27,8.16,0
SHP-105624,Montreal QC,Hamilton ON,MapleFreight Fleet,Economy,Refrigerated,Silver,6,972.3,913.8,5,0,18.57,28.0,17.5,11.1,Fog,53.4,0.505,2,112.69,16.49,0
SHP-101292,Montreal QC,Sudbury ON,MapleFreight Fleet,Economy,General Freight,Silver,4,1078.2,485.4,0,0,15.87,-17.0,,5.7,Rain,38.3,0.584,4,110.07,16.27,0
SHP-104045,Calgary AB,Regina SK,QuebecExpress,Economy,General Freight,Bronze,1,632.1,2265.3,0,0,9.76,1.0,10.0,5.2,Rain,40.5,0.27,1,244.3,14.07,1
SHP-102136,Ottawa ON,Quebec City QC,MapleFreight Fleet,Standard,Fragile,Bronze,1,987.8,625.4,0,0,13.51,45.0,4.8,1.7,,41.2,0.367,1,57.47,12.43,0
SHP-104975,Toronto ON,Sudbury ON,Contract Owner-Op,Standard,General Freight,Gold,6,703.0,373.6,0,0,8.55,-20.0,8.1,2.6,Clear,73.5,0.221,0,270.06,8.5,0
SHP-101979,Montreal QC,Sudbury ON,NorthStar Carriers,Standard,Fragile,Bronze,6,767.6,89.0,3,0,12.21,32.0,5.7,5.8,,75.0,0.404,0,169.05,11.75,0
SHP-103468,London ON,Toronto ON,PrairieLine,Standard,Bulk,Bronze,7,568.0,1613.8,5,0,8.57,-13.0,3.0,7.6,Snow,50.6,0.599,1,293.0,10.17,1
SHP-102655,Montreal QC,Ottawa ON,MapleFreight Fleet,Standard,Bulk,Bronze,2,138.3,259.7,3,0,3.83,-20.0,2.6,6.4,Clear,39.3,0.544,1,189.13,3.47,0
SHP-103476,Winnipeg MB,Ottawa ON,MapleFreight Fleet,Express,Bulk,Gold,4,234.7,460.0,3,0,4.98,-20.0,2.1,4.5,Snow,63.3,0.0,0,139.13,4.56,0
SHP-104005,Mississauga ON,Ottawa ON,NorthStar Carriers,Express,General Freight,Silver,5,968.8,1208.8,0,0,11.93,14.0,3.7,9.6,Clear,83.0,0.218,2,213.29,12.24,0
SHP-105803,Winnipeg MB,Sudbury ON,Contract Owner-Op,Standard,General Freight,Bronze,1,708.4,487.2,2,0,9.86,22.0,3.3,11.6,Clear,88.2,0.289,2,156.76,11.82,1
SHP-103125,Mississauga ON,Regina SK,QuebecExpress,Express,General Freight,Bronze,7,400.8,268.8,5,0,10.64,17.0,9.2,5.1,Clear,52.7,0.318,3,207.64,9.56,0
SHP-103562,London ON,Toronto ON,MapleFreight Fleet,Economy,General Freight,Silver,6,1331.5,464.9,5,0,21.97,70.0,4.5,6.5,Rain,27.1,0.339,0,200.31,20.13,0
SHP-103616,Ottawa ON,Sudbury ON,MapleFreight Fleet,Standard,Fragile,Bronze,11,563.7,962.2,3,0,8.24,8.0,2.3,2.6,Snow,46.8,0.211,1,189.55,7.51,0
SHP-103013,Toronto ON,Hamilton ON,NorthStar Carriers,Standard,Fragile,Silver,11,332.5,1824.4,2,0,5.0,105.0,17.1,3.0,Clear,27.9,0.414,1,268.34,5.03,0
SHP-104069,Toronto ON,Calgary AB,NorthStar Carriers,Standard,Refrigerated,Bronze,8,1138.7,825.2,2,0,16.23,-20.0,10.5,2.5,Rain,76.2,0.835,1,190.94,18.4,1
SHP-102671,Mississauga ON,Calgary AB,QuebecExpress,Standard,Fragile,Silver,1,1323.9,862.1,0,0,18.97,26.0,13.5,8.7,Clear,39.1,0.427,2,203.75,18.13,0
SHP-100984,Toronto ON,Hamilton ON,MapleFreight Fleet,Economy,General Freight,Bronze,2,221.9,636.0,5,0,4.67,53.0,5.6,3.7,Clear,22.6,0.437,2,,4.72,0
SHP-102487,London ON,Quebec City QC,MapleFreight Fleet,Economy,General Freight,Bronze,3,803.9,276.4,0,0,11.77,28.0,6.5,6.1,Clear,49.6,0.404,1,189.65,10.75,0
SHP-100372,Toronto ON,Sudbury ON,PrairieLine,Standard,General Freight,Silver,10,513.0,2122.0,5,0,9.05,21.0,4.6,4.5,Snow,38.6,0.517,2,232.34,13.8,1
SHP-103213,Winnipeg MB,Regina SK,PrairieLine,Standard,Refrigerated,Silver,3,925.0,2377.6,3,0,15.94,45.0,4.8,1.8,Rain,35.8,0.263,1,109.34,14.05,0
SHP-102256,London ON,Winnipeg MB,PrairieLine,Economy,General Freight,Gold,7,702.2,425300.0,4,0,12.44,-6.0,3.9,3.8,Storm,75.6,0.222,3,167.01,18.3,1
SHP-102704,Montreal QC,Regina SK,NorthStar Carriers,Standard,General Freight,Bronze,7,289.7,1041.3,5,0,8.07,-14.0,3.6,8.5,Clear,52.0,0.071,2,90.97,12.91,1
SHP-104868,Winnipeg MB,Winnipeg MB,MapleFreight Fleet,Standard,General Freight,Silver,7,723.7,1255.7,3,1,12.27,-8.0,9.6,8.4,Clear,62.4,0.532,0,131.59,11.35,0
SHP-101912,Mississauga ON,Calgary AB,MapleFreight Fleet,Economy,General Freight,Silver,6,625.6,380.8,3,0,11.06,-17.0,5.6,8.7,Storm,31.5,0.408,3,131.53,16.87,1
SHP-103602,Mississauga ON,Sudbury ON,PrairieLine,Express,General Freight,Silver,5,1211.6,534.1,2,0,18.91,82.0,9.8,10.8,Clear,57.7,0.249,0,137.53,16.77,0
SHP-101549,Toronto ON,Hamilton ON,QuebecExpress,Standard,Fragile,Silver,5,396.2,611.3,1,0,6.93,21.0,9.0,4.4,Clear,54.5,0.246,1,148.49,6.79,0
SHP-103543,Mississauga ON,Winnipeg MB,MapleFreight Fleet,Economy,Fragile,Bronze,7,887.5,855.9,1,0,14.09,-5.0,2.9,12.3,Fog,79.2,0.28,0,116.87,14.11,0
SHP-101173,Toronto ON,Regina SK,PrairieLine,Express,Fragile,Bronze,4,136.6,931.1,5,0,4.5,4.0,21.5,7.8,Snow,49.2,0.323,0,122.53,4.03,0
SHP-104758,Toronto ON,Sudbury ON,NorthStar Carriers,Economy,Fragile,Gold,6,766.9,578.5,3,0,12.82,53.0,0.9,4.0,Clear,25.3,0.409,1,233.98,12.06,0
SHP-102475,Montreal QC,Hamilton ON,QuebecExpress,Standard,Bulk,Bronze,12,421.0,1550.3,5,0,10.95,1.0,7.6,7.5,Clear,56.1,0.392,0,196.87,10.09,0
SHP-102525,London ON,Regina SK,MapleFreight Fleet,Economy,General Freight,Bronze,5,1075.1,2302.4,3,0,17.5,62.0,3.9,4.4,Clear,17.4,0.607,0,231.89,17.21,0
SHP-103325,Mississauga ON,Quebec City QC,MapleFreight Fleet,Standard,General Freight,Silver,3,230.8,1106.0,1,0,4.87,25.0,7.8,7.6,Clear,68.6,0.204,1,79.09,5.0,0
SHP-100042,Calgary AB,Hamilton ON,QuebecExpress,Express,Refrigerated,Silver,10,498.4,414.2,3,0,10.46,-13.0,3.3,5.7,Clear,55.4,0.575,2,159.99,9.69,0
SHP-103283,Calgary AB,Hamilton ON,MapleFreight Fleet,Standard,General Freight,Gold,10,818.8,101.0,5,1,16.49,57.0,2.4,2.8,Rain,60.7,0.777,2,199.12,24.51,1
SHP-105344,London ON,Toronto ON,QuebecExpress,Standard,Hazardous,Silver,4,454.0,1523.0,4,0,9.41,51.0,4.9,4.3,Fog,77.0,0.169,2,148.62,14.63,1
SHP-101837,London ON,Montreal QC,MapleFreight Fleet,Economy,Bulk,Gold,2,503.0,1185.9,3,0,9.32,29.0,2.2,3.6,Clear,78.4,0.583,1,184.78,10.57,1
SHP-105213,Winnipeg MB,Quebec City QC,MapleFreight Fleet,Standard,General Freight,Silver,11,729.3,379.9,5,0,12.68,27.0,1.8,2.7,Fog,55.0,0.352,1,126.33,12.93,0
SHP-101980,London ON,Toronto ON,PrairieLine,Standard,General Freight,Silver,10,840.4,1135.1,0,0,10.06,0.0,7.3,5.2,Rain,84.0,0.455,0,111.32,9.26,0
SHP-104190,Montreal QC,Quebec City QC,PrairieLine,Standard,General Freight,Silver,12,959.3,418.8,0,0,12.61,-2.0,1.7,6.5,Snow,76.3,0.561,1,244.39,16.02,1
SHP-104598,Mississauga ON,Montreal QC,MapleFreight Fleet,Standard,General Freight,Bronze,6,999.4,903.7,2,0,15.58,-20.0,0.4,6.8,Fog,43.4,0.873,1,86.69,15.72,0
SHP-102412,Mississauga ON,Montreal QC,PrairieLine,Standard,Hazardous,Silver,6,385.0,281.3,2,0,6.3,1.0,9.6,3.0,Clear,55.6,0.558,1,147.1,6.41,0
SHP-101871,Calgary AB,Hamilton ON,MapleFreight Fleet,Standard,Hazardous,Bronze,7,286.4,180.0,4,0,8.37,27.0,20.2,5.9,Rain,45.0,0.709,1,189.66,8.27,0
SHP-101078,Ottawa ON,Sudbury ON,QuebecExpress,Express,Fragile,Bronze,7,501.8,716.1,1,1,8.32,76.0,18.1,9.2,Clear,61.3,0.436,3,159.99,7.74,0
SHP-102318,Ottawa ON,Ottawa ON,Contract Owner-Op,Standard,Refrigerated,Bronze,4,412.4,910.8,4,0,9.11,7.0,4.8,12.5,Rain,95.6,0.407,0,234.9,14.51,1
SHP-105273,Ottawa ON,Hamilton ON,MapleFreight Fleet,Standard,Bulk,Bronze,7,914.1,289.4,0,0,14.92,19.0,1.5,2.3,Rain,50.8,0.63,3,134.81,16.79,1
SHP-104086,Mississauga ON,Ottawa ON,NorthStar Carriers,Express,General Freight,Silver,9,355.0,464.9,1,0,5.52,26.0,19.5,4.8,Clear,73.5,0.405,1,220.55,5.5,0
SHP-104776,Mississauga ON,Calgary AB,MapleFreight Fleet,Standard,General Freight,Silver,6,254.2,817.7,0,0,2.98,47.0,2.5,13.8,Clear,35.3,0.393,1,189.68,3.16,0
SHP-102133,Montreal QC,Calgary AB,MapleFreight Fleet,Economy,Bulk,Gold,7,447.0,1023.1,3,1,8.2,14.0,2.9,10.7,Clear,44.1,0.065,2,185.48,7.26,0
SHP-101404,Calgary AB,Winnipeg MB,QuebecExpress,Express,General Freight,Bronze,10,506.8,102.5,3,0,9.06,98.0,7.2,5.5,Snow,73.4,0.358,0,184.38,8.28,0
SHP-105666,Montreal QC,Edmonton AB,MapleFreight Fleet,Express,Fragile,Gold,4,841.1,1009.8,0,0,10.87,6.0,5.4,5.7,Clear,41.7,0.27,0,246.51,11.36,0
SHP-100192,Montreal QC,Winnipeg MB,QuebecExpress,Standard,General Freight,Silver,5,1007.9,165.6,2,0,15.6,2.0,0.2,3.3,Rain,54.9,0.489,1,230.51,20.04,1
SHP-100205,Montreal QC,Montreal QC,MapleFreight Fleet,Standard,Hazardous,Silver,8,539.9,1184.9,2,0,8.14,26.0,5.4,3.3,Snow,38.0,0.811,0,129.05,7.44,0
SHP-104203,Montreal QC,Ottawa ON,MapleFreight Fleet,Standard,Fragile,Bronze,12,645.9,930.0,0,0,8.84,35.0,3.7,4.3,Clear,68.2,0.383,2,77.17,9.13,0
SHP-103791,Toronto ON,Montreal QC,PrairieLine,Standard,Bulk,Bronze,1,485.8,398.0,4,0,8.74,-14.0,4.9,8.5,Clear,50.4,0.369,1,221.18,7.69,0
SHP-102489,Ottawa ON,Calgary AB,PrairieLine,Express,Fragile,Silver,10,366.8,811.6,3,1,6.81,-20.0,11.6,10.7,Clear,64.1,0.306,1,231.25,6.12,0
SHP-104863,Calgary AB,Quebec City QC,Contract Owner-Op,Standard,Bulk,Bronze,5,461.5,3490.5,1,0,7.23,8.0,10.9,3.8,Storm,54.8,0.255,2,230.14,7.09,0
SHP-102198,Mississauga ON,Sudbury ON,PrairieLine,Express,General Freight,Gold,6,217.3,1128.2,4,0,7.82,34.0,5.1,0.9,Rain,48.0,0.436,1,247.32,7.52,0
SHP-102839,Montreal QC,Edmonton AB,NorthStar Carriers,Express,General Freight,Silver,7,250.1,2360.2,4,0,7.29,29.0,7.5,1.8,Rain,51.3,0.545,1,171.42,6.5,0
SHP-101956,Toronto ON,Ottawa ON,MapleFreight Fleet,Standard,General Freight,Silver,4,517.3,809.9,1,0,9.12,115.0,1.8,1.3,Storm,50.0,0.523,1,191.53,8.75,0
SHP-105390,Ottawa ON,Winnipeg MB,Contract Owner-Op,Economy,General Freight,Gold,9,567.9,1581.4,1,0,8.58,-12.0,8.1,8.0,Clear,78.1,0.124,0,183.77,7.81,0
SHP-100199,London ON,Montreal QC,NorthStar Carriers,Economy,Fragile,Bronze,8,1413.3,985.6,3,0,22.26,62.0,3.8,4.3,Clear,52.6,0.32,1,145.69,34.08,1
SHP-103488,Montreal QC,Montreal QC,QuebecExpress,Economy,General Freight,Bronze,4,454.1,3860.5,2,0,8.32,26.0,6.9,2.8,Clear,69.8,0.288,1,,7.75,0
SHP-102937,Toronto ON,Toronto ON,MapleFreight Fleet,Standard,Refrigerated,Bronze,5,332.2,365.3,4,0,9.39,58.0,5.6,1.9,Clear,39.6,0.813,3,133.08,9.06,0
SHP-105322,Ottawa ON,Regina SK,Contract Owner-Op,Standard,Refrigerated,Bronze,5,400.5,1553.5,1,0,6.44,59.0,9.3,6.9,Rain,28.6,0.484,1,291.45,6.34,0
SHP-102088,Mississauga ON,Montreal QC,NorthStar Carriers,Standard,General Freight,Silver,5,284.3,595.4,4,0,6.66,-18.0,9.0,8.5,Rain,33.2,0.112,1,122.44,6.09,0
SHP-102385,Calgary AB,Edmonton AB,NorthStar Carriers,Economy,Fragile,Bronze,3,567.9,202.7,4,0,10.04,41.0,1.6,5.1,Snow,70.7,0.81,1,142.01,12.62,1
SHP-100827,Toronto ON,Montreal QC,MapleFreight Fleet,Standard,Fragile,Bronze,6,786.3,177.8,4,0,14.0,13.0,9.6,6.8,Clear,64.0,0.296,0,155.8,13.66,0
SHP-100189,Toronto ON,Edmonton AB,MapleFreight Fleet,Economy,Bulk,Gold,5,352.2,847.3,3,0,8.53,6.0,15.5,3.0,Clear,70.2,0.496,0,219.73,7.58,0
SHP-102031,Winnipeg MB,Calgary AB,MapleFreight Fleet,Standard,Refrigerated,Silver,11,1044.6,395.0,1,0,13.49,6.0,0.8,1.7,Snow,33.7,0.615,3,239.74,20.34,1
SHP-103362,Calgary AB,Edmonton AB,MapleFreight Fleet,express,Hazardous,Bronze,6,406.8,2791.6,4,0,7.7,4.0,0.7,4.1,Clear,78.1,0.426,1,236.17,7.05,0
SHP-103155,Calgary AB,Toronto ON,MapleFreight Fleet,Express,General Freight,Silver,7,984.0,2375.8,0,0,13.56,-8.0,13.6,1.9,Clear,43.6,0.667,1,175.97,12.08,0
SHP-104737,Toronto ON,Regina SK,MapleFreight Fleet,Economy,Bulk,Gold,8,741.4,1005.3,1,0,10.49,18.0,5.1,6.2,Clear,61.5,0.745,1,177.5,14.64,1
SHP-104355,Toronto ON,Quebec City QC,MapleFreight Fleet,Express,Bulk,Bronze,7,855.3,794.9,4,1,13.82,1.0,16.5,9.0,Rain,33.9,0.406,1,197.38,14.32,0
SHP-104052,Toronto ON,Quebec City QC,MapleFreight Fleet,Standard,General Freight,Bronze,10,642.4,398.8,1,0,10.47,-19.0,3.6,3.3,Clear,81.6,0.299,2,171.6,10.23,0
SHP-105222,London ON,Quebec City QC,MapleFreight Fleet,Standard,Refrigerated,Bronze,2,760.1,974.7,0,0,11.47,-20.0,7.3,15.5,Fog,96.6,0.435,0,141.97,11.41,0
SHP-103435,Ottawa ON,Ottawa ON,MapleFreight Fleet,Standard,General Freight,Silver,12,1730.9,1322.2,5,0,25.86,15.0,1.2,2.8,Clear,78.0,0.17,2,161.95,26.05,0
SHP-100090,Toronto ON,Winnipeg MB,PrairieLine,Standard,Bulk,Gold,5,192.9,827.2,4,0,8.09,33.0,7.9,1.9,Snow,43.3,0.431,1,52.1,10.14,1
SHP-102883,Toronto ON,Hamilton ON,QuebecExpress,Express,General Freight,Silver,3,694.0,1047.4,3,1,12.83,-2.0,6.7,8.7,Snow,5.0,0.926,1,230.58,13.16,0
SHP-103217,London ON,Toronto ON,MapleFreight Fleet,Express,General Freight,Gold,11,425.5,670.8,2,0,8.74,22.0,3.8,4.0,Clear,66.5,0.301,1,208.98,8.98,0
SHP-100899,Ottawa ON,Hamilton ON,QuebecExpress,Express,Bulk,Silver,10,317.6,926.4,2,0,5.86,68.0,8.2,5.6,Rain,21.8,0.529,1,140.56,5.69,0
SHP-105374,Toronto ON,Ottawa ON,QuebecExpress,Standard,Refrigerated,Bronze,5,331.2,513.7,0,0,5.24,-20.0,4.7,2.1,Clear,82.0,0.344,1,41.13,5.17,0
SHP-103706,Montreal QC,Winnipeg MB,PrairieLine,Standard,General Freight,Gold,2,157.8,1010.6,5,1,5.18,38.0,16.5,8.1,Snow,48.7,0.761,1,119.28,4.76,0
SHP-105522,Toronto ON,Regina SK,MapleFreight Fleet,Standard,General Freight,Bronze,1,442.6,283.0,3,0,10.23,59.0,7.1,2.2,Clear,84.3,0.311,2,175.2,9.09,0
SHP-104539,Mississauga ON,Toronto ON,PrairieLine,Economy,General Freight,Bronze,7,458.3,3308.0,2,0,6.6,57.0,15.0,9.3,Rain,40.6,0.177,0,74.03,6.85,0
SHP-102369,London ON,Hamilton ON,MapleFreight Fleet,Express,Fragile,Silver,2,674.2,958.6,4,1,11.14,-20.0,3.0,9.4,Clear,36.7,0.332,0,135.8,10.97,0
SHP-102492,Montreal QC,Quebec City QC,MapleFreight Fleet,Standard,General Freight,Silver,5,237.5,1683.5,3,1,6.28,-20.0,0.9,5.7,Rain,51.7,0.214,2,164.33,6.02,0
SHP-101709,Toronto ON,Toronto ON,NorthStar Carriers,Standard,Bulk,Silver,10,96.9,1146.4,0,0,1.0,100.0,3.8,4.8,Clear,50.7,0.484,0,178.73,0.91,0
SHP-101877,Mississauga ON,Winnipeg MB,MapleFreight Fleet,Standard,Fragile,Bronze,9,713.3,675.7,2,0,10.16,-1.0,3.9,5.0,Clear,32.4,0.501,1,,9.82,0
SHP-101753,Calgary AB,Sudbury ON,QuebecExpress,Standard,General Freight,Bronze,12,1905.4,1562.2,2,1,28.43,19.0,7.2,5.4,Clear,54.5,0.284,1,160.72,32.15,1
SHP-102239,Winnipeg MB,Toronto ON,NorthStar Carriers,Standard,Bulk,Gold,6,712.2,1039.3,4,0,12.53,48.0,8.5,4.5,Rain,65.7,0.512,1,199.88,11.13,0
SHP-102351,London ON,Sudbury ON,NorthStar Carriers,Standard,General Freight,Silver,5,1093.1,1427.1,4,0,20.27,15.0,1.3,5.8,Clear,44.1,0.398,1,209.3,20.77,0
SHP-103114,Montreal QC,Winnipeg MB,MapleFreight Fleet,Standard,General Freight,Silver,10,966.1,659.6,5,0,15.09,51.0,5.8,7.6,Clear,49.7,0.314,1,176.37,14.42,0
SHP-104065,Montreal QC,Edmonton AB,QuebecExpress,Standard,Hazardous,Silver,11,503.4,554.8,4,0,10.22,36.0,7.9,1.1,Fog,65.6,0.288,0,32.11,10.37,0
SHP-101957,Calgary AB,Quebec City QC,QuebecExpress,Standard,Hazardous,Bronze,11,484.5,2262.7,2,0,7.24,39.0,7.8,5.3,Rain,44.6,0.466,0,188.43,7.31,0
SHP-104023,Winnipeg MB,Hamilton ON,PrairieLine,Standard,Bulk,Silver,2,870.9,298.7,4,0,15.12,27.0,4.4,4.9,Clear,48.8,0.747,1,211.41,14.64,0
SHP-103592,Ottawa ON,Quebec City QC,MapleFreight Fleet,Economy,General Freight,Silver,3,444.4,3122.9,4,0,10.48,-20.0,15.1,1.0,Storm,47.5,0.473,5,132.17,11.06,0
SHP-102037,Toronto ON,Calgary AB,MapleFreight Fleet,Express,Refrigerated,Bronze,10,576.7,1488.4,2,0,11.49,-2.0,0.8,3.5,Clear,35.8,0.717,3,30.0,10.84,0
SHP-103303,Toronto ON,Hamilton ON,PrairieLine,Standard,Refrigerated,Bronze,8,431.9,442.3,3,0,7.23,7.0,8.8,1.4,Snow,38.8,0.385,0,148.96,7.52,0
SHP-103672,Mississauga ON,Sudbury ON,MapleFreight Fleet,Express,Hazardous,Bronze,10,880.0,264.0,2,0,13.73,21.0,15.1,5.2,Clear,31.8,0.41,1,125.44,14.38,0
SHP-102432,Winnipeg MB,Montreal QC,QuebecExpress,Economy,General Freight,Bronze,3,449.8,1127.3,0,0,7.15,-20.0,13.6,1.4,,70.0,0.441,3,272.66,7.45,0
SHP-104530,Calgary AB,Regina SK,Contract Owner-Op,Economy,General Freight,Silver,12,506.8,551.9,2,0,9.93,-9.0,16.8,2.5,Clear,89.1,0.701,0,223.24,9.43,0
SHP-100771,Calgary AB,Sudbury ON,PrairieLine,Standard,General Freight,Silver,8,904.9,956.9,0,0,12.73,10.0,2.0,3.5,Clear,35.9,0.766,4,174.45,13.15,0
SHP-105857,Toronto ON,Montreal QC,QuebecExpress,Standard,Fragile,Silver,10,275.2,1274.0,4,0,7.23,51.0,4.3,3.1,Rain,40.9,0.254,0,230.41,7.08,0
SHP-104786,Ottawa ON,Toronto ON,NorthStar Carriers,Economy,Bulk,Silver,6,869.0,931.7,5,0,16.19,54.0,2.3,4.8,Clear,23.1,0.333,3,196.08,15.25,0
SHP-104282,Ottawa ON,Montreal QC,QuebecExpress,Economy,Refrigerated,Silver,6,275.4,979.5,3,0,5.29,-8.0,6.4,3.4,Clear,69.3,0.399,0,120.19,5.52,0
SHP-105931,Toronto ON,Montreal QC,NorthStar Carriers,Economy,Bulk,Silver,5,692.2,664.5,2,0,11.32,-4.0,6.8,8.0,Snow,46.7,0.698,3,206.93,11.15,0
SHP-100852,Toronto ON,Montreal QC,MapleFreight Fleet,Economy,Refrigerated,Silver,7,527.4,401.5,5,0,8.97,41.0,12.8,9.4,Clear,44.5,0.55,1,263.27,8.42,0
SHP-105161,Toronto ON,Ottawa ON,Contract Owner-Op,Standard,General Freight,Silver,5,634.0,906.6,3,0,13.13,-14.0,13.2,3.9,Clear,24.0,0.616,2,183.25,12.35,0
SHP-102448,Ottawa ON,Ottawa ON,QuebecExpress,Economy,General Freight,Bronze,9,1063.1,1059.6,0,0,13.07,-20.0,6.2,6.9,Snow,60.5,0.827,0,187.59,19.68,1
SHP-100867,Toronto ON,Quebec City QC,MapleFreight Fleet,Standard,Bulk,Silver,4,460.6,1503.3,4,0,6.83,3.0,4.8,3.4,Clear,74.7,0.303,0,248.03,6.33,0
SHP-101663,Winnipeg MB,Sudbury ON,MapleFreight Fleet,Express,Refrigerated,Silver,9,819.8,2299.3,4,0,12.92,-2.0,2.7,5.0,Clear,54.8,0.479,1,81.36,17.56,1
SHP-104879,Mississauga ON,Sudbury ON,MapleFreight Fleet,Express,General Freight,Silver,11,887.7,2178.5,2,0,16.05,-20.0,0.4,11.4,Storm,54.5,0.36,0,146.68,15.48,0
SHP-105157,Mississauga ON,Toronto ON,MapleFreight Fleet,Standard,General Freight,Bronze,4,882.6,873.3,2,0,14.15,-6.0,4.1,2.3,Clear,54.4,0.397,4,153.38,14.56,0
SHP-101482,Montreal QC,Ottawa ON,Contract Owner-Op,Economy,General Freight,Silver,11,580.5,914.0,1,0,9.85,49.0,10.6,9.8,Snow,39.8,0.761,2,156.36,11.25,1
SHP-101160,Montreal QC,Toronto ON,NorthStar Carriers,Standard,Fragile,Silver,12,503.2,2174.5,3,0,8.04,-20.0,10.4,3.9,Clear,61.8,0.466,0,180.46,8.35,0
SHP-101089,Toronto ON,Toronto ON,Contract Owner-Op,Express,Refrigerated,Silver,1,405.9,1704.8,5,0,9.49,-11.0,2.6,11.5,Snow,74.3,0.388,0,101.54,14.2,1
SHP-104561,London ON,Quebec City QC,PrairieLine,Economy,General Freight,Silver,11,976.3,1249.8,4,0,16.74,33.0,4.4,5.4,Rain,70.9,0.249,2,109.97,25.44,1
SHP-101799,Calgary AB,Winnipeg MB,PrairieLine,Standard,General Freight,Bronze,5,568.6,107.9,5,0,13.43,58.0,22.0,4.2,Clear,53.2,0.762,0,157.78,12.44,0
SHP-100666,Toronto ON,Winnipeg MB,PrairieLine,Standard,Fragile,Silver,9,402.9,1407.1,5,0,8.18,23.0,8.0,7.3,Clear,72.6,0.376,2,199.21,9.53,1
SHP-100320,Winnipeg MB,Regina SK,NorthStar Carriers,Standard,Fragile,Silver,7,483.5,198.2,0,0,8.95,-7.0,8.0,4.2,Clear,59.8,0.503,2,206.03,8.37,0
SHP-104836,Toronto ON,Montreal QC,NorthStar Carriers,Economy,Refrigerated,Bronze,10,408.8,669.1,1,0,6.42,73.0,2.7,1.2,Rain,38.6,0.369,2,131.52,6.12,0
SHP-103977,London ON,Edmonton AB,MapleFreight Fleet,Standard,General Freight,Silver,12,797.3,1431.5,0,0,10.04,-8.0,7.2,7.7,Snow,19.9,0.68,1,88.32,9.02,0
SHP-101507,Winnipeg MB,Sudbury ON,NorthStar Carriers,Standard,General Freight,Silver,7,1569.1,605.4,4,1,23.17,-20.0,2.6,2.4,Clear,63.5,0.731,1,184.25,24.18,0
SHP-105839,Montreal QC,Edmonton AB,NorthStar Carriers,Standard,General Freight,Gold,9,347.9,1565.7,1,0,7.03,-20.0,13.6,5.0,Rain,59.9,0.579,0,196.99,7.3,0
SHP-103969,Toronto ON,Montreal QC,MapleFreight Fleet,Standard,Bulk,Silver,10,484.8,1588.7,0,1,6.33,-0.0,3.3,1.8,Clear,61.7,0.278,2,193.3,6.69,0
SHP-104696,Mississauga ON,Toronto ON,QuebecExpress,Standard,General Freight,Bronze,8,447.3,809.0,4,0,11.71,-11.0,8.8,5.3,Clear,67.0,0.355,0,204.56,12.04,0
SHP-100736,Montreal QC,Edmonton AB,MapleFreight Fleet,Express,Refrigerated,Silver,2,814.0,732.9,0,0,12.53,23.0,5.6,4.8,Clear,81.2,0.412,1,298.4,13.03,0
SHP-104243,Montreal QC,Hamilton ON,QuebecExpress,Standard,Hazardous,Gold,9,1007.6,2050.8,4,1,18.57,30.0,3.5,3.6,Storm,37.9,0.496,3,276.76,27.11,1
SHP-103280,Montreal QC,Winnipeg MB,NorthStar Carriers,Standard,Fragile,Silver,2,434.7,1189.1,4,1,8.42,-20.0,15.2,10.0,Fog,65.5,0.568,1,130.85,7.64,0
SHP-101846,Mississauga ON,Quebec City QC,Contract Owner-Op,Standard,General Freight,Gold,4,508.8,1065.5,4,1,10.6,19.0,10.7,1.1,Rain,81.6,0.583,3,311.94,13.64,1
SHP-102855,Ottawa ON,Regina SK,MapleFreight Fleet,Standard,General Freight,Silver,2,845.7,613.1,4,0,14.29,11.0,1.7,1.6,Clear,77.8,0.114,1,189.4,13.98,0
SHP-104920,London ON,Winnipeg MB,PrairieLine,Standard,Bulk,Silver,5,1296.0,1474.4,2,0,18.59,55.0,0.5,4.2,Clear,51.8,0.371,0,211.03,18.08,0
SHP-103537,Toronto ON,Ottawa ON,NorthStar Carriers,Express,Fragile,Bronze,9,743.4,758.7,1,0,12.82,-10.0,5.1,6.9,Clear,59.2,0.137,1,131.42,12.13,0
SHP-104292,Toronto ON,Regina SK,Contract Owner-Op,Express,Refrigerated,Silver,1,585.8,2042.5,1,0,11.11,7.0,11.6,9.7,Clear,80.2,0.784,0,238.8,10.15,0
SHP-104882,Mississauga ON,Sudbury ON,QuebecExpress,Standard,General Freight,Silver,11,501.1,360.3,0,0,3.31,4.0,10.1,6.4,Snow,74.7,0.262,0,,3.39,0
SHP-102418,Toronto ON,Edmonton AB,PrairieLine,Standard,Bulk,Bronze,3,530.2,1239.1,5,0,10.11,33.0,1.5,1.5,Clear,54.8,0.78,4,76.35,12.84,1
SHP-101731,Ottawa ON,Ottawa ON,MapleFreight Fleet,Standard,General Freight,Gold,12,563.9,1692.2,5,0,12.57,-6.0,3.4,2.9,Snow,65.4,0.186,1,255.83,15.61,1
SHP-105290,Mississauga ON,Sudbury ON,NorthStar Carriers,Express,General Freight,Gold,9,946.3,2284.0,2,0,13.57,45.0,14.3,3.2,Clear,67.5,0.373,2,152.9,12.53,0
SHP-104918,Toronto ON,Regina SK,PrairieLine,standard,General Freight,Gold,7,991.7,192.5,3,0,15.54,8.0,10.8,6.0,Rain,77.7,0.505,3,202.94,14.16,0
SHP-104856,Toronto ON,Hamilton ON,MapleFreight Fleet,standard,General Freight,Bronze,6,1085.6,1120.4,3,0,18.45,-4.0,7.0,16.0,,66.4,0.568,3,286.0,18.78,0
SHP-102221,Calgary AB,Edmonton AB,NorthStar Carriers,Express,General Freight,Silver,8,720.5,597.8,1,1,11.54,54.0,8.0,6.0,Clear,66.3,0.549,1,313.52,16.44,1
SHP-104804,Winnipeg MB,Quebec City QC,Contract Owner-Op,Standard,General Freight,Silver,7,722.6,223.7,0,0,11.29,-2.0,4.6,0.6,Clear,37.9,0.554,3,291.2,11.02,0
SHP-103665,Mississauga ON,Edmonton AB,PrairieLine,Express,Fragile,Silver,6,1121.9,471.7,2,1,18.56,56.0,6.6,4.2,Rain,63.5,0.611,5,238.6,29.26,1
SHP-104496,Toronto ON,Toronto ON,MapleFreight Fleet,Standard,General Freight,Silver,1,948.1,327.1,0,0,13.29,26.0,4.3,10.4,Storm,24.1,0.569,1,113.37,12.29,0
SHP-105572,Toronto ON,Sudbury ON,NorthStar Carriers,Express,General Freight,Gold,1,820.0,323.0,5,1,15.07,49.0,4.7,6.2,Clear,70.2,0.266,2,211.75,14.15,0
SHP-105729,London ON,Edmonton AB,Contract Owner-Op,Standard,Hazardous,Bronze,9,230.0,188.6,5,0,7.06,14.0,2.0,10.1,Snow,80.1,0.633,2,242.31,10.68,1
SHP-100428,Mississauga ON,Winnipeg MB,MapleFreight Fleet,Standard,Refrigerated,Gold,1,617.0,304.4,5,0,10.84,49.0,0.5,8.5,Rain,57.9,0.45,1,175.18,11.15,0
SHP-101767,Ottawa ON,Montreal QC,NorthStar Carriers,Economy,Fragile,Bronze,11,709.2,2601.8,5,0,14.01,1.0,6.0,7.5,Clear,65.7,0.427,0,217.86,13.63,0
SHP-104912,Calgary AB,Toronto ON,MapleFreight Fleet,Standard,Bulk,Silver,8,757.4,1216.8,5,0,14.24,33.0,5.9,6.3,Clear,46.2,0.721,0,165.2,13.54,0
SHP-105002,Calgary AB,Hamilton ON,PrairieLine,Economy,Refrigerated,Bronze,2,696.3,874.4,3,0,12.91,13.0,9.4,7.6,Storm,42.5,0.653,2,152.81,11.7,0
SHP-105099,London ON,Montreal QC,Contract Owner-Op,Standard,Bulk,Gold,7,520.0,1571.1,3,0,8.11,-20.0,14.5,2.5,Rain,74.3,0.491,2,298.56,8.29,0
SHP-105249,London ON,Edmonton AB,MapleFreight Fleet,Express,Fragile,Bronze,2,442.7,755.2,0,0,7.82,17.0,2.2,7.4,Snow,55.5,0.514,2,175.42,7.94,0
SHP-101226,Montreal QC,Toronto ON,MapleFreight Fleet,Express,Refrigerated,Gold,1,245.0,376.7,5,1,5.25,57.0,7.1,5.8,Clear,70.7,0.527,1,211.58,5.54,0
SHP-101009,Toronto ON,Edmonton AB,PrairieLine,Express,General Freight,Bronze,5,171.3,303.8,1,0,3.03,45.0,8.8,6.2,Rain,29.7,0.346,2,60.28,3.06,0
SHP-100720,Montreal QC,Quebec City QC,NorthStar Carriers,Standard,Hazardous,Bronze,6,566.0,1029.8,5,0,10.91,30.0,1.3,4.9,Fog,62.2,0.401,0,141.04,11.35,0
SHP-105205,Toronto ON,Toronto ON,Contract Owner-Op,Standard,General Freight,Bronze,4,347.5,713.2,5,0,6.9,76.0,6.4,4.7,Clear,81.8,0.481,5,118.57,9.55,1
SHP-102867,Toronto ON,Sudbury ON,NorthStar Carriers,Standard,General Freight,Gold,4,875.2,2149.3,4,0,15.6,-10.0,4.0,2.3,,82.5,0.498,1,124.61,19.83,1
SHP-102747,London ON,Edmonton AB,MapleFreight Fleet,Express,Bulk,Bronze,5,973.3,1365.6,0,0,13.12,12.0,16.0,7.5,Clear,66.8,0.374,0,162.05,13.21,0
SHP-100953,Calgary AB,Edmonton AB,MapleFreight Fleet,Standard,General Freight,Bronze,9,756.1,312.3,1,0,11.99,6.0,5.2,4.0,Clear,31.5,0.222,0,240.45,12.37,0
SHP-101875,Winnipeg MB,Winnipeg MB,NorthStar Carriers,Standard,Bulk,Silver,9,315.9,881.0,5,0,9.38,-19.0,5.9,5.1,Snow,73.0,0.505,0,204.9,8.7,0
SHP-104466,Mississauga ON,Regina SK,MapleFreight Fleet,Economy,Refrigerated,Bronze,9,755.1,614.5,3,0,11.58,-20.0,5.5,14.7,Rain,56.8,0.298,2,97.05,10.98,0
SHP-104054,Calgary AB,Quebec City QC,Contract Owner-Op,Standard,Bulk,Silver,5,1223.0,509.3,2,1,19.9,6.0,1.2,16.1,Snow,58.4,0.46,0,112.87,18.97,0
SHP-102366,Montreal QC,Toronto ON,Contract Owner-Op,Standard,Hazardous,Bronze,5,693.7,688.8,5,0,14.14,48.0,,2.5,Rain,60.0,0.272,2,98.15,14.18,0
SHP-100768,Mississauga ON,Winnipeg MB,PrairieLine,Economy,Fragile,Bronze,10,934.2,502.9,1,0,12.44,38.0,0.4,7.9,Storm,60.8,0.696,0,30.0,18.29,1
SHP-101540,Toronto ON,Edmonton AB,PrairieLine,standard,General Freight,Silver,1,581.9,272.2,3,0,8.86,53.0,2.7,7.5,Fog,55.6,0.564,1,158.48,8.1,0
SHP-100882,Ottawa ON,Calgary AB,NorthStar Carriers,Standard,General Freight,Silver,8,336.6,1901.6,5,0,9.82,3.0,2.6,6.8,Clear,79.5,0.81,1,220.02,9.02,0
SHP-105195,Montreal QC,Ottawa ON,Contract Owner-Op,Economy,Bulk,Gold,1,856.0,1429.8,3,0,11.47,56.0,13.9,7.7,Storm,70.4,0.525,0,177.39,16.53,1
SHP-102687,Mississauga ON,Montreal QC,QuebecExpress,Express,Hazardous,Bronze,9,573.3,836.8,0,0,7.31,41.0,2.6,6.0,Clear,63.9,0.989,1,125.05,9.94,1
SHP-104514,Toronto ON,Sudbury ON,QuebecExpress,Express,Hazardous,Bronze,1,580.4,497.6,5,0,12.31,8.0,3.3,8.7,Storm,42.9,0.585,2,179.28,11.3,0
SHP-104490,London ON,Montreal QC,Contract Owner-Op,Express,Refrigerated,Silver,10,574.7,261.1,2,0,9.3,-20.0,7.2,13.3,Clear,47.5,0.413,0,196.81,9.74,0
SHP-103718,Toronto ON,Regina SK,NorthStar Carriers,Economy,General Freight,Silver,9,986.3,571.6,3,0,15.11,-12.0,7.7,8.3,Rain,51.4,0.205,2,183.84,17.43,1
SHP-102343,Ottawa ON,Quebec City QC,PrairieLine,Standard,Fragile,Bronze,1,874.5,184.6,3,0,14.75,-12.0,1.8,8.8,Clear,70.3,0.779,0,189.63,22.86,1
SHP-104691,Mississauga ON,Ottawa ON,PrairieLine,Standard,Fragile,Bronze,3,691.5,1036.5,5,0,14.12,15.0,6.8,0.5,Clear,69.1,0.785,3,165.5,14.33,0
SHP-103685,Calgary AB,Toronto ON,Contract Owner-Op,Economy,Refrigerated,Silver,4,724.2,637.9,3,0,14.18,32.0,9.4,11.2,Fog,46.8,0.734,4,213.26,21.54,1
SHP-105398,Toronto ON,Quebec City QC,MapleFreight Fleet,Economy,Fragile,Bronze,2,744.1,548.2,2,0,13.0,-20.0,9.2,1.8,Clear,68.2,0.551,1,,13.57,0
SHP-100462,Winnipeg MB,Ottawa ON,MapleFreight Fleet,Standard,General Freight,Silver,2,912.4,365.1,1,0,13.45,-20.0,1.1,11.0,Clear,66.7,0.492,1,102.87,12.99,0
SHP-102829,Toronto ON,Sudbury ON,Contract Owner-Op,Express,Fragile,Silver,2,655.5,674.4,1,0,9.82,-4.0,3.6,5.0,Clear,52.3,0.128,0,236.96,9.83,0
SHP-101697,Mississauga ON,Winnipeg MB,MapleFreight Fleet,Express,Hazardous,Bronze,7,566.5,1843.3,0,0,9.89,-10.0,3.5,7.4,Clear,71.3,0.102,1,266.82,8.91,0
SHP-102205,Mississauga ON,Winnipeg MB,NorthStar Carriers,Economy,Refrigerated,Silver,1,924.0,1067.7,3,0,17.03,39.0,6.1,14.0,Rain,67.8,0.347,0,197.73,15.28,0
SHP-102197,Winnipeg MB,Hamilton ON,Contract Owner-Op,Express,Bulk,Silver,9,308.0,751.1,4,0,7.77,31.0,7.8,9.5,Clear,72.4,0.266,4,185.62,6.89,0
SHP-103005,London ON,Ottawa ON,PrairieLine,Standard,General Freight,Bronze,2,976.0,1113.6,5,0,17.14,-16.0,8.7,6.7,Clear,49.7,0.564,1,161.13,15.18,0
SHP-100811,London ON,Ottawa ON,MapleFreight Fleet,Express,General Freight,Gold,4,850.9,241.8,0,0,13.01,34.0,3.3,11.5,Rain,73.5,0.437,0,189.23,11.58,0
SHP-105400,Toronto ON,Montreal QC,NorthStar Carriers,Standard,Fragile,Silver,2,808.0,552.4,4,0,16.02,59.0,2.6,4.4,Snow,47.1,0.624,2,273.12,23.44,1
SHP-100640,Calgary AB,Ottawa ON,PrairieLine,Standard,General Freight,Bronze,10,756.5,1987.5,4,0,13.32,17.0,9.2,1.8,Fog,26.1,0.011,1,199.88,13.47,0
SHP-101159,Ottawa ON,Montreal QC,PrairieLine,Standard,Bulk,Silver,5,738.8,146.6,5,1,14.29,33.0,6.9,3.4,Rain,45.6,0.355,0,103.79,14.78,0
SHP-103828,Montreal QC,Quebec City QC,PrairieLine,Economy,Refrigerated,Bronze,3,446.7,1898.3,4,0,9.44,55.0,5.0,4.3,Clear,68.4,0.401,0,274.45,8.67,0
SHP-102882,Mississauga ON,Ottawa ON,MapleFreight Fleet,Express,Hazardous,Gold,4,652.3,540.2,4,0,13.65,51.0,0.7,4.2,Clear,27.7,0.532,1,209.9,12.92,0
SHP-103973,Montreal QC,Hamilton ON,MapleFreight Fleet,Standard,Fragile,Bronze,3,569.4,140.8,2,0,9.72,82.0,4.0,2.0,Clear,53.1,0.562,2,148.89,8.88,0
SHP-100263,Toronto ON,Ottawa ON,PrairieLine,Standard,Refrigerated,Silver,10,820.4,669.0,2,0,11.25,86.0,17.9,4.5,Rain,44.7,0.125,1,174.26,11.16,0
SHP-102697,Toronto ON,Winnipeg MB,NorthStar Carriers,Express,General Freight,Gold,1,303.2,1124.0,4,0,7.07,33.0,0.5,4.4,Clear,77.8,0.513,1,102.53,6.81,0
SHP-102851,Toronto ON,Ottawa ON,MapleFreight Fleet,Economy,Refrigerated,Silver,2,385.3,795.9,3,0,7.41,89.0,5.1,5.3,Clear,62.6,0.126,2,218.78,7.27,0
SHP-100873,Toronto ON,Toronto ON,MapleFreight Fleet,Economy,General Freight,Silver,9,897.8,404.1,1,0,11.83,63.0,4.8,6.4,Clear,52.6,0.412,2,,11.7,0
SHP-102420,Calgary AB,Winnipeg MB,MapleFreight Fleet,Standard,General Freight,Bronze,7,558.4,1300.4,4,1,8.73,-4.0,7.7,1.4,Rain,5.0,0.0,2,168.4,8.99,0
SHP-103539,Toronto ON,Hamilton ON,QuebecExpress,Standard,General Freight,Bronze,6,869.4,1440.0,5,0,15.62,45.0,12.5,3.5,Storm,36.6,0.259,1,157.29,15.1,0
SHP-105024,Montreal QC,Winnipeg MB,Contract Owner-Op,Express,General Freight,Bronze,10,395.5,197.6,0,0,3.72,-3.0,2.1,4.5,Rain,64.3,0.524,3,153.37,3.7,0
SHP-104694,Toronto ON,Calgary AB,MapleFreight Fleet,Standard,Refrigerated,Silver,3,678.8,531.9,2,0,9.51,3.0,7.1,9.7,,90.7,0.49,2,231.23,9.23,0
SHP-104742,Calgary AB,Regina SK,MapleFreight Fleet,Economy,Hazardous,Gold,10,963.8,235.7,2,0,13.92,70.0,10.7,8.4,Rain,66.2,0.724,2,210.53,14.68,0
SHP-102718,Ottawa ON,Winnipeg MB,QuebecExpress,Standard,General Freight,Bronze,7,274.1,268.0,3,0,5.6,41.0,3.0,2.2,Clear,84.3,0.146,1,145.71,5.75,0
SHP-104345,Montreal QC,Quebec City QC,NorthStar Carriers,Standard,Refrigerated,Bronze,11,489.2,841.0,1,0,7.16,52.0,3.2,2.8,Clear,88.4,0.397,2,119.41,7.59,0
SHP-100316,Calgary AB,Montreal QC,MapleFreight Fleet,Economy,General Freight,Silver,4,853.2,2458.9,1,0,11.12,93.0,5.8,4.4,Snow,51.5,0.607,0,124.23,16.63,1
SHP-105769,Toronto ON,Hamilton ON,MapleFreight Fleet,Economy,General Freight,Gold,2,709.8,917.4,2,0,12.22,-7.0,3.8,3.3,Snow,49.5,0.373,2,152.97,10.79,0
SHP-104175,Toronto ON,Montreal QC,MapleFreight Fleet,Standard,General Freight,Gold,6,415.9,406.1,4,0,9.6,40.0,,4.7,Storm,77.9,0.701,0,201.57,9.78,0
SHP-105065,Ottawa ON,Quebec City QC,QuebecExpress,Economy,General Freight,Silver,5,485.4,272.7,5,0,12.0,16.0,12.4,3.3,Clear,,0.568,1,293.62,10.97,0
SHP-101695,Toronto ON,Calgary AB,MapleFreight Fleet,Express,Fragile,Gold,4,789.8,1089.2,5,1,13.78,-13.0,,1.7,Clear,59.7,0.518,2,136.84,13.15,0
SHP-103331,Winnipeg MB,Calgary AB,MapleFreight Fleet,Economy,General Freight,Silver,12,341.4,668.8,4,0,7.51,38.0,7.5,10.5,Clear,64.8,0.167,4,151.34,11.38,1
SHP-100493,Calgary AB,Toronto ON,NorthStar Carriers,Standard,Hazardous,Silver,12,387.4,334.5,4,0,8.72,22.0,0.8,3.9,Rain,62.2,0.501,2,185.26,8.7,0
SHP-101031,Montreal QC,Montreal QC,PrairieLine,Economy,Fragile,Silver,9,360.2,456.3,5,1,9.34,33.0,8.7,7.9,Clear,44.4,0.168,1,143.63,8.88,0
SHP-103697,London ON,Edmonton AB,MapleFreight Fleet,Standard,Bulk,Silver,6,661.8,366.5,3,1,9.38,-14.0,2.9,5.8,Clear,60.6,0.245,0,209.15,9.18,0
SHP-100871,Mississauga ON,Regina SK,NorthStar Carriers,Express,Fragile,Silver,5,430.9,1081.5,4,0,11.35,-14.0,2.4,2.3,Clear,56.2,0.289,1,131.13,10.45,0
SHP-104397,London ON,Sudbury ON,QuebecExpress,Economy,General Freight,Bronze,7,728.7,770.6,3,0,11.91,31.0,5.7,8.5,Snow,42.3,0.669,2,30.0,12.03,0
SHP-101576,Toronto ON,Hamilton ON,QuebecExpress,Standard,Fragile,Silver,12,639.7,1965.8,3,0,12.59,-1.0,4.5,3.4,Rain,55.3,0.225,1,215.95,12.16,0
SHP-102987,Mississauga ON,Winnipeg MB,MapleFreight Fleet,Standard,Bulk,Bronze,5,824.9,111.8,3,0,12.57,66.0,13.9,3.5,Clear,80.9,0.728,1,154.02,11.53,0
SHP-105690,London ON,Winnipeg MB,Contract Owner-Op,Standard,Fragile,Gold,2,1328.1,1051.0,4,0,21.99,5.0,3.4,6.9,Clear,38.3,0.325,0,197.13,31.45,1
SHP-101616,Toronto ON,Winnipeg MB,Contract Owner-Op,Standard,Bulk,Bronze,7,743.2,496.0,4,0,12.26,34.0,9.4,0.9,Clear,55.6,0.486,4,55.46,15.06,1
SHP-104073,Montreal QC,Montreal QC,PrairieLine,Economy,General Freight,Silver,8,922.7,1681.2,0,0,12.76,11.0,8.6,6.9,Rain,65.1,0.367,0,252.79,11.75,0
SHP-100662,Mississauga ON,Regina SK,PrairieLine,Standard,General Freight,Gold,2,951.8,498.1,0,0,13.78,-20.0,8.4,14.6,Snow,67.0,0.477,0,202.14,12.43,0
SHP-102320,Mississauga ON,Regina SK,MapleFreight Fleet,Economy,General Freight,Gold,3,669.0,918.2,1,0,9.76,-9.0,8.4,5.3,Rain,55.7,0.603,3,202.62,10.32,0
SHP-104548,Toronto ON,Sudbury ON,MapleFreight Fleet,Standard,General Freight,Silver,4,812.6,902.0,2,0,11.96,56.0,5.3,2.8,Rain,53.3,0.118,5,260.76,12.47,0
SHP-101899,London ON,Sudbury ON,MapleFreight Fleet,Express,General Freight,Bronze,10,587.7,1152.2,2,0,9.5,-11.0,12.8,2.3,Rain,49.1,0.414,1,256.34,9.72,0
SHP-102852,Montreal QC,Hamilton ON,MapleFreight Fleet,Standard,General Freight,Silver,5,459.9,810.6,4,1,10.51,34.0,2.2,1.9,Clear,60.8,0.33,2,159.18,15.9,1
SHP-104712,Calgary AB,Ottawa ON,QuebecExpress,Express,General Freight,Gold,1,681.3,190.8,5,0,12.07,22.0,7.4,3.1,Clear,,0.193,0,,12.76,0
SHP-104384,Calgary AB,Calgary AB,MapleFreight Fleet,Standard,General Freight,Bronze,12,902.2,2427.6,1,0,12.41,63.0,1.6,3.7,Clear,73.0,0.593,1,129.48,11.1,0
SHP-103357,Toronto ON,Hamilton ON,MapleFreight Fleet,Express,Refrigerated,Silver,7,446.7,1510.8,2,0,8.0,125.0,25.6,4.6,Fog,72.4,0.333,2,186.05,8.3,0
SHP-101301,Mississauga ON,Sudbury ON,Contract Owner-Op,Express,Hazardous,Bronze,8,150.6,926.4,5,0,5.45,3.0,4.5,1.3,Rain,28.9,0.55,1,163.55,5.23,0
SHP-105301,Toronto ON,Montreal QC,MapleFreight Fleet,Express,General Freight,Silver,8,176.6,152.6,5,0,4.68,19.0,1.2,15.9,Clear,49.3,0.669,2,114.39,4.25,0
SHP-101898,Toronto ON,Calgary AB,NorthStar Carriers,Standard,General Freight,Bronze,8,233.1,247.9,1,0,5.9,13.0,8.3,4.8,Storm,53.1,0.455,1,128.12,5.72,0
SHP-100342,Mississauga ON,Toronto ON,NorthStar Carriers,Express,General Freight,Bronze,4,541.7,1941.6,2,0,10.83,-2.0,,5.6,Rain,57.6,0.436,0,239.48,11.45,0
SHP-100917,Calgary AB,Montreal QC,Contract Owner-Op,Express,Fragile,Bronze,2,344.6,1188.3,4,0,8.47,39.0,0.7,2.2,Clear,44.5,0.346,1,237.76,11.56,1
SHP-101097,Toronto ON,Ottawa ON,MapleFreight Fleet,Economy,Refrigerated,Bronze,12,1240.6,206.1,0,0,18.66,84.0,5.0,2.8,Clear,,0.584,2,46.19,22.65,1
SHP-104057,Montreal QC,Regina SK,MapleFreight Fleet,Express,Fragile,Silver,11,361.8,2253.5,3,0,7.43,9.0,,7.3,Storm,59.0,0.142,2,230.2,7.42,0
SHP-105149,Toronto ON,Sudbury ON,QuebecExpress,Economy,General Freight,Gold,2,316.7,552.0,4,0,6.0,72.0,9.8,4.8,Clear,58.8,0.179,1,226.67,5.71,0
SHP-102601,Ottawa ON,Edmonton AB,NorthStar Carriers,Standard,General Freight,Silver,4,543.8,162.3,5,0,11.58,-13.0,12.1,1.7,Clear,82.0,1.0,0,204.29,11.71,0
SHP-105257,Calgary AB,Winnipeg MB,NorthStar Carriers,Express,General Freight,Gold,9,437.6,591.1,1,0,6.18,1.0,3.4,1.1,Snow,64.5,0.47,3,181.08,5.78,0
SHP-100978,Calgary AB,Montreal QC,PrairieLine,Standard,Bulk,Bronze,3,248.7,565.9,1,1,3.28,107.0,7.5,9.4,Rain,70.1,0.731,1,158.05,2.89,0
SHP-102800,Calgary AB,Toronto ON,QuebecExpress,Standard,Refrigerated,Gold,12,401.2,803.3,5,1,9.58,30.0,,1.0,Clear,,0.176,3,195.47,9.21,0
SHP-100926,Toronto ON,Regina SK,Contract Owner-Op,Standard,Fragile,Bronze,12,532.4,524.5,5,0,10.27,67.0,10.6,3.3,Rain,51.6,0.504,1,220.43,12.85,1
SHP-104391,Toronto ON,Toronto ON,QuebecExpress,Standard,General Freight,Silver,11,1030.8,1403.7,3,0,18.17,82.0,2.3,6.6,Clear,37.9,0.507,0,35.87,18.48,0
SHP-102549,Toronto ON,Quebec City QC,MapleFreight Fleet,Standard,General Freight,Bronze,8,368.0,1162.3,4,1,6.73,28.0,6.4,3.6,Rain,8.3,0.535,1,163.67,6.71,0
SHP-101471,Toronto ON,Winnipeg MB,QuebecExpress,Standard,Fragile,Gold,5,496.8,2139.8,4,0,9.47,43.0,1.0,3.2,Clear,35.0,0.364,1,288.97,8.76,0
SHP-100017,London ON,Hamilton ON,PrairieLine,Standard,Refrigerated,Bronze,6,442.0,332.1,4,0,8.62,30.0,4.4,5.2,Clear,56.9,0.435,2,131.24,8.93,0
SHP-103365,Ottawa ON,Ottawa ON,MapleFreight Fleet,Standard,General Freight,Gold,7,883.8,349.0,4,0,14.38,-20.0,0.8,4.0,Clear,71.5,0.503,5,271.7,14.1,0
SHP-105837,Toronto ON,Toronto ON,MapleFreight Fleet,Express,General Freight,Silver,2,684.6,1134.9,0,0,9.95,4.0,2.8,5.8,Clear,61.0,0.413,2,130.24,9.68,0
SHP-104638,Montreal QC,Edmonton AB,MapleFreight Fleet,Express,General Freight,Silver,4,982.0,998.0,5,0,18.11,21.0,5.4,4.8,Clear,77.4,0.759,0,230.65,22.25,1
SHP-101174,London ON,Edmonton AB,MapleFreight Fleet,Standard,Refrigerated,Bronze,4,348.2,883.6,0,1,5.18,6.0,12.8,3.1,Clear,65.3,0.42,1,208.64,4.82,0
SHP-104956,Montreal QC,Montreal QC,PrairieLine,Standard,Hazardous,Bronze,8,515.5,2021.3,1,0,8.34,-20.0,3.1,5.5,Fog,35.6,0.429,0,168.63,7.48,0
SHP-105616,Calgary AB,Calgary AB,QuebecExpress,Economy,Fragile,Silver,7,595.8,350.7,5,0,13.5,55.0,5.6,3.5,Clear,43.7,0.627,3,215.17,20.17,1
SHP-104239,Calgary AB,Regina SK,PrairieLine,Standard,General Freight,Bronze,6,678.0,1033900.0000000001,5,0,11.65,77.0,0.3,5.3,Fog,68.6,0.59,2,213.03,18.51,1
SHP-105989,Montreal QC,Calgary AB,NorthStar Carriers,Economy,Fragile,Silver,8,271.4,251.2,5,0,6.41,3.0,4.6,2.6,Rain,57.4,0.672,0,,8.94,1
SHP-101824,Calgary AB,Hamilton ON,MapleFreight Fleet,Economy,Fragile,Bronze,4,810.6,259.5,3,1,14.04,8.0,4.7,2.0,Clear,,0.156,1,220.13,14.28,0
SHP-103079,Calgary AB,Montreal QC,PrairieLine,Express,General Freight,Silver,11,441.4,607.5,1,1,8.6,18.0,4.5,0.9,Clear,39.5,0.59,1,252.89,12.7,1
SHP-105644,Toronto ON,Calgary AB,PrairieLine,Express,General Freight,Silver,3,1066.0,821.7,0,0,15.03,53.0,7.9,4.1,Rain,42.6,0.535,1,192.28,15.92,0
SHP-105621,Calgary AB,Quebec City QC,MapleFreight Fleet,Economy,Refrigerated,Silver,3,604.6,1064.6,0,0,9.9,13.0,10.9,8.0,Clear,57.4,0.984,4,175.65,9.03,0
SHP-102544,Mississauga ON,Calgary AB,MapleFreight Fleet,Standard,General Freight,Silver,3,202.4,2224.0,2,0,4.02,-20.0,17.6,7.9,Clear,36.1,0.499,2,290.61,3.93,0
SHP-102331,Toronto ON,Winnipeg MB,MapleFreight Fleet,Economy,Refrigerated,Silver,12,566.3,1471.2,5,1,10.59,47.0,7.0,0.3,Rain,75.4,0.554,0,275.06,11.04,0
SHP-102140,Montreal QC,Sudbury ON,Contract Owner-Op,Standard,General Freight,Gold,3,505.0,287.2,3,1,10.7,3.0,1.8,1.3,Clear,62.7,0.552,1,155.65,10.9,0
SHP-103912,Toronto ON,Toronto ON,PrairieLine,Standard,General Freight,Silver,4,500.3,209.5,2,0,8.39,17.0,5.7,4.2,Clear,63.8,0.359,0,177.51,7.51,0
SHP-105215,Mississauga ON,Calgary AB,NorthStar Carriers,Economy,General Freight,Silver,11,1215.8,1699.9,3,0,20.66,-20.0,1.9,1.0,Clear,39.4,0.578,2,162.73,18.77,0
SHP-100162,Calgary AB,Hamilton ON,Contract Owner-Op,Economy,Refrigerated,Bronze,7,772.5,793.8,2,0,12.38,-5.0,6.3,3.7,Clear,67.8,0.365,1,257.11,11.97,0
SHP-104953,Winnipeg MB,Regina SK,QuebecExpress,Express,Fragile,Silver,1,331.5,1082.7,1,0,5.64,39.0,5.7,5.3,Rain,,0.691,1,130.95,7.4,1
SHP-102810,Mississauga ON,Edmonton AB,Contract Owner-Op,Standard,General Freight,Gold,3,827.4,540.2,2,0,14.97,-20.0,4.0,1.7,Rain,54.1,0.621,1,308.69,14.08,0
SHP-100608,Montreal QC,Calgary AB,PrairieLine,Standard,General Freight,Bronze,4,817.1,940.6,2,0,9.89,-2.0,10.4,2.7,Fog,28.6,0.347,0,99.93,10.12,0
SHP-104729,Mississauga ON,Edmonton AB,NorthStar Carriers,Express,General Freight,Bronze,4,446.1,164.1,4,0,9.65,38.0,1.6,6.6,Clear,77.9,0.303,1,192.7,14.74,1
SHP-103674,Mississauga ON,Ottawa ON,Contract Owner-Op,Express,Fragile,Silver,1,282.8,633.3,1,0,6.42,24.0,2.0,9.1,Snow,72.5,0.601,3,154.23,8.14,1
SHP-105175,Toronto ON,Regina SK,QuebecExpress,Standard,General Freight,Bronze,5,431.6,86.4,2,0,8.54,-3.0,5.2,1.4,Clear,72.7,0.2,0,256.94,7.73,0
SHP-103927,Mississauga ON,Edmonton AB,PrairieLine,Standard,General Freight,Silver,7,646.5,301.5,2,0,10.21,77.0,5.9,3.2,Rain,59.4,0.243,1,284.71,9.35,0
SHP-104219,London ON,Hamilton ON,NorthStar Carriers,Standard,General Freight,Bronze,2,179.0,718.6,4,0,3.95,24.0,10.5,2.7,Rain,79.5,0.353,0,195.52,3.74,0
SHP-104599,Montreal QC,Ottawa ON,NorthStar Carriers,Express,General Freight,Silver,10,386.6,1242.1,3,1,5.5,37.0,1.4,0.9,Clear,29.4,0.464,0,172.92,7.84,1
SHP-104936,Mississauga ON,Calgary AB,QuebecExpress,Economy,General Freight,Bronze,7,354.8,570.1,0,0,4.35,30.0,3.7,4.8,Clear,68.9,0.363,1,176.15,4.26,0
SHP-101950,Montreal QC,Montreal QC,NorthStar Carriers,Standard,Fragile,Gold,5,659.4,230.7,1,0,12.3,-10.0,6.3,5.5,,70.0,0.485,1,183.23,10.96,0
SHP-104232,Calgary AB,Hamilton ON,MapleFreight Fleet,Standard,Refrigerated,Silver,8,1173.9,487.0,2,0,17.91,46.0,,18.8,Fog,67.3,0.453,3,221.65,18.88,0
SHP-103557,Montreal QC,Edmonton AB,MapleFreight Fleet,Standard,General Freight,Gold,12,1665.1,155.2,1,0,24.09,38.0,12.1,6.3,Clear,30.7,0.309,1,138.49,24.49,0
SHP-102004,Winnipeg MB,Quebec City QC,NorthStar Carriers,Standard,Refrigerated,Silver,6,729.8,1863.4,0,0,12.02,-20.0,0.9,8.9,Rain,69.4,0.34,0,194.87,11.63,0
SHP-103471,Mississauga ON,Toronto ON,MapleFreight Fleet,Economy,General Freight,Bronze,10,737.4,1073.7,4,0,14.4,10.0,6.0,17.5,Fog,36.9,0.705,0,333.04,13.19,0
SHP-105541,Ottawa ON,Toronto ON,Contract Owner-Op,Standard,Hazardous,Gold,6,804.9,1619.2,2,0,12.15,6.0,0.9,2.1,,73.3,0.352,1,135.14,19.27,1
SHP-104437,Montreal QC,Regina SK,MapleFreight Fleet,Economy,General Freight,Silver,3,485.2,900.1,5,0,10.88,42.0,0.4,5.7,Rain,60.3,0.362,3,217.63,12.3,1
SHP-105336,London ON,Ottawa ON,QuebecExpress,Standard,Bulk,Gold,5,1306.1,651.4,1,0,21.41,-19.0,6.2,9.3,Clear,67.6,0.342,0,228.01,20.33,0
SHP-100713,Montreal QC,Toronto ON,MapleFreight Fleet,Standard,Fragile,Bronze,5,857.2,190.6,1,0,10.29,4.0,12.0,13.1,Clear,55.0,0.434,0,130.47,16.43,1
SHP-100772,Calgary AB,Winnipeg MB,MapleFreight Fleet,Standard,Bulk,Bronze,10,287.6,760.6,3,0,7.47,24.0,3.1,5.4,Clear,25.5,0.53,0,160.08,7.82,0
SHP-100106,Mississauga ON,Quebec City QC,NorthStar Carriers,Standard,General Freight,Silver,5,828.0,558.2,3,0,10.54,-20.0,4.0,5.7,Clear,42.7,0.263,1,168.91,9.58,0
SHP-103516,Toronto ON,Sudbury ON,PrairieLine,Express,General Freight,Gold,10,215.3,603.7,4,1,6.35,9.0,6.1,5.0,Rain,79.3,0.6,1,211.34,7.8,1
SHP-102811,Mississauga ON,Edmonton AB,MapleFreight Fleet,Standard,General Freight,Silver,7,204.8,1430.2,1,0,3.61,-9.0,6.1,1.9,Snow,100.0,0.23,0,188.88,3.25,0
SHP-105655,Toronto ON,Calgary AB,NorthStar Carriers,Economy,Refrigerated,Silver,4,1113.6,582.8,4,0,18.29,23.0,4.1,5.8,Snow,55.2,0.302,2,225.27,18.2,0
SHP-102597,Mississauga ON,Toronto ON,NorthStar Carriers,Economy,Fragile,Silver,1,647.1,790.8,1,1,9.48,26.0,3.7,4.5,Rain,48.7,0.229,1,285.24,11.74,1
SHP-102049,Calgary AB,Montreal QC,QuebecExpress,Standard,General Freight,Silver,4,485.8,1825.3,0,0,6.19,10.0,4.0,3.7,Rain,,0.151,1,174.3,5.65,0
SHP-100548,Montreal QC,Toronto ON,NorthStar Carriers,Economy,Refrigerated,Silver,3,326.2,648.4,4,0,7.41,-12.0,5.8,4.2,Snow,72.3,0.273,1,185.85,11.62,1
SHP-105376,Montreal QC,Calgary AB,Contract Owner-Op,Economy,Hazardous,Silver,3,701.1,676.8,5,0,14.61,-13.0,6.3,3.3,Clear,33.7,0.117,2,231.88,19.83,1
SHP-103244,Calgary AB,Hamilton ON,PrairieLine,Economy,Fragile,Silver,7,368.7,293.3,3,0,7.72,24.0,9.1,5.3,Clear,86.2,0.694,2,281.12,7.94,0
SHP-105858,Toronto ON,Quebec City QC,NorthStar Carriers,Standard,General Freight,Bronze,9,436.3,605.0,0,0,7.0,-20.0,3.1,5.1,Clear,47.0,0.342,2,203.23,6.65,0
SHP-104861,London ON,Regina SK,QuebecExpress,Standard,General Freight,Bronze,11,755.7,508.4,2,0,12.88,4.0,9.6,6.8,Snow,44.4,0.333,1,284.74,11.71,0
SHP-105094,Mississauga ON,Regina SK,Contract Owner-Op,Standard,Bulk,Silver,8,401.5,1580.6,3,0,5.87,-20.0,2.4,3.4,Snow,40.3,0.0,1,71.83,5.78,0
SHP-102478,Mississauga ON,Regina SK,QuebecExpress,Economy,General Freight,Bronze,5,402.2,211.9,3,0,8.77,21.0,4.7,6.7,Clear,79.8,0.505,0,298.49,13.55,1
SHP-102702,Winnipeg MB,Edmonton AB,MapleFreight Fleet,Express,Bulk,Gold,9,622.2,385.6,5,0,11.37,-20.0,7.3,4.7,Clear,39.2,0.443,0,168.7,10.97,0
SHP-100981,Mississauga ON,Ottawa ON,NorthStar Carriers,Standard,Fragile,Silver,3,571.1,1733.0,5,0,11.03,23.0,6.6,3.4,Rain,68.6,0.349,3,233.48,16.43,1
SHP-100004,Toronto ON,Hamilton ON,QuebecExpress,Standard,Refrigerated,Bronze,11,1287.1,482.0,2,0,20.56,-11.0,15.2,9.2,Clear,41.1,0.603,0,321.9,20.79,0
SHP-100429,Winnipeg MB,Edmonton AB,MapleFreight Fleet,Economy,General Freight,Silver,11,377.6,151.7,3,0,7.63,4.0,6.7,2.5,Fog,73.3,0.088,1,222.03,7.58,0
SHP-103001,Toronto ON,Toronto ON,Contract Owner-Op,Standard,General Freight,Gold,10,441.7,73.3,5,0,11.08,17.0,5.4,2.7,Snow,59.6,0.542,0,160.76,16.0,1
SHP-104308,Ottawa ON,Hamilton ON,MapleFreight Fleet,Standard,Hazardous,Silver,5,616.8,205.8,0,0,7.95,-3.0,4.5,17.7,Clear,68.1,0.9,1,242.58,7.46,0
SHP-101478,Ottawa ON,Ottawa ON,MapleFreight Fleet,Standard,Refrigerated,Silver,12,288.3,1148200.0,4,0,8.16,17.0,4.2,6.9,Snow,68.9,0.708,0,216.8,7.92,0
SHP-102245,Winnipeg MB,Ottawa ON,QuebecExpress,Standard,General Freight,Silver,12,922.1,565.5,5,0,16.0,-14.0,2.8,10.2,Rain,54.8,0.266,3,122.74,15.98,0
SHP-101822,Toronto ON,Montreal QC,QuebecExpress,Express,General Freight,Silver,8,1675.0,530.0,1,0,22.95,14.0,10.2,4.8,Clear,53.3,0.453,1,229.78,22.97,0
SHP-101282,Toronto ON,Edmonton AB,PrairieLine,Standard,Fragile,Silver,8,868.1,2159.8,0,0,10.81,32.0,6.2,6.2,Rain,67.3,0.474,1,231.22,10.91,0
SHP-101492,Mississauga ON,Calgary AB,PrairieLine,Standard,General Freight,Gold,11,215.5,889.4,0,0,3.17,38.0,3.8,13.9,Rain,56.9,0.411,0,71.16,2.88,0
SHP-104473,London ON,Sudbury ON,NorthStar Carriers,Express,General Freight,Bronze,8,656.6,328.1,2,0,9.85,17.0,1.3,4.5,Snow,57.9,0.475,1,173.49,9.04,0
SHP-103218,Calgary AB,Hamilton ON,PrairieLine,Standard,Refrigerated,Silver,5,1084.3,368.2,4,0,19.61,2.0,3.4,4.9,Clear,73.7,0.695,4,243.31,18.16,0
SHP-105156,Ottawa ON,Ottawa ON,MapleFreight Fleet,Economy,Fragile,Silver,2,700.0,1482.7,0,0,8.94,43.0,8.0,5.7,Snow,31.9,0.401,1,182.65,9.18,0
SHP-100110,Montreal QC,Montreal QC,MapleFreight Fleet,Standard,General Freight,Silver,10,1064.5,450.5,3,0,15.58,26.0,4.8,2.9,Rain,61.6,0.16,2,177.72,14.33,0
SHP-102184,London ON,Regina SK,MapleFreight Fleet,Express,Hazardous,Silver,12,580.3,248.2,1,0,6.96,2.0,13.6,9.9,Clear,60.8,0.628,4,203.94,7.21,0
SHP-103059,London ON,Calgary AB,PrairieLine,Express,General Freight,Silver,2,404.1,1215.7,2,0,6.8,-6.0,6.2,3.0,Rain,51.6,0.759,1,156.16,6.94,0
SHP-104058,Montreal QC,Toronto ON,Contract Owner-Op,Standard,Bulk,Bronze,5,487.3,732.5,5,0,10.32,-1.0,2.3,8.0,Clear,80.6,0.622,1,198.24,9.68,0
SHP-103850,London ON,Hamilton ON,MapleFreight Fleet,Express,Hazardous,Bronze,11,288.0,1135.3,4,0,7.07,39.0,4.6,3.7,Rain,55.4,0.513,1,174.1,6.42,0
SHP-105888,Ottawa ON,Winnipeg MB,MapleFreight Fleet,Express,General Freight,Bronze,10,457.1,353.2,5,0,10.3,-6.0,0.5,0.9,Rain,5.0,0.518,0,331.93,9.69,0
SHP-101350,Ottawa ON,Ottawa ON,QuebecExpress,Express,Hazardous,Silver,2,911.7,567.3,5,0,16.12,-17.0,3.9,4.0,Rain,39.3,0.278,1,267.73,16.54,0
SHP-104730,Toronto ON,Quebec City QC,NorthStar Carriers,Economy,Refrigerated,Silver,1,442.5,729.8,3,0,8.84,0.0,4.4,7.3,Snow,81.1,0.205,1,147.51,13.48,1
SHP-105500,Calgary AB,Winnipeg MB,MapleFreight Fleet,Standard,General Freight,Silver,3,458.8,1503.4,5,0,10.98,24.0,4.7,10.7,Clear,68.5,0.527,1,179.46,11.31,0
SHP-103039,Winnipeg MB,Regina SK,PrairieLine,Economy,Refrigerated,Silver,11,567.7,536.7,3,0,8.76,82.0,13.0,13.2,Clear,61.1,0.0,2,198.42,8.39,0
SHP-100440,Toronto ON,Montreal QC,NorthStar Carriers,Express,Refrigerated,Bronze,6,270.4,436.0,2,0,4.34,8.0,7.2,5.1,Clear,46.7,0.636,2,235.98,4.49,0
SHP-103553,Montreal QC,Calgary AB,QuebecExpress,Standard,General Freight,Bronze,9,337.1,1429.3,4,0,7.45,-3.0,15.2,4.9,Rain,69.9,0.579,0,247.39,6.88,0
SHP-104008,Mississauga ON,Edmonton AB,MapleFreight Fleet,Standard,General Freight,Gold,5,1260.6,2176.3,3,0,19.27,92.0,5.9,1.5,,50.4,0.29,1,135.9,23.91,1
SHP-103935,Ottawa ON,Quebec City QC,NorthStar Carriers,Standard,General Freight,Bronze,12,629.0,1552.0,5,0,13.22,0.0,2.1,7.7,Clear,63.9,0.797,0,193.13,13.63,0
SHP-101951,Montreal QC,Ottawa ON,Contract Owner-Op,Standard,Refrigerated,Gold,5,133.7,1344.8,5,0,5.16,6.0,2.3,10.3,Rain,77.6,0.221,1,173.29,4.91,0
SHP-103170,Calgary AB,Regina SK,QuebecExpress,standard,General Freight,Bronze,3,781.6,523.0,5,0,17.24,-12.0,9.0,6.0,Clear,26.3,0.652,6,195.43,18.24,0
SHP-105458,London ON,Toronto ON,Contract Owner-Op,Standard,General Freight,Bronze,3,758.6,1543.9,4,0,14.23,20.0,28.0,8.7,Rain,78.7,0.334,3,30.0,18.21,1
SHP-101246,Winnipeg MB,Regina SK,MapleFreight Fleet,Express,General Freight,Silver,2,545.1,924.8,5,0,10.04,7.0,9.2,10.3,Clear,66.4,0.427,3,201.99,10.14,0
SHP-101102,Ottawa ON,Hamilton ON,QuebecExpress,Express,General Freight,Bronze,4,1110.3,866.4,3,0,18.47,2.0,0.7,3.2,Clear,78.3,0.61,3,211.45,24.87,1
SHP-100934,Montreal QC,Edmonton AB,MapleFreight Fleet,Standard,General Freight,Silver,1,446.0,951.3,1,0,9.69,-20.0,14.3,4.1,Clear,87.8,0.488,2,,9.42,0
SHP-105592,Calgary AB,Winnipeg MB,MapleFreight Fleet,Express,General Freight,Gold,3,799.3,1531.3,1,1,12.46,40.0,4.5,18.4,Clear,83.2,0.401,1,182.8,12.1,0
SHP-104142,Mississauga ON,Winnipeg MB,MapleFreight Fleet,Economy,Refrigerated,Silver,4,1067.9,1925.8,4,1,16.96,-20.0,9.6,10.0,Rain,38.8,0.557,2,196.31,17.05,0
SHP-105481,London ON,Winnipeg MB,MapleFreight Fleet,Economy,Bulk,Bronze,3,227.4,1763.9,4,0,5.38,-9.0,12.3,5.0,Fog,59.0,0.348,1,210.86,4.75,0
SHP-101374,Mississauga ON,Toronto ON,QuebecExpress,economy,Fragile,Silver,2,505.7,808.2,5,0,12.59,35.0,5.7,6.7,Snow,37.1,0.45,2,159.13,14.28,1
SHP-100836,Toronto ON,Montreal QC,MapleFreight Fleet,Standard,General Freight,Silver,10,686.2,1118.7,5,0,13.91,-4.0,13.0,5.1,Rain,40.5,0.394,0,213.39,13.55,0
SHP-100195,Toronto ON,Montreal QC,MapleFreight Fleet,Economy,Bulk,Gold,5,969.8,1045.8,3,1,15.06,61.0,8.6,4.3,Clear,56.0,0.387,2,160.63,15.27,0
SHP-103404,Mississauga ON,Montreal QC,NorthStar Carriers,Standard,Hazardous,Silver,6,1005.1,72.7,1,0,13.98,64.0,11.6,3.6,Clear,36.1,0.297,0,151.1,12.59,0
SHP-102116,Montreal QC,Quebec City QC,MapleFreight Fleet,Express,Fragile,Silver,6,1566.9,2164.4,3,0,23.53,25.0,5.2,2.5,Clear,68.6,0.531,1,152.26,23.3,0
SHP-105160,Ottawa ON,Quebec City QC,MapleFreight Fleet,Economy,Fragile,Silver,7,584.8,953.3,3,0,9.76,33.0,2.2,2.1,Rain,40.8,0.179,1,137.53,10.14,0
SHP-104386,Calgary AB,Winnipeg MB,Contract Owner-Op,Standard,Hazardous,Gold,11,811.0,963.0,2,0,12.77,40.0,5.7,5.9,Clear,88.5,0.657,0,147.41,12.1,0
SHP-100034,Toronto ON,Sudbury ON,MapleFreight Fleet,Standard,General Freight,Gold,1,409.1,1187.4,4,0,9.04,78.0,8.9,3.2,Snow,40.6,0.722,1,156.24,8.58,0
SHP-103037,Montreal QC,Montreal QC,PrairieLine,Standard,General Freight,Bronze,8,471.9,588.2,1,0,8.87,-20.0,4.1,3.7,Fog,76.0,0.728,2,164.82,8.82,0
SHP-100964,Toronto ON,Sudbury ON,MapleFreight Fleet,Standard,General Freight,Bronze,8,807.8,1502.8,3,0,13.08,63.0,3.5,9.9,Clear,64.5,0.779,2,121.35,18.47,1
SHP-102480,Ottawa ON,Quebec City QC,Contract Owner-Op,Standard,Fragile,Bronze,5,718.7,1205.8,0,0,13.05,35.0,5.9,1.3,Rain,52.2,0.273,4,206.02,13.65,0
SHP-102498,Mississauga ON,Regina SK,MapleFreight Fleet,Express,General Freight,Gold,12,887.3,828.9,2,1,14.62,28.0,6.6,12.7,Snow,49.9,0.533,4,242.15,15.25,0
SHP-100133,Mississauga ON,Winnipeg MB,QuebecExpress,Standard,General Freight,Bronze,12,508.4,2098.0,1,0,6.48,25.0,1.0,11.8,Clear,62.7,0.413,1,116.81,6.67,0
SHP-102592,Toronto ON,Montreal QC,MapleFreight Fleet,Economy,Fragile,Silver,4,1352.6,2263.8,3,0,23.14,43.0,1.5,3.1,Snow,33.5,0.643,0,193.92,28.36,1
SHP-104472,Toronto ON,Regina SK,PrairieLine,Express,General Freight,Silver,10,646.2,945.2,2,0,9.66,34.0,4.0,4.1,Snow,41.2,0.478,0,106.08,9.32,0
SHP-104121,Mississauga ON,Winnipeg MB,MapleFreight Fleet,Economy,Hazardous,Silver,7,367.5,1022.2,5,0,7.97,14.0,2.6,4.7,Clear,62.6,0.562,3,220.77,7.78,0
SHP-105419,Montreal QC,Calgary AB,QuebecExpress,Economy,General Freight,Silver,11,495.8,345.9,2,1,9.05,32.0,4.7,0.6,Snow,58.9,0.733,0,267.11,12.9,1
SHP-103690,London ON,Quebec City QC,NorthStar Carriers,Standard,General Freight,Gold,1,553.1,333.9,3,1,9.03,58.0,5.8,11.7,Fog,55.4,0.64,2,165.3,11.46,1
SHP-102736,Montreal QC,Hamilton ON,PrairieLine,Express,Fragile,Silver,4,642.8,350.8,3,0,11.63,42.0,3.5,6.2,Rain,48.9,0.424,2,177.76,10.89,0
SHP-104583,Montreal QC,Winnipeg MB,QuebecExpress,express,Fragile,Bronze,3,474.6,257.7,3,0,8.31,-20.0,1.9,3.9,Clear,81.6,0.579,3,97.14,8.01,0
SHP-105045,Montreal QC,Ottawa ON,QuebecExpress,Economy,Fragile,Silver,11,433.2,2353.2,0,0,5.32,-11.0,8.6,5.7,Snow,45.6,0.318,1,153.48,5.58,0
SHP-105707,Ottawa ON,Quebec City QC,NorthStar Carriers,Standard,General Freight,Silver,11,436.9,673.7,5,0,9.96,43.0,1.1,3.4,Clear,73.0,0.324,1,205.24,9.32,0
SHP-101467,Toronto ON,Toronto ON,NorthStar Carriers,Standard,Hazardous,Silver,11,698.6,1261.1,5,0,12.61,29.0,3.8,5.0,Clear,49.5,0.22,2,227.78,12.08,0
SHP-105645,Ottawa ON,Ottawa ON,MapleFreight Fleet,Standard,General Freight,Silver,8,329.3,1875.1,1,0,5.64,12.0,10.0,7.3,Clear,63.6,0.275,0,209.76,5.9,0
SHP-103840,Calgary AB,Calgary AB,MapleFreight Fleet,Standard,General Freight,Silver,6,629.2,657.7,4,0,14.36,14.0,2.6,1.1,Rain,60.6,0.613,0,162.93,13.17,0
SHP-101906,Toronto ON,Edmonton AB,NorthStar Carriers,standard,General Freight,Bronze,7,333.7,1002.7,2,1,8.18,-20.0,10.0,3.8,Storm,27.9,0.32,2,261.21,8.0,0
SHP-104509,Toronto ON,Hamilton ON,PrairieLine,Standard,General Freight,Gold,8,247.3,2171.8,0,0,2.78,-20.0,9.3,3.2,Clear,87.8,0.568,2,189.23,2.91,0
SHP-100397,Winnipeg MB,Calgary AB,QuebecExpress,Standard,Fragile,Gold,6,529.0,707.1,3,1,9.44,68.0,1.3,4.2,Rain,73.2,0.603,1,135.47,9.68,0
SHP-105899,Calgary AB,Quebec City QC,NorthStar Carriers,Standard,General Freight,Gold,12,792.1,228.9,3,0,13.09,63.0,5.7,3.7,Rain,41.1,0.514,2,,16.84,1
SHP-102330,Montreal QC,Ottawa ON,MapleFreight Fleet,Standard,Fragile,Gold,7,376.6,499.0,1,1,4.38,14.0,3.0,3.6,Rain,50.6,0.31,1,230.44,4.13,0
SHP-105933,London ON,Edmonton AB,QuebecExpress,Express,General Freight,Gold,5,1646.7,555.6,1,0,24.07,51.0,15.2,5.7,Snow,40.5,0.351,1,306.22,23.92,0
SHP-104615,Toronto ON,Regina SK,PrairieLine,Economy,General Freight,Bronze,9,1034.4,1240.2,5,0,17.6,66.0,,4.3,Snow,53.6,0.552,1,237.44,23.54,1
SHP-100593,London ON,Toronto ON,QuebecExpress,Standard,General Freight,Bronze,1,386.0,481.2,4,0,10.59,66.0,5.4,2.2,Fog,64.6,0.527,2,81.28,12.59,1
SHP-101108,Toronto ON,Regina SK,MapleFreight Fleet,Standard,General Freight,Silver,7,290.5,561.3,4,1,7.6,24.0,2.5,6.0,Snow,38.6,0.0,1,262.3,6.92,0
SHP-101019,Montreal QC,Sudbury ON,MapleFreight Fleet,Economy,Refrigerated,Gold,8,323.6,992.5,2,0,6.23,-20.0,5.4,1.9,Rain,61.1,0.696,0,,5.9,0
SHP-100346,London ON,Regina SK,QuebecExpress,Economy,General Freight,Silver,8,487.9,263.0,4,0,9.05,-20.0,2.0,2.5,Fog,16.7,0.644,2,124.46,9.4,0
SHP-103755,Montreal QC,Toronto ON,QuebecExpress,Standard,General Freight,Bronze,12,306.4,831.4,4,0,8.36,64.0,5.8,5.8,Clear,75.3,0.534,2,183.74,8.16,0
SHP-100839,Mississauga ON,Hamilton ON,Contract Owner-Op,Standard,General Freight,Silver,7,783.1,1122.1,2,0,10.73,27.0,3.5,6.3,Clear,87.2,0.425,2,77.23,14.16,1
SHP-103523,Calgary AB,Calgary AB,MapleFreight Fleet,Express,Fragile,Silver,9,1366.3,361.1,0,0,19.16,45.0,2.1,6.3,Fog,75.9,0.0,1,183.97,20.23,0
SHP-100859,London ON,Hamilton ON,PrairieLine,Express,General Freight,Silver,2,767.5,454.8,3,0,13.35,21.0,3.7,5.3,Clear,54.2,0.102,3,239.07,13.62,0
SHP-102859,Toronto ON,Toronto ON,MapleFreight Fleet,Standard,General Freight,Silver,10,364.1,1435.7,2,1,6.09,66.0,10.3,2.0,Rain,89.4,0.514,2,199.33,5.92,0
SHP-105631,Toronto ON,Edmonton AB,Contract Owner-Op,Standard,General Freight,Bronze,12,298.9,2135.9,0,0,5.68,22.0,28.2,1.5,Fog,23.9,0.507,1,190.13,5.07,0
SHP-104761,Winnipeg MB,Edmonton AB,Contract Owner-Op,Standard,General Freight,Silver,9,518.5,843.2,4,0,7.99,-18.0,,5.3,Rain,58.6,0.34,2,290.55,7.78,0
SHP-105511,Toronto ON,Ottawa ON,NorthStar Carriers,Express,General Freight,Gold,12,735.5,299.5,5,1,13.3,42.0,2.9,5.5,Snow,91.0,0.56,2,182.24,16.33,1
SHP-104924,Montreal QC,Ottawa ON,PrairieLine,Express,General Freight,Silver,10,485.5,827.1,3,0,10.34,17.0,2.9,2.3,Fog,90.4,0.257,0,199.92,9.49,0
SHP-100481,Mississauga ON,Edmonton AB,PrairieLine,Standard,General Freight,Gold,7,447.4,199.9,1,0,9.12,-4.0,4.3,1.1,Clear,70.1,0.274,0,214.18,9.56,0
SHP-102377,Toronto ON,Ottawa ON,NorthStar Carriers,Economy,Fragile,Silver,9,1175.2,954.7,0,0,16.13,9.0,,10.2,Clear,24.0,0.72,1,139.91,15.62,0
SHP-101201,Toronto ON,Ottawa ON,MapleFreight Fleet,standard,Bulk,Bronze,5,808.4,1660.3,0,0,11.82,34.0,2.4,3.8,Fog,50.0,0.422,2,168.19,12.12,0
SHP-103535,Toronto ON,Ottawa ON,QuebecExpress,Economy,Fragile,Gold,11,310.0,542.0,0,0,2.68,7.0,3.1,7.0,Clear,45.8,0.41,2,185.72,2.55,0
SHP-104816,Toronto ON,Hamilton ON,Contract Owner-Op,Standard,General Freight,Gold,12,1189.2,1553.8,5,0,17.98,-20.0,5.9,2.1,Clear,46.8,0.385,1,148.27,18.06,0
SHP-105853,Winnipeg MB,Edmonton AB,MapleFreight Fleet,Standard,General Freight,Silver,4,937.9,803.6,0,0,12.65,-20.0,3.5,6.6,Snow,86.1,0.549,1,156.93,11.22,0
SHP-101733,Calgary AB,Montreal QC,Contract Owner-Op,Standard,General Freight,Silver,11,607.4,1512.8,4,0,10.88,2.0,6.0,7.4,Clear,43.0,0.463,3,124.67,10.76,0
SHP-105959,Calgary AB,Winnipeg MB,MapleFreight Fleet,Standard,General Freight,Silver,7,720.2,439.9,3,1,11.65,-5.0,10.5,10.4,Clear,65.7,0.364,0,145.69,17.85,1
SHP-100596,Montreal QC,Montreal QC,MapleFreight Fleet,Standard,General Freight,Gold,6,296.4,170.2,2,0,6.58,18.0,8.2,4.0,Snow,40.9,0.557,1,117.37,6.09,0
SHP-102503,Ottawa ON,Sudbury ON,MapleFreight Fleet,Express,General Freight,Silver,8,309.8,535.3,3,0,5.64,-2.0,2.0,4.6,Clear,27.2,0.825,2,82.26,5.27,0
SHP-103790,London ON,Ottawa ON,NorthStar Carriers,Standard,Hazardous,Silver,10,389.2,1469.0,0,0,6.17,24.0,8.9,8.5,Clear,64.0,0.527,1,270.88,5.6,0
SHP-103727,Toronto ON,Sudbury ON,MapleFreight Fleet,Standard,Bulk,Bronze,10,568.3,456.2,0,1,6.18,21.0,7.3,13.4,Clear,27.1,0.804,1,79.68,5.69,0
SHP-104271,Mississauga ON,Sudbury ON,MapleFreight Fleet,Standard,Refrigerated,Gold,1,524.2,2030.4,0,0,6.16,31.0,4.8,4.3,Rain,38.7,0.431,2,137.48,5.56,0
SHP-101617,Winnipeg MB,Toronto ON,PrairieLine,Standard,General Freight,Bronze,1,752.7,1407.1,4,0,14.82,9.0,0.3,3.2,Snow,45.6,0.223,1,134.75,23.21,1
SHP-103322,Winnipeg MB,Sudbury ON,PrairieLine,Standard,General Freight,Silver,6,447.7,1263.5,3,0,7.38,87.0,3.3,5.7,Clear,47.2,0.444,1,153.06,8.67,1
SHP-101821,Calgary AB,Montreal QC,QuebecExpress,Economy,General Freight,Bronze,7,976.7,491.9,3,0,16.18,53.0,7.0,2.6,Rain,81.5,0.29,0,86.39,15.36,0
SHP-102710,Montreal QC,Toronto ON,QuebecExpress,Standard,General Freight,Silver,8,639.7,884.7,2,0,9.24,22.0,3.4,4.2,Clear,65.3,0.232,6,125.96,8.8,0
SHP-100299,Winnipeg MB,Winnipeg MB,Contract Owner-Op,Economy,Hazardous,Bronze,4,517.7,2162.1,2,1,7.44,-20.0,5.0,2.2,Rain,54.4,0.474,3,161.62,9.69,1
SHP-101025,Calgary AB,Toronto ON,PrairieLine,Express,Hazardous,Bronze,7,711.7,270.7,3,0,12.45,-20.0,8.1,8.0,Rain,46.1,0.369,3,139.98,10.96,0
SHP-105632,Toronto ON,Regina SK,QuebecExpress,Standard,General Freight,Silver,2,259.2,230.6,0,1,2.74,18.0,6.6,9.0,Rain,57.0,0.296,3,,2.56,0
SHP-103933,Toronto ON,Quebec City QC,MapleFreight Fleet,Standard,Hazardous,Gold,8,588.6,824.3,0,1,9.05,-19.0,16.3,6.9,Clear,72.2,0.45,0,154.18,9.5,0
SHP-101128,Toronto ON,Quebec City QC,MapleFreight Fleet,Standard,Bulk,Gold,8,454.4,442.2,2,0,9.79,-20.0,2.4,2.5,Clear,40.6,0.466,0,,9.58,0
SHP-101387,Mississauga ON,Regina SK,QuebecExpress,Express,General Freight,Gold,5,504.5,1449.5,3,0,9.04,29.0,4.6,3.0,Rain,72.1,0.633,1,112.06,8.13,0
SHP-104012,Toronto ON,Quebec City QC,MapleFreight Fleet,Economy,General Freight,Gold,2,823.5,1681.9,5,0,14.13,1.0,1.8,5.2,Clear,96.6,0.636,0,198.05,19.28,1
SHP-100986,Montreal QC,Sudbury ON,MapleFreight Fleet,Express,Refrigerated,Silver,6,409.9,1801.0,1,0,6.44,21.0,2.5,9.8,Clear,43.5,0.118,1,175.18,6.77,0
SHP-103239,Ottawa ON,Hamilton ON,MapleFreight Fleet,Standard,General Freight,Bronze,11,308.8,191.9,2,0,5.9,36.0,6.9,2.8,Snow,48.6,0.564,3,267.29,5.79,0
SHP-101051,Toronto ON,Hamilton ON,MapleFreight Fleet,Express,Refrigerated,Gold,1,513.3,571.0,5,0,12.99,15.0,2.0,2.4,Storm,57.9,0.407,3,118.71,11.88,0
SHP-103240,Winnipeg MB,Sudbury ON,QuebecExpress,Economy,General Freight,Bronze,12,1146.1,737.8,3,0,17.41,7.0,2.1,4.1,Fog,35.8,0.64,1,169.76,17.53,0
SHP-101995,Winnipeg MB,Edmonton AB,QuebecExpress,Economy,Bulk,Silver,8,388.1,1786.1,0,0,4.68,-8.0,5.4,7.0,Clear,14.6,0.606,1,216.3,4.26,0
SHP-100553,Toronto ON,Sudbury ON,MapleFreight Fleet,Express,Bulk,Bronze,9,352.0,1329.9,0,0,4.4,3.0,10.5,2.1,Storm,53.7,0.0,0,,4.09,0
SHP-104195,Toronto ON,Quebec City QC,MapleFreight Fleet,Standard,Bulk,Bronze,1,380.1,430.1,2,0,6.27,35.0,6.0,5.9,Clear,31.1,0.561,0,155.12,6.04,0
SHP-105038,Toronto ON,Edmonton AB,NorthStar Carriers,Standard,General Freight,Gold,5,563.3,2662.1,0,0,8.26,73.0,2.7,4.3,Clear,63.9,0.463,0,176.73,7.43,0
SHP-103033,Mississauga ON,Calgary AB,MapleFreight Fleet,Economy,General Freight,Bronze,8,361.2,1518.1,0,0,4.67,0.0,25.3,2.5,Storm,40.5,0.499,2,,4.2,0
SHP-103612,Mississauga ON,Winnipeg MB,NorthStar Carriers,Express,General Freight,Silver,11,1026.4,833.8,3,0,15.42,-20.0,5.8,5.0,Clear,,0.373,0,129.38,15.14,0
SHP-100985,Calgary AB,Toronto ON,PrairieLine,Express,General Freight,Bronze,12,644.8,475.7,5,0,11.34,-1.0,8.6,3.1,Fog,73.8,0.336,0,167.4,14.3,1
SHP-102538,Montreal QC,Regina SK,PrairieLine,Express,General Freight,Bronze,10,384.6,487.7,0,0,5.31,62.0,2.8,7.9,Clear,48.3,0.794,2,273.76,5.27,0
SHP-103003,Ottawa ON,Montreal QC,MapleFreight Fleet,Standard,Fragile,Silver,8,674.0,334.4,3,0,11.84,49.0,1.9,5.9,Snow,73.9,0.318,0,193.94,18.87,1
SHP-104432,Calgary AB,Calgary AB,MapleFreight Fleet,Standard,General Freight,Gold,2,450.8,207.5,2,0,8.3,-20.0,7.2,1.8,Clear,25.6,0.431,0,176.03,8.68,0
SHP-103614,Toronto ON,Quebec City QC,PrairieLine,Express,Fragile,Bronze,12,392.0,1071.3,5,0,7.77,-1.0,,4.9,Snow,66.8,0.417,4,236.72,7.68,0
SHP-102956,Winnipeg MB,Calgary AB,NorthStar Carriers,Standard,General Freight,Bronze,9,711.2,779.9,3,0,12.04,27.0,6.0,4.6,Rain,55.9,0.421,3,113.96,11.33,0
SHP-101228,Mississauga ON,Edmonton AB,MapleFreight Fleet,Standard,Hazardous,Bronze,10,1361.0,1647.4,1,0,18.3,-15.0,7.4,4.4,Clear,32.0,0.298,1,226.34,18.27,0
SHP-105786,Toronto ON,Sudbury ON,MapleFreight Fleet,Express,Bulk,Gold,9,762.7,292.0,4,0,14.19,10.0,7.2,10.7,Fog,47.3,0.654,2,176.23,19.31,1
SHP-103700,Mississauga ON,Hamilton ON,Contract Owner-Op,Standard,General Freight,Gold,3,437.3,788.0,1,0,6.2,-18.0,14.4,12.0,Fog,81.5,0.632,3,178.79,9.75,1
SHP-103799,Mississauga ON,Quebec City QC,Contract Owner-Op,Standard,Refrigerated,Silver,5,1587.0,585.0,4,0,25.16,34.0,5.2,2.0,Rain,43.9,0.745,3,182.37,38.94,1
SHP-100649,Toronto ON,Regina SK,MapleFreight Fleet,Standard,General Freight,Bronze,11,342.8,666.8,0,0,2.41,-5.0,1.0,4.0,Clear,56.1,0.228,2,263.75,2.5,0
SHP-101311,Mississauga ON,Regina SK,QuebecExpress,Express,Refrigerated,Gold,1,612.8,1372.8,1,0,9.76,13.0,1.0,4.2,Clear,47.9,0.599,2,250.93,14.72,1
SHP-102043,London ON,Ottawa ON,MapleFreight Fleet,Standard,Bulk,Bronze,2,493.0,886.3,3,0,8.61,68.0,3.6,11.5,Rain,58.5,0.161,7,297.25,12.17,1
SHP-100636,Ottawa ON,Edmonton AB,NorthStar Carriers,Economy,General Freight,Bronze,9,262.1,1380.7,4,0,8.03,20.0,2.4,1.8,Clear,74.4,0.625,0,100.33,8.46,0
SHP-103007,London ON,Toronto ON,MapleFreight Fleet,Standard,Fragile,Silver,6,487.2,656.9,0,0,5.72,47.0,,8.6,Rain,67.1,0.401,0,208.99,5.78,0
SHP-102695,Mississauga ON,Regina SK,MapleFreight Fleet,Standard,General Freight,Bronze,12,497.9,1098.7,5,0,8.58,71.0,3.9,5.1,Clear,64.4,0.421,1,201.07,8.96,0
SHP-100465,Calgary AB,Winnipeg MB,MapleFreight Fleet,Standard,Bulk,Gold,4,523.4,1389.2,3,0,7.8,75.0,12.7,9.8,Fog,57.9,0.201,2,150.1,8.18,0
SHP-101840,Calgary AB,Montreal QC,MapleFreight Fleet,Economy,Fragile,Gold,10,1102.6,819.6,4,0,18.24,-1.0,2.8,3.8,Snow,64.2,0.716,0,224.76,24.85,1
SHP-100009,Winnipeg MB,Regina SK,NorthStar Carriers,Express,General Freight,Bronze,5,258.5,1977.1,0,0,3.53,39.0,1.6,4.6,Clear,48.1,0.403,4,181.47,3.73,0
SHP-104231,Ottawa ON,Toronto ON,PrairieLine,Express,Refrigerated,Gold,11,1699.1,668.7,3,1,25.53,51.0,5.1,4.6,Fog,89.1,0.181,1,175.62,37.02,1
SHP-104851,Ottawa ON,Hamilton ON,MapleFreight Fleet,Express,Bulk,Silver,6,1118.8,136.6,1,0,17.21,51.0,4.3,3.0,Clear,60.0,0.363,2,226.42,17.43,0
SHP-104508,Mississauga ON,Regina SK,NorthStar Carriers,Economy,Hazardous,Bronze,3,814.9,798.8,0,0,8.09,88.0,0.4,7.1,Fog,70.1,0.793,0,200.31,8.17,0
SHP-102470,Montreal QC,Regina SK,PrairieLine,Express,General Freight,Bronze,1,625.8,1154.9,4,0,10.97,22.0,12.6,1.3,Clear,37.4,0.34,1,129.32,10.6,0
SHP-105675,Toronto ON,Toronto ON,NorthStar Carriers,Economy,Bulk,Silver,3,660.2,1174.4,1,0,10.88,23.0,5.1,12.9,Rain,38.0,0.418,0,221.42,11.49,0
SHP-102506,Calgary AB,Quebec City QC,Contract Owner-Op,Standard,Bulk,Bronze,10,561.1,966.5,2,0,8.96,-20.0,5.5,9.0,Clear,78.8,0.651,2,284.07,13.99,1
SHP-101776,Calgary AB,Toronto ON,MapleFreight Fleet,Express,Bulk,Silver,11,549.0,737.3,4,0,11.34,31.0,8.2,7.5,Clear,52.5,0.343,1,204.66,10.82,0
SHP-104819,Calgary AB,Montreal QC,Contract Owner-Op,Economy,General Freight,Gold,4,264.7,286.3,2,0,8.42,42.0,5.5,11.1,Clear,41.0,0.265,0,137.04,8.39,0
SHP-103429,Winnipeg MB,Quebec City QC,MapleFreight Fleet,Economy,General Freight,Bronze,3,391.1,734.9,0,0,6.6,78.0,2.5,7.8,Storm,49.4,0.691,1,187.62,6.82,0
SHP-100380,Calgary AB,Montreal QC,MapleFreight Fleet,Economy,General Freight,Bronze,4,655.6,1535.9,5,0,10.78,33.0,5.6,5.2,Clear,67.1,0.538,0,256.94,10.96,0
SHP-100384,Toronto ON,Regina SK,MapleFreight Fleet,Standard,Hazardous,Silver,2,544.7,789.7,5,1,11.28,-20.0,10.6,4.6,Rain,78.6,0.685,4,187.29,10.14,0
SHP-104594,Toronto ON,Ottawa ON,MapleFreight Fleet,Standard,General Freight,Silver,1,1047.8,1302.0,3,0,16.8,52.0,6.2,8.8,Clear,62.5,0.469,3,218.11,17.29,0
SHP-102509,Toronto ON,Montreal QC,MapleFreight Fleet,Standard,General Freight,Bronze,5,441.7,779.9,3,0,9.54,14.0,4.6,4.0,Clear,43.5,0.455,0,146.08,8.44,0
SHP-101302,Ottawa ON,Sudbury ON,QuebecExpress,Economy,General Freight,Silver,9,247.6,1039.0,0,0,3.77,40.0,7.3,9.3,Clear,81.5,0.664,2,234.83,3.61,0
SHP-105373,Ottawa ON,Quebec City QC,MapleFreight Fleet,standard,General Freight,Bronze,3,579.8,495.8,1,0,7.83,-20.0,9.8,5.7,Rain,66.6,0.246,2,206.27,8.2,0
SHP-103579,Ottawa ON,Edmonton AB,NorthStar Carriers,standard,General Freight,Silver,4,674.6,1641.0,1,0,10.96,-20.0,,8.2,Clear,54.4,0.295,1,181.17,10.54,0
SHP-105452,Winnipeg MB,Quebec City QC,MapleFreight Fleet,Express,Bulk,Silver,5,578.9,499.1,2,0,9.18,33.0,6.8,5.7,Clear,27.9,0.146,3,170.35,8.81,0
SHP-105739,Mississauga ON,Montreal QC,MapleFreight Fleet,Standard,General Freight,Silver,2,854.6,552.2,1,0,10.3,77.0,1.4,3.6,Clear,49.8,0.667,2,210.13,10.33,0
SHP-101893,Montreal QC,Sudbury ON,MapleFreight Fleet,Economy,Hazardous,Bronze,1,612.4,973.2,4,0,11.39,8.0,10.6,6.1,Clear,78.3,0.132,1,240.28,11.68,0
SHP-104824,Calgary AB,Montreal QC,QuebecExpress,Standard,Fragile,Silver,6,933.7,237.8,1,0,13.51,15.0,13.4,3.2,Snow,46.1,0.387,0,254.59,17.4,1
SHP-105049,Montreal QC,Hamilton ON,PrairieLine,Express,General Freight,Bronze,3,357.2,718.2,4,0,6.96,20.0,7.6,1.3,Snow,42.1,0.439,3,146.32,6.65,0
SHP-105399,Ottawa ON,Toronto ON,MapleFreight Fleet,Express,General Freight,Gold,3,899.7,1295.9,5,0,15.38,20.0,3.2,9.1,Clear,34.4,0.088,1,78.02,13.87,0
SHP-101109,Winnipeg MB,Sudbury ON,MapleFreight Fleet,Standard,General Freight,Silver,11,274.5,293.1,1,0,4.33,37.0,5.5,1.4,Clear,56.0,0.474,0,142.0,4.1,0
SHP-100325,London ON,Quebec City QC,QuebecExpress,Economy,General Freight,Silver,9,609.5,463.6,3,0,10.86,25.0,9.9,6.8,Clear,39.7,0.402,1,168.46,11.5,0
SHP-100364,Montreal QC,Sudbury ON,NorthStar Carriers,Standard,Fragile,Silver,11,667.6,650.2,1,0,10.83,-5.0,3.7,2.0,Clear,64.8,0.342,1,173.09,14.43,1
SHP-101841,Calgary AB,Regina SK,PrairieLine,Standard,General Freight,Silver,8,95.6,1955.3,1,0,1.0,69.0,4.2,3.9,Clear,51.5,0.324,2,352.76,1.05,0
SHP-103367,Toronto ON,Montreal QC,MapleFreight Fleet,express,Refrigerated,Bronze,12,430.3,1496.0,1,0,5.2,71.0,2.9,1.6,Rain,36.3,0.222,2,176.37,5.36,0
SHP-101567,Montreal QC,Montreal QC,NorthStar Carriers,Express,Fragile,Silver,4,979.9,249.9,4,1,15.72,52.0,1.4,5.1,Fog,44.9,0.68,1,254.87,20.75,1
SHP-100524,Montreal QC,Hamilton ON,MapleFreight Fleet,Express,Fragile,Silver,11,581.5,574.3,2,1,8.44,12.0,6.4,3.6,Rain,53.1,0.602,2,184.28,8.84,0
SHP-101373,Toronto ON,Sudbury ON,MapleFreight Fleet,Standard,Bulk,Bronze,8,592.5,1592.3,0,0,7.23,6.0,4.8,6.9,Snow,86.0,0.615,1,277.58,6.75,0
SHP-105553,Winnipeg MB,Hamilton ON,MapleFreight Fleet,Economy,Refrigerated,Silver,4,454.4,402.1,0,0,6.21,59.0,3.2,3.0,Fog,35.1,0.241,0,293.45,6.36,0
SHP-105882,Toronto ON,Toronto ON,MapleFreight Fleet,Standard,Hazardous,Bronze,9,538.2,1592.5,3,1,9.38,-20.0,11.8,2.9,Clear,61.8,0.677,0,200.73,9.94,0
SHP-104402,Winnipeg MB,Sudbury ON,NorthStar Carriers,Express,Refrigerated,Bronze,7,855.0,1098.4,3,0,14.18,-20.0,3.1,4.4,Storm,,0.713,1,152.77,14.64,0
SHP-102558,Toronto ON,Winnipeg MB,NorthStar Carriers,Express,General Freight,Bronze,9,771.7,624.9,0,0,10.97,88.0,12.9,4.2,Clear,57.7,0.05,1,141.9,10.61,0
SHP-104173,Mississauga ON,Edmonton AB,MapleFreight Fleet,Standard,Hazardous,Gold,5,496.2,2021.4,4,0,10.06,15.0,,8.0,Snow,30.8,0.191,1,115.63,9.44,0
SHP-104853,Ottawa ON,Winnipeg MB,QuebecExpress,Express,Hazardous,Silver,1,1097.1,375.1,2,0,15.6,16.0,0.8,4.7,Clear,55.3,0.241,0,231.03,15.91,0
SHP-105566,Mississauga ON,Toronto ON,MapleFreight Fleet,Economy,Refrigerated,Silver,10,924.0,456.3,1,0,13.02,-20.0,8.6,7.0,Clear,22.1,0.423,5,116.09,12.66,0
SHP-102844,Ottawa ON,Hamilton ON,QuebecExpress,Standard,General Freight,Bronze,7,847.8,903.2,0,0,12.6,-12.0,3.3,12.3,Clear,40.9,0.178,1,170.59,19.4,1
SHP-104459,London ON,Regina SK,MapleFreight Fleet,Economy,Refrigerated,Bronze,8,573.2,704.6,3,0,9.44,-16.0,2.3,9.2,Clear,55.5,0.706,1,68.92,12.28,1
SHP-104739,Calgary AB,Edmonton AB,MapleFreight Fleet,Express,Fragile,Gold,9,994.2,88.7,3,1,17.15,56.0,8.2,3.9,Rain,77.2,0.2,1,252.03,15.84,0
SHP-100150,London ON,Winnipeg MB,QuebecExpress,Standard,Hazardous,Silver,11,512.5,262.8,0,0,8.33,22.0,9.5,4.7,Clear,54.9,0.324,1,324.03,7.76,0
SHP-103626,Calgary AB,Calgary AB,PrairieLine,Express,Refrigerated,Gold,1,317.9,602.7,4,0,6.85,-14.0,7.5,1.8,Rain,45.1,0.389,0,191.06,6.26,0
SHP-104099,Mississauga ON,Toronto ON,MapleFreight Fleet,Express,Refrigerated,Bronze,3,1007.2,505.2,0,0,15.51,10.0,7.3,1.9,Clear,83.0,0.753,1,231.56,14.41,0
SHP-100779,London ON,Hamilton ON,QuebecExpress,Economy,Fragile,Silver,2,697.8,1625.5,4,0,13.23,-7.0,8.6,4.9,Clear,68.9,0.196,1,277.46,14.86,1
SHP-100204,Toronto ON,Edmonton AB,PrairieLine,Standard,General Freight,Silver,1,945.9,1849.9,0,1,12.73,37.0,6.3,2.8,Rain,85.0,0.351,3,251.83,17.13,1
SHP-100125,Winnipeg MB,Ottawa ON,QuebecExpress,Express,Fragile,Silver,12,514.5,273.7,1,0,9.17,65.0,4.9,6.5,Clear,43.6,0.404,0,219.08,8.53,0
SHP-101564,Calgary AB,Winnipeg MB,NorthStar Carriers,Standard,General Freight,Silver,6,1108.5,699.1,1,0,16.99,26.0,3.4,8.3,Fog,63.1,0.814,2,134.84,22.49,1
SHP-101278,Mississauga ON,Toronto ON,MapleFreight Fleet,Economy,Fragile,Gold,7,342.7,547.4,5,0,8.17,38.0,0.7,8.3,Clear,72.8,0.345,2,257.3,7.69,0
SHP-103146,Calgary AB,Sudbury ON,Contract Owner-Op,Standard,Refrigerated,Gold,3,261.1,785.0,0,0,2.57,88.0,10.3,4.2,Snow,67.2,0.241,0,315.59,2.29,0
SHP-102060,Montreal QC,Quebec City QC,NorthStar Carriers,Standard,Refrigerated,Silver,4,651.5,2761.3,5,0,12.98,-15.0,7.9,3.7,Snow,42.0,0.506,0,139.58,11.61,0
SHP-100987,Mississauga ON,Hamilton ON,QuebecExpress,Standard,Refrigerated,Gold,2,961.7,2402.6,0,0,13.88,70.0,9.7,1.1,Clear,94.8,0.179,4,167.25,21.52,1
SHP-100025,Toronto ON,Toronto ON,MapleFreight Fleet,Economy,Bulk,Silver,1,672.8,531.5,0,0,8.66,35.0,5.6,12.0,Clear,50.2,0.099,1,76.9,8.99,0
SHP-105678,Montreal QC,Quebec City QC,MapleFreight Fleet,Standard,General Freight,Gold,1,814.6,593.0,4,1,14.71,-20.0,13.9,2.4,Rain,36.5,0.414,3,333.93,13.55,0
SHP-103902,Calgary AB,Quebec City QC,MapleFreight Fleet,Express,Bulk,Bronze,10,252.8,515.1,3,0,7.01,75.0,4.6,5.3,Snow,37.5,0.645,1,264.99,7.04,0
SHP-100677,Toronto ON,Winnipeg MB,MapleFreight Fleet,Standard,Fragile,Silver,2,291.1,308.3,3,0,5.3,-20.0,12.3,1.8,Snow,68.2,0.249,3,174.27,4.72,0
SHP-102639,Mississauga ON,Edmonton AB,MapleFreight Fleet,Standard,General Freight,Gold,10,414.4,1357.2,0,0,7.61,12.0,4.9,0.9,Clear,42.5,0.584,1,230.39,7.84,0
SHP-102160,Montreal QC,Quebec City QC,MapleFreight Fleet,Express,General Freight,Silver,4,488.9,679.6,5,0,10.72,26.0,15.1,6.1,Clear,18.6,0.903,2,123.59,11.17,0
SHP-103328,Toronto ON,Regina SK,PrairieLine,Standard,General Freight,Bronze,10,712.9,785.0,3,0,14.15,59.0,0.8,4.0,Rain,71.1,0.294,2,202.45,17.6,1
SHP-100888,Toronto ON,Quebec City QC,PrairieLine,Economy,Fragile,Silver,2,1277.2,276.0,5,1,19.77,-20.0,4.0,3.7,Clear,47.7,0.597,2,244.14,29.62,1
SHP-104962,Toronto ON,Ottawa ON,NorthStar Carriers,Standard,Bulk,Silver,7,517.4,468.2,0,0,6.99,26.0,2.6,5.3,Rain,60.5,0.697,0,131.76,7.13,0
SHP-104266,Calgary AB,Montreal QC,PrairieLine,Standard,Hazardous,Silver,1,817.5,1544.0,3,0,10.43,88.0,14.9,2.2,Clear,66.2,0.445,0,182.56,10.64,0
SHP-100174,Toronto ON,Montreal QC,NorthStar Carriers,Economy,Bulk,Gold,12,723.5,567.8,2,0,10.62,27.0,8.4,0.4,Rain,35.6,0.431,1,114.11,10.27,0
SHP-103247,Montreal QC,Ottawa ON,QuebecExpress,Economy,Fragile,Bronze,11,1196.3,215.6,0,0,17.72,8.0,6.2,3.3,Rain,34.4,0.389,2,122.01,26.42,1
SHP-105640,Calgary AB,Hamilton ON,NorthStar Carriers,Express,General Freight,Silver,12,475.9,290.5,4,0,8.74,20.0,0.3,4.9,Clear,69.7,0.337,2,119.51,8.78,0
SHP-105393,Toronto ON,Ottawa ON,PrairieLine,Express,General Freight,Silver,4,864.3,493.5,0,0,11.06,107.0,1.9,2.2,Clear,53.6,0.755,0,101.43,10.11,0
SHP-104265,Ottawa ON,Toronto ON,MapleFreight Fleet,Standard,Fragile,Gold,12,355.6,2077.7,4,1,9.6,48.0,4.1,1.8,Rain,73.5,0.353,3,66.66,9.75,0
SHP-102291,Winnipeg MB,Toronto ON,PrairieLine,Standard,General Freight,Silver,5,400.0,1743.8,4,0,6.28,20.0,3.9,7.9,Clear,83.4,0.368,2,108.99,5.99,0
SHP-101929,Calgary AB,Hamilton ON,NorthStar Carriers,Standard,Hazardous,Bronze,10,164.5,1651.8,5,0,6.96,46.0,4.4,9.0,Clear,61.1,0.503,2,165.92,6.96,0
SHP-100412,Ottawa ON,Edmonton AB,Contract Owner-Op,Standard,General Freight,Bronze,4,871.0,330.8,3,0,14.89,-11.0,2.1,2.7,Rain,78.3,0.274,1,200.69,18.2,1
SHP-103248,Montreal QC,Calgary AB,NorthStar Carriers,Express,General Freight,Bronze,1,509.0,553.6,1,0,8.56,-6.0,4.5,1.5,Clear,30.8,0.549,1,273.77,7.75,0
SHP-104027,Ottawa ON,Quebec City QC,MapleFreight Fleet,Standard,General Freight,Bronze,2,256.0,457.8,2,0,4.45,23.0,8.6,7.9,Snow,57.2,0.611,0,125.39,4.17,0
SHP-105565,Mississauga ON,Hamilton ON,QuebecExpress,Standard,General Freight,Bronze,8,939.1,188.5,2,0,15.03,0.0,9.1,3.9,Clear,49.7,0.335,2,145.51,13.77,0
SHP-102678,London ON,Winnipeg MB,MapleFreight Fleet,Standard,Fragile,Bronze,3,548.8,1566.9,3,0,9.79,13.0,3.5,10.1,Snow,65.4,0.664,0,178.22,8.76,0
SHP-101712,Montreal QC,Winnipeg MB,MapleFreight Fleet,Standard,Refrigerated,Silver,4,317.8,225.0,3,0,5.36,53.0,7.7,7.5,Clear,54.1,0.33,0,199.05,5.55,0
SHP-104387,Mississauga ON,Toronto ON,NorthStar Carriers,Standard,Bulk,Bronze,3,889.0,1685.3,2,0,12.49,-7.0,3.5,6.7,Clear,5.2,0.734,0,190.5,11.21,0
SHP-102542,Ottawa ON,Hamilton ON,PrairieLine,Standard,General Freight,Gold,1,577.6,480.5,2,0,9.56,10.0,6.9,7.8,Clear,57.1,0.31,3,204.6,9.13,0
SHP-100977,Mississauga ON,Toronto ON,PrairieLine,Standard,Fragile,Silver,8,309.7,1317.1,1,0,4.69,7.0,14.6,8.6,Clear,,0.449,1,137.26,4.63,0
SHP-103607,Toronto ON,Quebec City QC,QuebecExpress,Economy,Refrigerated,Silver,4,594.5,981.5,4,0,12.22,31.0,10.0,6.0,Fog,84.3,0.739,1,281.6,19.0,1
SHP-103577,Ottawa ON,Montreal QC,Contract Owner-Op,Standard,General Freight,Bronze,11,483.1,781.7,5,0,8.38,-20.0,11.5,1.2,Clear,45.8,0.503,0,30.0,7.45,0
SHP-100684,Winnipeg MB,Winnipeg MB,MapleFreight Fleet,Express,General Freight,Silver,3,261.9,597.4,3,0,5.44,-20.0,2.6,2.1,Storm,36.4,0.39,3,190.39,7.54,1
SHP-103496,Ottawa ON,Calgary AB,MapleFreight Fleet,Economy,Refrigerated,Bronze,3,177.3,1106.0,2,0,4.56,25.0,,2.1,Clear,22.9,0.201,1,138.11,4.47,0
SHP-101699,Toronto ON,Quebec City QC,QuebecExpress,Express,General Freight,Bronze,9,523.3,775.9,3,0,10.8,30.0,10.6,5.5,Clear,75.7,0.636,1,239.41,9.88,0
SHP-104643,Winnipeg MB,Ottawa ON,NorthStar Carriers,Express,General Freight,Gold,8,392.4,814.3,3,0,6.58,30.0,7.8,3.8,Rain,61.9,0.12,1,213.65,6.59,0
SHP-103749,Ottawa ON,Winnipeg MB,MapleFreight Fleet,Standard,General Freight,Gold,11,406.6,1462.1,4,0,7.32,77.0,11.5,3.0,Rain,74.1,0.213,1,107.92,6.76,0
SHP-104411,Toronto ON,Sudbury ON,MapleFreight Fleet,Economy,General Freight,Bronze,8,710.0,2694.7,5,0,12.73,-17.0,4.8,5.6,Rain,68.3,0.459,0,221.45,12.67,0
SHP-105617,Toronto ON,Quebec City QC,MapleFreight Fleet,Standard,General Freight,Silver,12,465.2,928.4,5,0,9.96,4.0,3.8,3.8,Fog,69.2,0.612,1,197.8,9.61,0
SHP-105510,Calgary AB,Calgary AB,MapleFreight Fleet,Economy,General Freight,Bronze,1,515.2,1085.9,2,0,9.03,2.0,5.3,7.0,Fog,45.9,0.347,1,,8.04,0
SHP-104994,Ottawa ON,Sudbury ON,MapleFreight Fleet,Standard,General Freight,Bronze,9,416.7,2292.0,5,0,8.93,29.0,7.0,10.3,Clear,53.9,0.656,0,231.46,13.17,1
SHP-104394,Toronto ON,Calgary AB,MapleFreight Fleet,Economy,General Freight,Silver,2,509.7,815.7,1,0,7.87,-20.0,6.8,2.2,Snow,100.0,0.216,1,231.75,7.16,0
SHP-105805,Ottawa ON,Edmonton AB,MapleFreight Fleet,Standard,Bulk,Silver,8,1696.3,1004.0,0,0,24.5,32.0,3.7,3.5,Clear,77.3,0.473,0,296.7,25.08,0
SHP-103264,Calgary AB,Winnipeg MB,PrairieLine,Standard,General Freight,Bronze,5,385.9,758.5,0,0,5.09,44.0,14.2,3.0,Clear,47.9,0.514,0,176.7,4.93,0
SHP-104338,London ON,Hamilton ON,MapleFreight Fleet,Standard,Refrigerated,Silver,8,372.4,1404.4,0,0,5.32,-20.0,9.2,7.2,Clear,55.2,0.733,1,89.52,5.22,0
SHP-104106,Toronto ON,Hamilton ON,NorthStar Carriers,Standard,General Freight,Bronze,7,542.7,281.4,3,0,10.2,65.0,2.2,3.5,Clear,44.4,0.204,0,173.51,10.17,0
SHP-101034,Toronto ON,Montreal QC,PrairieLine,Economy,General Freight,Silver,9,872.7,524.2,3,1,13.94,26.0,10.6,5.1,Clear,37.9,0.752,1,202.06,14.58,0
SHP-103316,Montreal QC,Calgary AB,QuebecExpress,Economy,General Freight,Silver,4,124.4,660.9,1,0,3.21,68.0,5.2,6.3,Snow,42.6,0.535,2,187.87,3.09,0
SHP-103961,Winnipeg MB,Hamilton ON,Contract Owner-Op,Economy,General Freight,Silver,11,510.1,385.7,3,0,7.98,18.0,0.4,10.5,Rain,94.5,0.364,1,155.96,11.45,1
SHP-105946,Toronto ON,Quebec City QC,MapleFreight Fleet,Economy,Bulk,Bronze,6,584.8,773.4,4,0,10.5,4.0,1.1,2.7,Rain,45.5,0.507,3,108.72,9.28,0
SHP-101603,Toronto ON,Winnipeg MB,PrairieLine,Express,Fragile,Bronze,4,369.4,73.3,2,0,7.65,-20.0,6.3,2.9,Clear,77.4,0.653,2,178.99,7.16,0
SHP-103787,Ottawa ON,Calgary AB,QuebecExpress,Standard,Bulk,Gold,11,550.2,464.7,3,1,11.32,72.0,10.3,5.5,Clear,35.0,0.432,1,,9.97,0
SHP-101114,Montreal QC,Toronto ON,QuebecExpress,Standard,General Freight,Gold,8,262.4,629.7,1,1,5.04,35.0,13.5,6.6,Clear,74.6,0.33,3,144.9,5.86,1
SHP-104764,Toronto ON,Toronto ON,PrairieLine,Standard,General Freight,Silver,12,990.0,536.1,1,0,12.99,31.0,6.1,6.7,Clear,50.4,0.372,1,174.26,13.54,0
SHP-102055,Winnipeg MB,Quebec City QC,NorthStar Carriers,Express,General Freight,Bronze,6,321.5,2466.9,0,0,2.19,-3.0,4.8,10.2,Fog,63.7,0.618,5,203.25,2.11,0
SHP-105557,London ON,Ottawa ON,QuebecExpress,Standard,General Freight,Bronze,5,427.0,1061.9,5,0,10.65,-20.0,15.9,4.0,Clear,45.7,0.393,2,36.16,10.65,0
SHP-104358,London ON,Regina SK,MapleFreight Fleet,Standard,General Freight,Silver,6,811.6,939.3,0,0,12.54,44.0,3.9,6.7,Rain,57.9,0.278,2,200.16,13.01,0
SHP-104148,Ottawa ON,Quebec City QC,MapleFreight Fleet,Economy,General Freight,Silver,2,1212.0,217.0,1,0,18.25,82.0,16.2,7.1,Rain,51.1,0.236,0,164.08,16.63,0
SHP-103895,Toronto ON,Quebec City QC,MapleFreight Fleet,Standard,Bulk,Gold,1,398.8,1587.4,2,0,4.86,-16.0,6.5,5.1,Snow,39.4,0.598,0,239.44,4.45,0
SHP-101403,Calgary AB,Edmonton AB,PrairieLine,Standard,General Freight,Silver,10,187.8,472.5,0,0,1.0,-10.0,15.0,2.3,Clear,32.4,0.571,2,243.48,1.04,0
SHP-105230,Mississauga ON,Toronto ON,QuebecExpress,Standard,General Freight,Silver,10,493.0,1478.7,1,0,6.54,39.0,10.9,12.5,Clear,48.7,0.389,1,30.0,6.06,0
SHP-100094,Montreal QC,Regina SK,MapleFreight Fleet,Standard,General Freight,Gold,12,443.6,576.2,1,0,8.16,32.0,3.3,4.6,Clear,43.3,0.23,0,297.14,8.25,0
SHP-102583,London ON,Toronto ON,MapleFreight Fleet,Economy,Refrigerated,Bronze,7,1348.6,290.7,3,0,21.19,-2.0,3.1,5.0,Rain,49.1,0.382,1,,32.46,1
SHP-103576,London ON,Winnipeg MB,Contract Owner-Op,Economy,Fragile,Silver,2,348.8,752.0,3,0,8.07,41.0,16.2,10.1,Rain,57.2,0.149,1,168.24,7.51,0
SHP-101139,Calgary AB,Winnipeg MB,QuebecExpress,Standard,Refrigerated,Bronze,1,145.5,1066.7,2,0,3.97,13.0,2.6,2.4,,78.4,0.277,2,284.61,3.77,0
SHP-100552,Ottawa ON,Sudbury ON,MapleFreight Fleet,Standard,Refrigerated,Silver,5,978.3,722800.0,5,0,19.41,4.0,4.8,7.3,Storm,52.6,0.538,1,235.0,30.67,1
SHP-103746,Mississauga ON,Calgary AB,MapleFreight Fleet,Standard,General Freight,Bronze,6,648.1,118.2,0,0,5.1,14.0,13.4,4.7,Clear,82.6,0.202,3,173.19,7.36,1
SHP-105730,Ottawa ON,Toronto ON,QuebecExpress,Standard,General Freight,Silver,5,391.2,1355.2,5,0,7.82,118.0,4.4,4.4,Clear,49.5,0.464,0,162.54,7.74,0
SHP-101305,Ottawa ON,Quebec City QC,PrairieLine,Economy,General Freight,Silver,10,327.4,1345.6,0,1,4.95,-1.0,6.4,6.0,Clear,62.3,0.466,1,208.31,7.61,1
SHP-104372,Toronto ON,Calgary AB,Contract Owner-Op,Express,Fragile,Silver,2,738.0,637.3,0,1,11.16,5.0,2.9,2.9,Clear,5.0,0.088,3,124.75,11.81,0
SHP-100558,Toronto ON,Edmonton AB,NorthStar Carriers,Standard,Fragile,Bronze,2,317.8,187.9,4,0,6.7,42.0,6.7,8.3,Clear,28.1,0.333,3,74.2,6.41,0
SHP-103552,Mississauga ON,Hamilton ON,NorthStar Carriers,Economy,Bulk,Bronze,10,612.2,120.7,0,0,10.92,-18.0,0.3,7.6,Snow,60.0,0.683,1,145.02,10.28,0
SHP-103693,Montreal QC,Hamilton ON,PrairieLine,standard,General Freight,Bronze,12,774.1,553.0,0,0,10.64,25.0,14.7,2.6,Clear,51.0,0.619,1,211.41,9.81,0
SHP-105189,London ON,Hamilton ON,PrairieLine,Standard,Fragile,Silver,2,119.6,633.6,0,0,1.65,-7.0,4.1,3.4,Rain,47.4,0.206,2,196.97,1.7,0
SHP-104719,Toronto ON,Calgary AB,Contract Owner-Op,Express,Hazardous,Bronze,9,833.7,740.1,3,0,13.84,34.0,1.3,0.8,Clear,52.5,0.353,1,190.84,13.24,0
SHP-101973,Calgary AB,Sudbury ON,MapleFreight Fleet,Standard,General Freight,Silver,9,1608.5,370.1,3,1,24.02,-20.0,5.4,9.6,Clear,48.9,0.182,0,242.83,22.06,0
SHP-101041,Toronto ON,Toronto ON,NorthStar Carriers,Standard,General Freight,Silver,7,432.5,358.9,3,0,6.81,26.0,18.5,5.1,Rain,79.9,0.295,1,204.16,6.17,0
SHP-104185,Toronto ON,Hamilton ON,NorthStar Carriers,Express,Bulk,Gold,6,706.9,1184.1,1,0,7.96,43.0,1.2,1.1,Rain,48.7,0.323,0,84.23,7.23,0
SHP-103993,Toronto ON,Edmonton AB,QuebecExpress,Standard,Fragile,Silver,7,720.7,1134.9,3,0,12.99,-14.0,0.9,3.1,Snow,43.1,0.363,4,242.85,11.63,0
SHP-100939,Toronto ON,Quebec City QC,QuebecExpress,Express,Fragile,Silver,6,717.2,268.5,4,0,11.22,2.0,3.3,2.0,Snow,42.1,0.337,0,192.49,10.81,0
SHP-102192,Montreal QC,Regina SK,MapleFreight Fleet,Standard,Refrigerated,Silver,2,727.1,188.7,0,0,10.58,-7.0,1.8,15.5,Rain,42.4,0.031,1,170.96,9.82,0
SHP-102680,Toronto ON,Hamilton ON,QuebecExpress,Standard,General Freight,Gold,8,392.6,1042.3,2,0,6.26,25.0,7.6,9.7,Clear,76.4,0.479,1,178.62,8.06,1
SHP-105302,Mississauga ON,Sudbury ON,MapleFreight Fleet,Economy,Hazardous,Silver,5,1235.0,790.0,2,0,18.28,41.0,8.2,6.4,Clear,65.5,0.428,0,130.04,16.83,0
SHP-102964,Calgary AB,Edmonton AB,PrairieLine,Economy,General Freight,Gold,12,804.4,550.5,0,0,10.9,40.0,4.6,11.9,Rain,50.7,0.097,1,83.49,10.12,0
SHP-105204,Ottawa ON,Regina SK,PrairieLine,Standard,Refrigerated,Bronze,8,462.8,1788.9,2,0,7.86,17.0,8.5,7.6,Clear,56.4,0.141,2,169.13,7.06,0
SHP-103255,Toronto ON,Sudbury ON,MapleFreight Fleet,Economy,Hazardous,Gold,6,175.9,172.8,3,1,3.73,43.0,3.3,11.9,Clear,62.8,0.577,1,343.29,4.45,1
SHP-101455,Mississauga ON,Winnipeg MB,QuebecExpress,Express,Bulk,Silver,10,691.2,187.2,3,0,10.04,30.0,0.8,4.2,Rain,37.8,0.564,2,217.39,9.42,0
SHP-103530,Mississauga ON,Sudbury ON,MapleFreight Fleet,Express,General Freight,Gold,7,759.0,815.7,5,0,12.86,111.0,8.2,5.9,Rain,68.2,0.512,0,160.53,18.38,1
SHP-105183,Toronto ON,Quebec City QC,Contract Owner-Op,standard,General Freight,Gold,6,1073.2,176.6,1,0,18.03,60.0,3.1,13.2,Clear,24.8,0.435,2,174.64,18.42,0
SHP-103771,Toronto ON,Regina SK,MapleFreight Fleet,Economy,General Freight,Bronze,7,452.5,708.1,1,0,8.59,-20.0,4.0,2.5,Snow,50.2,0.576,2,258.12,8.94,0
SHP-105875,Calgary AB,Montreal QC,QuebecExpress,Economy,Fragile,Bronze,1,1150.2,1887.9,3,0,18.13,30.0,11.6,10.3,Clear,79.7,0.42,2,144.73,27.14,1
SHP-104157,Toronto ON,Montreal QC,Contract Owner-Op,Express,Fragile,Gold,9,422.4,877.3,0,0,5.58,-4.0,2.9,4.6,Clear,45.5,0.506,1,85.68,5.16,0
SHP-104584,Calgary AB,Montreal QC,PrairieLine,Express,General Freight,Gold,12,526.1,825.3,1,0,10.5,91.0,1.1,6.6,Clear,66.1,0.333,3,172.14,13.6,1
SHP-104409,Montreal QC,Regina SK,QuebecExpress,Standard,General Freight,Silver,9,647.8,1684.8,3,0,10.9,-18.0,8.0,5.1,Clear,56.9,0.477,2,365.6,9.82,0
SHP-105299,Ottawa ON,Regina SK,Contract Owner-Op,Express,General Freight,Gold,3,498.4,1211.7,0,0,8.6,-20.0,7.7,4.0,Snow,21.2,0.33,1,145.15,7.72,0
SHP-103694,Winnipeg MB,Edmonton AB,NorthStar Carriers,Express,General Freight,Silver,4,870.7,1496.8,4,0,12.5,-20.0,5.0,4.2,Clear,83.7,0.188,2,141.6,12.22,0
SHP-105014,Winnipeg MB,Regina SK,PrairieLine,Standard,General Freight,Gold,12,463.1,495.5,1,1,6.93,15.0,2.1,5.2,Clear,59.9,0.624,0,168.0,7.02,0
SHP-105834,Montreal QC,Ottawa ON,QuebecExpress,Express,General Freight,Silver,1,1324.2,449.4,0,0,18.48,19.0,14.8,14.2,Clear,88.8,0.609,2,35.98,28.93,1
SHP-104238,Calgary AB,Calgary AB,NorthStar Carriers,Standard,General Freight,Bronze,5,371.8,305.3,3,0,8.75,34.0,7.5,7.7,Clear,74.8,0.525,2,280.64,11.47,1
SHP-104903,Ottawa ON,Regina SK,NorthStar Carriers,Standard,General Freight,Silver,3,1348.2,112.0,0,0,16.99,-16.0,0.6,5.6,Clear,68.7,0.698,1,191.73,19.26,1
SHP-105497,Montreal QC,Calgary AB,PrairieLine,Express,General Freight,Silver,7,1767.5,2330.7,3,0,26.3,48.0,17.4,1.5,Fog,68.5,0.325,2,229.86,41.27,1
SHP-105241,London ON,Hamilton ON,NorthStar Carriers,Standard,Bulk,Bronze,9,348.6,728.9,5,0,8.4,68.0,7.9,6.9,Rain,71.8,0.501,0,155.4,13.2,1
SHP-102398,Winnipeg MB,Quebec City QC,MapleFreight Fleet,Standard,Hazardous,Bronze,6,952.7,648.3,1,0,13.54,15.0,0.8,0.8,Clear,41.2,0.516,2,198.66,14.06,0
SHP-103952,Ottawa ON,Sudbury ON,MapleFreight Fleet,Standard,General Freight,Bronze,6,751.7,1537.3,2,0,11.51,27.0,4.5,7.5,Rain,65.4,0.68,2,125.55,10.79,0
SHP-104558,Mississauga ON,Calgary AB,Contract Owner-Op,Standard,General Freight,Bronze,10,890.7,624.6,3,0,14.83,25.0,3.9,0.5,Clear,50.8,0.345,5,339.75,23.15,1
SHP-105070,Ottawa ON,Calgary AB,Contract Owner-Op,Economy,Hazardous,Bronze,10,309.8,969.3,3,0,7.37,-6.0,12.2,1.6,Rain,53.1,0.124,2,240.81,7.17,0
SHP-104313,Ottawa ON,Montreal QC,MapleFreight Fleet,Standard,Fragile,Silver,5,297.0,1987.0,2,0,4.52,-11.0,3.3,5.7,Clear,,0.588,1,121.83,4.48,0
SHP-100665,Montreal QC,Sudbury ON,MapleFreight Fleet,Standard,General Freight,Silver,2,709.3,1933.1,0,0,9.22,-10.0,3.5,4.2,Clear,39.2,0.481,0,169.69,9.32,0
SHP-103008,Mississauga ON,Calgary AB,MapleFreight Fleet,Standard,General Freight,Silver,1,668.0,1090.5,3,0,11.54,-20.0,3.6,10.4,Clear,56.5,0.709,2,222.8,13.32,1
SHP-101969,Montreal QC,Winnipeg MB,MapleFreight Fleet,Economy,General Freight,Silver,10,382.6,1066.8,4,0,8.01,49.0,15.0,7.0,Rain,13.5,0.375,2,196.59,7.82,0
SHP-100536,Toronto ON,Quebec City QC,NorthStar Carriers,Standard,Fragile,Silver,3,527.7,496.1,1,0,7.35,-20.0,5.8,7.9,Clear,65.0,0.509,1,139.71,7.02,0
SHP-102766,Mississauga ON,Winnipeg MB,MapleFreight Fleet,Express,General Freight,Gold,8,1030.9,1368.5,4,0,16.62,31.0,5.8,1.7,Clear,51.1,0.629,1,133.2,14.84,0
SHP-100389,Calgary AB,Edmonton AB,PrairieLine,Express,Bulk,Bronze,10,433.9,854.3,1,0,5.72,34.0,4.2,5.7,Fog,60.5,0.659,2,153.28,5.77,0
SHP-100039,Calgary AB,Montreal QC,MapleFreight Fleet,Standard,General Freight,Silver,5,844.4,1666.1,4,0,13.83,45.0,1.5,3.0,Rain,60.2,0.291,2,220.37,12.54,0
SHP-102273,Ottawa ON,Edmonton AB,MapleFreight Fleet,Standard,General Freight,Gold,2,334.7,501.3,2,0,6.06,101.0,10.6,4.6,Rain,,0.484,0,95.87,6.15,0
SHP-102685,London ON,Calgary AB,QuebecExpress,Standard,Fragile,Gold,5,788.5,712.5,5,0,12.82,28.0,5.1,9.2,Snow,64.0,0.658,0,221.76,18.31,1
SHP-101675,London ON,Quebec City QC,MapleFreight Fleet,Standard,General Freight,Bronze,8,501.4,1231.7,3,1,9.57,-14.0,4.6,0.9,Clear,49.9,0.342,0,141.12,9.74,0
SHP-103343,Toronto ON,Hamilton ON,MapleFreight Fleet,Express,General Freight,Bronze,8,916.7,528.7,4,0,15.95,55.0,4.5,3.6,Clear,56.9,0.53,3,222.46,14.93,0
SHP-102274,Winnipeg MB,Calgary AB,PrairieLine,Standard,Refrigerated,Silver,11,217.6,2031.2,5,1,4.72,10.0,4.9,3.2,Snow,55.1,0.787,0,138.3,5.53,1
SHP-100031,Montreal QC,Quebec City QC,NorthStar Carriers,Standard,Refrigerated,Bronze,4,326.9,779.2,4,0,8.32,12.0,4.1,14.7,Clear,60.4,0.309,1,244.5,7.99,0
SHP-103814,Montreal QC,Edmonton AB,NorthStar Carriers,Express,Bulk,Silver,10,502.7,1480.6,2,0,9.73,8.0,17.6,6.4,Fog,43.5,0.118,3,183.67,9.98,0
SHP-103645,Ottawa ON,Hamilton ON,PrairieLine,Express,General Freight,Gold,4,630.8,2347.4,4,0,11.68,56.0,17.3,6.7,Rain,56.6,0.0,0,219.51,12.37,0
SHP-104182,Toronto ON,Toronto ON,NorthStar Carriers,Standard,General Freight,Gold,11,310.1,902.9,0,0,5.7,15.0,0.7,5.5,Storm,65.9,0.382,1,,5.97,0
SHP-100096,Winnipeg MB,Regina SK,MapleFreight Fleet,Economy,General Freight,Silver,12,702.3,1336.6,1,0,9.29,-20.0,4.8,2.4,Clear,51.1,0.272,2,208.19,8.47,0
SHP-102560,Toronto ON,Toronto ON,NorthStar Carriers,Economy,General Freight,Bronze,2,708.4,313.4,2,0,12.12,47.0,3.9,7.6,Clear,39.8,0.511,0,123.72,11.52,0
SHP-105054,Calgary AB,Quebec City QC,MapleFreight Fleet,Economy,Fragile,Silver,4,232.1,404.4,4,0,4.59,5.0,3.9,7.4,Fog,47.7,0.73,2,236.78,4.08,0
SHP-100957,Montreal QC,Regina SK,PrairieLine,Standard,Bulk,Silver,2,792.3,1128.1,0,0,10.43,-20.0,6.1,15.4,Clear,72.1,0.547,1,144.9,9.91,0
SHP-105764,Mississauga ON,Toronto ON,QuebecExpress,Standard,General Freight,Bronze,1,1306.1,1847.8,5,0,21.7,-12.0,11.9,5.9,Rain,5.0,0.405,4,140.05,20.77,0
SHP-101868,Calgary AB,Regina SK,QuebecExpress,Standard,General Freight,Bronze,10,582.1,358.3,3,0,9.56,-14.0,12.9,3.3,Clear,67.6,0.296,1,177.47,9.52,0
SHP-101741,Ottawa ON,Winnipeg MB,NorthStar Carriers,Express,General Freight,Silver,7,873.7,276.2,2,1,12.8,33.0,2.6,3.5,Rain,23.0,0.446,1,213.74,12.69,0
SHP-102041,Toronto ON,Winnipeg MB,MapleFreight Fleet,Standard,General Freight,Silver,8,924.1,463.2,3,0,14.93,61.0,11.1,4.9,Snow,23.0,0.265,2,144.33,13.79,0
SHP-104629,Montreal QC,Edmonton AB,QuebecExpress,Standard,General Freight,Silver,10,533.4,182.0,1,0,8.95,4.0,2.7,7.2,Clear,53.3,0.093,6,282.83,7.95,0
SHP-105542,Mississauga ON,Edmonton AB,MapleFreight Fleet,Standard,General Freight,Silver,4,510.4,653.3,5,0,10.38,-20.0,16.7,14.0,Fog,57.7,0.328,5,215.17,9.71,0
SHP-104884,Mississauga ON,Regina SK,PrairieLine,Express,General Freight,Silver,6,414.5,981.6,1,0,7.42,26.0,7.6,5.6,Snow,60.1,0.538,1,146.49,7.36,0
SHP-100634,Mississauga ON,Hamilton ON,QuebecExpress,Express,General Freight,Silver,6,305.2,1408300.0,0,0,2.92,15.0,2.0,15.1,,79.2,0.549,2,101.79,2.89,0
SHP-103747,Ottawa ON,Edmonton AB,Contract Owner-Op,Standard,General Freight,Gold,10,677.1,976.0,1,0,9.46,-20.0,8.5,0.5,Rain,79.5,0.361,2,162.44,9.33,0
SHP-102732,Winnipeg MB,Toronto ON,PrairieLine,Economy,Hazardous,Bronze,10,591.3,1009.6,5,1,10.78,-3.0,20.5,5.4,Snow,50.1,0.685,0,215.91,16.81,1
SHP-105243,Montreal QC,Hamilton ON,NorthStar Carriers,Express,General Freight,Silver,5,536.4,2864.3,4,0,10.12,22.0,4.4,2.0,Rain,73.5,0.443,3,139.41,9.77,0
SHP-105008,Toronto ON,Sudbury ON,MapleFreight Fleet,standard,Refrigerated,Silver,4,1531.7,345.1,1,0,22.42,-20.0,4.6,2.5,Clear,45.5,0.347,2,164.4,28.2,1
SHP-104035,Mississauga ON,Sudbury ON,MapleFreight Fleet,Economy,Refrigerated,Gold,12,573.9,964.7,4,0,12.14,36.0,1.2,4.3,Rain,63.4,0.409,0,165.97,14.91,1
SHP-103448,London ON,Sudbury ON,MapleFreight Fleet,Express,Refrigerated,Gold,7,670.9,1100.1,5,0,12.3,14.0,3.4,4.3,Storm,27.3,0.501,0,226.11,16.06,1
SHP-104693,Montreal QC,Hamilton ON,NorthStar Carriers,Standard,Fragile,Gold,11,1142.3,787.0,5,0,19.62,76.0,5.1,1.8,Snow,29.9,0.438,0,87.53,19.88,0
SHP-102723,Ottawa ON,Sudbury ON,MapleFreight Fleet,Standard,Refrigerated,Gold,2,440.4,243.2,5,0,11.56,-20.0,4.7,7.2,Clear,43.1,0.304,1,166.29,10.54,0
SHP-104546,London ON,Edmonton AB,QuebecExpress,Standard,Refrigerated,Silver,12,341.7,601.7,4,0,5.77,37.0,6.8,3.0,Rain,46.6,0.455,2,218.48,5.59,0
SHP-103093,Montreal QC,Calgary AB,PrairieLine,Express,General Freight,Silver,2,510.7,979.9,5,0,10.47,-20.0,5.9,2.0,Snow,52.0,0.712,1,219.41,9.47,0
SHP-102437,Mississauga ON,Ottawa ON,PrairieLine,Standard,Refrigerated,Silver,4,704.5,141.3,5,0,11.19,16.0,3.0,1.6,Rain,46.4,0.369,1,131.44,10.39,0
SHP-105505,Mississauga ON,Quebec City QC,Contract Owner-Op,Standard,General Freight,Bronze,8,139.1,300.7,4,0,5.24,-20.0,5.7,5.1,Snow,75.5,0.299,0,239.64,5.2,0
SHP-100466,Mississauga ON,Regina SK,MapleFreight Fleet,Express,Bulk,Gold,9,948.4,976.5,3,0,14.46,46.0,17.3,3.9,Storm,48.4,0.284,2,176.44,12.94,0
SHP-101965,Toronto ON,Toronto ON,MapleFreight Fleet,Standard,General Freight,Silver,5,569.0,227.0,2,0,9.73,-7.0,10.3,3.3,Clear,58.2,0.586,3,156.29,8.72,0
SHP-100619,Winnipeg MB,Winnipeg MB,NorthStar Carriers,Standard,General Freight,Bronze,1,760.6,527.4,0,0,12.56,73.0,13.0,4.4,Clear,39.3,0.275,1,221.62,13.3,0
SHP-103736,Calgary AB,Sudbury ON,MapleFreight Fleet,Standard,Refrigerated,Gold,10,281.6,581.4,5,0,7.26,-20.0,8.8,2.0,Fog,81.4,0.553,1,212.51,7.38,0
SHP-102861,Toronto ON,Hamilton ON,QuebecExpress,Express,General Freight,Silver,4,1542.6,875.0,5,0,24.91,-20.0,10.8,2.6,Clear,44.9,0.459,0,151.53,23.2,0
SHP-101167,Mississauga ON,Regina SK,QuebecExpress,Economy,Refrigerated,Bronze,9,722.2,986.6,4,0,12.99,58.0,0.9,4.7,Clear,59.3,0.694,1,,15.26,1
SHP-100723,London ON,Calgary AB,MapleFreight Fleet,Standard,Hazardous,Bronze,5,1031.9,2086.8,0,1,16.09,-20.0,15.7,2.5,Clear,48.0,0.464,0,203.52,16.04,0
SHP-104525,Calgary AB,Hamilton ON,Contract Owner-Op,Standard,General Freight,Silver,10,556.2,1099.7,5,1,9.7,37.0,1.4,3.6,,71.2,0.406,0,127.47,15.08,1
SHP-104004,Montreal QC,Calgary AB,MapleFreight Fleet,Express,Bulk,Bronze,3,516.4,377.2,5,0,10.22,26.0,6.5,3.7,Clear,54.7,0.44,0,292.83,9.8,0
SHP-103987,Toronto ON,Toronto ON,MapleFreight Fleet,Express,Refrigerated,Silver,11,1066.9,1000.4,2,0,14.37,45.0,2.1,0.3,Clear,27.3,0.617,2,124.81,14.02,0
SHP-104354,Winnipeg MB,Toronto ON,MapleFreight Fleet,Standard,General Freight,Silver,6,578.8,1249.6,0,0,7.35,-20.0,9.4,4.9,Clear,74.4,0.369,0,248.09,7.02,0
SHP-102058,Calgary AB,Calgary AB,QuebecExpress,Standard,Fragile,Silver,7,1383.4,837.5,4,0,23.12,-13.0,5.6,2.4,Clear,59.2,0.534,0,145.06,21.3,0
SHP-105920,Mississauga ON,Winnipeg MB,PrairieLine,Express,Fragile,Gold,2,274.5,1140.4,2,0,5.61,56.0,9.9,4.0,Storm,48.9,0.42,3,186.09,5.84,0
SHP-101836,Toronto ON,Ottawa ON,Contract Owner-Op,Economy,Fragile,Gold,12,402.7,188.3,1,0,5.87,22.0,12.0,2.5,Clear,67.2,0.481,5,118.78,6.11,0
SHP-102898,Montreal QC,Ottawa ON,QuebecExpress,Economy,General Freight,Gold,4,1223.2,1552.1,2,0,19.49,40.0,3.1,11.6,Clear,78.3,0.145,2,169.33,28.26,1
SHP-103058,Montreal QC,Sudbury ON,MapleFreight Fleet,Standard,Bulk,Silver,4,393.1,213.6,0,1,6.3,-20.0,11.6,18.4,Clear,57.1,0.268,0,144.19,5.89,0
SHP-103456,Calgary AB,Quebec City QC,MapleFreight Fleet,Standard,Refrigerated,Bronze,6,117.5,752.2,3,0,3.27,17.0,4.1,2.3,Clear,87.7,0.414,2,222.68,3.14,0
SHP-104707,Mississauga ON,Winnipeg MB,MapleFreight Fleet,Express,Hazardous,Silver,4,445.9,642.3,2,0,7.27,-11.0,,3.0,Clear,82.7,0.488,1,119.5,6.48,0
SHP-100353,Toronto ON,Toronto ON,Contract Owner-Op,Express,Refrigerated,Silver,9,272.2,2320.5,0,0,3.11,38.0,4.7,2.8,Storm,35.4,0.488,0,,3.15,0
SHP-100541,London ON,Winnipeg MB,QuebecExpress,Standard,Hazardous,Silver,11,215.7,986.2,0,0,1.0,13.0,2.6,4.5,Rain,61.7,0.239,0,130.93,0.96,0
SHP-102877,Toronto ON,Hamilton ON,NorthStar Carriers,Standard,Fragile,Bronze,7,582.3,1137.6,5,0,8.61,6.0,,2.5,Snow,54.8,0.436,2,229.49,10.69,1
SHP-103304,Mississauga ON,Ottawa ON,MapleFreight Fleet,Express,General Freight,Gold,11,450.2,161.7,4,0,8.67,3.0,0.9,15.3,Rain,54.0,0.712,0,183.93,7.83,0
SHP-103474,Montreal QC,Toronto ON,QuebecExpress,Standard,General Freight,Silver,6,252.2,447.1,0,1,3.22,24.0,0.9,2.4,Clear,55.0,0.33,4,210.45,3.38,0
SHP-105779,Calgary AB,Sudbury ON,MapleFreight Fleet,Express,General Freight,Gold,2,186.3,1115.2,2,0,2.67,18.0,1.5,6.3,Clear,36.3,0.955,0,218.58,2.78,0
SHP-103186,Mississauga ON,Hamilton ON,NorthStar Carriers,Standard,General Freight,Silver,1,628.8,730.4,2,0,10.02,2.0,8.5,12.1,Snow,78.1,0.87,2,102.31,14.93,1
SHP-104267,Montreal QC,Calgary AB,NorthStar Carriers,Economy,General Freight,Silver,8,919.6,164.1,4,0,15.35,-16.0,7.7,3.1,Rain,63.2,0.52,1,30.0,15.63,0
SHP-101810,Calgary AB,Ottawa ON,QuebecExpress,Standard,General Freight,Gold,1,520.3,79.0,2,0,6.64,25.0,8.4,5.1,,27.0,0.287,1,250.58,6.71,0
SHP-105567,Toronto ON,Edmonton AB,Contract Owner-Op,Standard,Refrigerated,Bronze,4,375.5,2124.7,2,0,7.02,-4.0,7.7,1.0,Clear,47.6,0.734,1,217.69,7.14,0
SHP-105868,Montreal QC,Montreal QC,NorthStar Carriers,Standard,General Freight,Gold,1,783.7,1247.5,3,0,13.05,29.0,4.9,7.2,Clear,57.4,0.518,1,193.34,13.29,0
SHP-105097,Mississauga ON,Quebec City QC,NorthStar Carriers,Economy,Fragile,Silver,3,716.5,1007.5,1,0,11.77,54.0,4.8,16.5,Storm,46.9,0.361,2,,13.27,1
SHP-103597,Montreal QC,Hamilton ON,NorthStar Carriers,Express,General Freight,Silver,10,475.3,573.6,5,1,11.46,48.0,9.5,9.3,Fog,45.7,0.328,1,,16.11,1
SHP-105483,Montreal QC,Regina SK,MapleFreight Fleet,Standard,Bulk,Silver,4,498.6,728.8,3,0,8.52,-20.0,7.8,5.2,Clear,63.4,0.803,1,89.96,8.48,0
SHP-101499,Montreal QC,Hamilton ON,MapleFreight Fleet,Standard,General Freight,Gold,6,250.1,541.1,0,0,2.73,-2.0,18.4,1.6,Snow,57.6,0.618,0,244.46,2.46,0
SHP-101309,Calgary AB,Winnipeg MB,MapleFreight Fleet,Express,Refrigerated,Silver,8,671.4,1091.8,2,0,11.68,43.0,4.9,9.1,Clear,28.4,0.324,0,326.49,12.24,0
SHP-104133,Montreal QC,Ottawa ON,MapleFreight Fleet,Standard,Hazardous,Bronze,12,296.6,877.4,2,0,5.29,13.0,8.4,13.8,Clear,58.4,0.522,0,111.45,5.01,0
SHP-100526,Ottawa ON,Calgary AB,MapleFreight Fleet,Express,General Freight,Bronze,3,788.8,896.5,3,0,12.01,-20.0,9.3,10.7,Clear,41.5,0.048,0,392.01,12.37,0
SHP-105628,Winnipeg MB,Quebec City QC,PrairieLine,Economy,Fragile,Silver,7,685.1,1225.8,0,0,9.06,20.0,3.0,8.2,Clear,80.0,0.0,0,235.38,8.2,0
SHP-103966,Ottawa ON,Montreal QC,Contract Owner-Op,Standard,Refrigerated,Bronze,12,735.5,347.0,0,0,11.51,17.0,7.1,3.4,Rain,68.7,0.671,1,192.12,10.5,0
SHP-101330,Mississauga ON,Ottawa ON,MapleFreight Fleet,Standard,General Freight,Bronze,7,333.6,1433.3,4,0,8.96,72.0,2.3,5.3,Rain,36.7,0.23,1,189.96,8.06,0
SHP-104264,Montreal QC,Quebec City QC,Contract Owner-Op,Standard,Hazardous,Silver,2,270.3,654.0,0,0,5.21,72.0,3.2,11.0,Clear,71.6,0.422,4,126.6,5.25,0
SHP-103652,Mississauga ON,Hamilton ON,MapleFreight Fleet,Standard,Fragile,Bronze,3,286.9,1039.5,3,0,6.86,-20.0,1.9,12.2,Snow,49.1,0.506,0,227.65,6.79,0
SHP-104651,Toronto ON,Quebec City QC,Contract Owner-Op,Standard,General Freight,Silver,10,520.9,699.2,0,0,4.23,-15.0,11.4,1.9,Rain,92.1,0.62,2,205.83,3.8,0
SHP-103320,Toronto ON,Toronto ON,MapleFreight Fleet,Standard,Bulk,Bronze,10,835.5,343.3,3,0,16.06,-20.0,10.3,7.2,Rain,23.3,0.147,0,238.85,14.63,0
SHP-105890,Mississauga ON,Edmonton AB,PrairieLine,Standard,Bulk,Gold,1,673.9,1314.2,5,0,14.44,19.0,4.4,8.4,Rain,81.9,0.14,1,,13.22,0
SHP-102207,Toronto ON,Calgary AB,PrairieLine,Standard,Hazardous,Bronze,1,802.1,205.0,5,0,13.8,-5.0,1.5,5.1,Snow,77.2,0.57,0,219.7,13.51,0
SHP-104728,Mississauga ON,Hamilton ON,MapleFreight Fleet,Economy,Bulk,Silver,10,711.4,167.2,1,0,11.18,-20.0,5.2,10.0,Clear,51.7,0.586,3,,10.73,0
SHP-102781,Calgary AB,Quebec City QC,QuebecExpress,Standard,General Freight,Silver,11,588.5,423.0,4,0,10.78,41.0,1.4,1.5,Clear,47.1,0.302,4,208.17,15.29,1
SHP-105971,Toronto ON,Ottawa ON,Contract Owner-Op,Express,Bulk,Silver,9,752.6,688.5,3,0,13.23,8.0,3.6,4.9,Clear,43.3,0.359,1,211.49,12.11,0
SHP-103890,Mississauga ON,Hamilton ON,QuebecExpress,Economy,General Freight,Silver,9,356.5,1033.6,5,0,8.84,38.0,8.2,12.2,Clear,84.7,0.778,3,292.21,14.03,1
SHP-103807,Mississauga ON,Calgary AB,MapleFreight Fleet,Standard,Hazardous,Bronze,6,464.2,1892.7,0,0,7.75,68.0,7.7,7.9,Clear,71.6,0.646,1,,7.91,0
SHP-101861,Toronto ON,Hamilton ON,MapleFreight Fleet,Express,Refrigerated,Bronze,2,333.5,3385.8,4,0,9.53,22.0,2.7,2.7,Rain,42.7,0.412,0,164.75,8.84,0
SHP-100461,Montreal QC,Edmonton AB,NorthStar Carriers,Express,General Freight,Silver,9,518.6,834.6,0,0,9.51,-20.0,2.1,10.2,Fog,60.0,0.388,1,95.45,9.76,0
SHP-101458,Montreal QC,Sudbury ON,PrairieLine,Standard,General Freight,Silver,2,557.9,558.4,3,0,8.91,11.0,1.3,3.0,Clear,59.3,0.35,1,184.87,7.96,0
SHP-103115,Mississauga ON,Sudbury ON,Contract Owner-Op,Standard,General Freight,Silver,8,601.0,1029.6,4,0,11.28,15.0,4.0,4.4,Clear,72.5,0.638,3,289.12,14.91,1
SHP-102793,Ottawa ON,Calgary AB,QuebecExpress,Standard,General Freight,Silver,10,459.5,2015.2,2,0,7.66,-16.0,6.4,5.3,Storm,44.5,0.416,2,219.4,8.03,0
SHP-105240,Toronto ON,Edmonton AB,NorthStar Carriers,Standard,General Freight,Bronze,11,1503.3,1165.7,4,0,25.28,12.0,5.7,2.0,Clear,52.7,0.689,0,198.7,25.79,0
SHP-100417,Calgary AB,Sudbury ON,MapleFreight Fleet,Standard,General Freight,Bronze,3,867.2,323.4,5,0,14.83,-2.0,5.0,3.5,Snow,49.8,0.763,0,162.48,15.31,0
SHP-103646,Mississauga ON,Winnipeg MB,NorthStar Carriers,Express,Refrigerated,Silver,2,1537.7,772.9,0,0,20.64,6.0,,12.0,Snow,57.3,0.62,0,157.15,25.56,1
SHP-103350,Montreal QC,Quebec City QC,Contract Owner-Op,Economy,General Freight,Bronze,12,418.9,446.7,4,0,7.62,57.0,1.7,5.8,Rain,21.4,0.677,0,118.54,7.55,0
SHP-101574,Calgary AB,Sudbury ON,PrairieLine,Standard,General Freight,Silver,10,1029.3,2449.0,4,0,17.88,54.0,12.5,1.0,Snow,87.6,0.658,0,219.23,21.17,1
SHP-104603,London ON,Edmonton AB,PrairieLine,Economy,General Freight,Bronze,6,410.4,461.6,1,0,5.27,78.0,1.5,4.4,Clear,27.9,0.431,1,60.72,5.17,0
SHP-104445,London ON,Montreal QC,MapleFreight Fleet,Economy,Refrigerated,Silver,1,683.1,2102.0,0,0,8.01,13.0,4.2,6.0,Storm,43.5,0.391,3,111.5,9.61,1
SHP-104515,Montreal QC,Winnipeg MB,MapleFreight Fleet,Express,Hazardous,Silver,8,653.9,917.9,0,0,8.33,-4.0,7.3,11.3,Storm,64.6,0.196,1,157.5,8.15,0
SHP-104718,Ottawa ON,Montreal QC,NorthStar Carriers,Standard,General Freight,Bronze,5,514.4,880.2,2,0,8.49,103.0,19.2,1.9,Clear,29.2,0.404,1,239.28,8.45,0
SHP-101814,Mississauga ON,Winnipeg MB,MapleFreight Fleet,Standard,Bulk,Silver,2,607.1,785.7,0,0,9.28,10.0,,4.3,Clear,71.9,0.52,1,219.76,8.67,0
SHP-104958,Toronto ON,Hamilton ON,MapleFreight Fleet,Economy,Bulk,Silver,4,222.2,627.0,1,0,4.35,28.0,4.3,4.4,Fog,43.7,0.118,1,84.58,3.96,0
SHP-101129,Ottawa ON,Toronto ON,MapleFreight Fleet,Standard,Bulk,Silver,9,1080.4,1716.7,5,0,18.85,17.0,8.3,16.3,Clear,51.3,0.517,2,116.18,19.3,0
SHP-105331,Montreal QC,Winnipeg MB,MapleFreight Fleet,Standard,General Freight,Silver,4,645.5,253.0,3,0,9.96,48.0,5.0,11.5,Clear,46.0,0.325,2,258.72,9.68,0
SHP-102091,Ottawa ON,Toronto ON,NorthStar Carriers,Economy,Refrigerated,Bronze,5,288.5,570.9,5,0,7.83,66.0,4.2,6.6,Fog,80.6,0.455,4,123.09,7.01,0
SHP-100095,Mississauga ON,Toronto ON,MapleFreight Fleet,Standard,Hazardous,Silver,2,832.7,2573.7,0,1,11.45,-2.0,4.7,4.3,Clear,63.0,0.459,2,243.3,10.78,0
SHP-105358,Montreal QC,Edmonton AB,MapleFreight Fleet,Standard,General Freight,Silver,8,920.8,1050.7,5,0,16.51,93.0,4.6,2.0,Rain,59.7,0.52,3,95.91,15.6,0
SHP-105169,Calgary AB,Regina SK,Contract Owner-Op,Economy,Hazardous,Silver,11,304.9,616.2,2,0,6.17,18.0,11.2,3.8,Clear,45.7,0.131,1,229.44,5.6,0
SHP-101386,Mississauga ON,Quebec City QC,MapleFreight Fleet,Express,General Freight,Silver,2,1575.2,1132.4,3,0,22.34,54.0,7.4,12.1,Rain,48.6,0.391,4,189.03,34.3,1
SHP-105360,Mississauga ON,Quebec City QC,MapleFreight Fleet,Economy,General Freight,Bronze,10,985.1,1219.8,0,0,14.12,14.0,5.9,2.4,Snow,60.3,0.488,0,286.55,14.12,0
SHP-105418,London ON,Montreal QC,MapleFreight Fleet,Standard,General Freight,Gold,2,565.0,2759.5,0,0,9.6,-6.0,10.5,2.6,Rain,22.3,0.409,2,136.84,8.6,0
SHP-104026,Calgary AB,Quebec City QC,MapleFreight Fleet,Express,General Freight,Bronze,9,533.1,666.3,5,0,11.88,48.0,9.4,7.9,Rain,47.7,0.369,1,147.4,12.27,0
SHP-101754,Calgary AB,Regina SK,MapleFreight Fleet,Express,General Freight,Silver,4,711.5,405.6,3,0,12.12,15.0,1.3,9.2,Clear,50.7,0.295,0,138.46,12.4,0
SHP-103862,Ottawa ON,Montreal QC,PrairieLine,Standard,Bulk,Bronze,5,1041.3,1359.9,4,0,18.94,53.0,6.2,5.0,Snow,74.4,0.529,2,102.35,26.1,1
SHP-101212,Toronto ON,Quebec City QC,MapleFreight Fleet,Express,General Freight,Silver,2,567.2,191.7,2,0,10.19,8.0,11.5,2.5,Snow,45.6,0.162,4,132.96,10.25,0
SHP-101796,Calgary AB,Winnipeg MB,Contract Owner-Op,Express,Hazardous,Silver,5,391.9,1125500.0,2,0,6.21,4.0,9.1,10.2,Clear,40.9,0.56,2,231.03,5.84,0
SHP-100950,Winnipeg MB,Ottawa ON,PrairieLine,Express,General Freight,Silver,6,215.6,1454.7,3,0,3.8,-20.0,2.7,8.1,Clear,66.9,0.453,1,182.67,3.96,0
SHP-104474,Toronto ON,Calgary AB,MapleFreight Fleet,Economy,Refrigerated,Bronze,8,210.4,518.5,1,0,6.52,55.0,3.5,5.2,Clear,80.2,0.518,2,104.87,6.56,0
SHP-100268,Mississauga ON,Calgary AB,MapleFreight Fleet,Economy,Bulk,Silver,4,838.3,402.5,3,0,13.8,43.0,13.1,5.0,Storm,,0.873,2,133.17,18.22,1
SHP-105574,Mississauga ON,Sudbury ON,MapleFreight Fleet,Standard,Fragile,Gold,12,462.8,1741.3,5,0,9.32,24.0,6.5,2.4,Clear,36.6,0.27,1,235.09,9.15,0
SHP-104298,Montreal QC,Sudbury ON,PrairieLine,Standard,General Freight,Bronze,6,311.6,1821.4,5,0,6.87,8.0,6.2,2.0,Clear,65.2,0.402,3,145.37,6.16,0
SHP-100114,London ON,Edmonton AB,MapleFreight Fleet,Standard,General Freight,Bronze,1,362.2,962.7,5,0,7.93,26.0,10.2,6.1,Clear,67.9,0.282,2,156.63,7.35,0
SHP-102772,Montreal QC,Quebec City QC,PrairieLine,Economy,Fragile,Gold,4,694.0,1561.7,3,0,12.03,-20.0,4.6,2.5,Clear,77.2,0.399,1,227.31,12.47,0
SHP-103083,Calgary AB,Winnipeg MB,PrairieLine,Express,General Freight,Gold,2,562.0,700.7,2,0,10.15,16.0,4.1,2.7,Snow,42.9,0.238,2,200.28,9.83,0
SHP-103874,Ottawa ON,Toronto ON,PrairieLine,Express,Refrigerated,Silver,8,171.1,1119.9,3,0,4.36,48.0,7.1,11.9,Clear,34.9,0.441,1,124.78,4.18,0
SHP-100865,Mississauga ON,Sudbury ON,Contract Owner-Op,Standard,Refrigerated,Bronze,5,609.0,2179.6,3,0,12.17,1.0,2.4,5.5,Clear,47.7,0.396,2,,10.87,0
SHP-105118,Winnipeg MB,Toronto ON,MapleFreight Fleet,Standard,Bulk,Bronze,4,734.4,1264.8,3,0,14.42,36.0,9.1,3.0,Rain,21.4,0.17,1,147.38,14.54,0
SHP-102383,Toronto ON,Regina SK,NorthStar Carriers,Express,General Freight,Silver,6,430.1,1182.2,3,0,6.27,18.0,6.6,7.3,Clear,69.5,0.153,4,176.81,5.63,0
SHP-100808,Mississauga ON,Sudbury ON,MapleFreight Fleet,standard,Hazardous,Bronze,3,598.8,267.3,0,0,7.98,-20.0,5.8,3.4,Snow,45.1,0.371,0,195.04,8.0,0
SHP-104893,Toronto ON,Edmonton AB,MapleFreight Fleet,Standard,Bulk,Bronze,3,311.5,723.2,0,0,2.83,-20.0,2.9,7.4,Clear,32.6,0.648,1,,2.5,0
SHP-105906,Winnipeg MB,Hamilton ON,QuebecExpress,Standard,General Freight,Bronze,12,414.2,1705.1,3,0,8.58,-20.0,,3.1,Snow,31.3,0.417,2,151.97,8.8,0
SHP-103388,Ottawa ON,Toronto ON,MapleFreight Fleet,Standard,General Freight,Gold,2,457.6,598.8,3,1,9.82,-20.0,8.2,0.7,Snow,36.6,0.506,1,178.04,9.76,0
SHP-103930,Montreal QC,Quebec City QC,MapleFreight Fleet,Express,Refrigerated,Gold,7,605.1,874.8,4,0,8.98,61.0,5.1,6.6,Fog,46.5,0.731,0,147.62,8.15,0
SHP-101307,Toronto ON,Winnipeg MB,NorthStar Carriers,Standard,General Freight,Bronze,6,908.6,725.3,3,0,14.68,8.0,9.0,1.4,Clear,89.6,0.522,0,253.71,14.17,0
SHP-103309,London ON,Ottawa ON,PrairieLine,Standard,Refrigerated,Bronze,4,541.3,110.4,4,0,10.28,79.0,3.6,6.3,Rain,54.6,0.277,2,164.45,10.36,0
SHP-104828,Ottawa ON,Montreal QC,NorthStar Carriers,Express,General Freight,Bronze,4,689.2,1213.1,4,0,10.29,59.0,7.3,12.5,Rain,38.2,0.532,1,164.15,10.15,0
SHP-106000,Toronto ON,Winnipeg MB,MapleFreight Fleet,Standard,General Freight,Bronze,4,700.4,2157.3,0,0,10.0,-20.0,10.8,13.9,Clear,46.1,0.274,0,137.29,8.84,0
SHP-103226,Calgary AB,Regina SK,NorthStar Carriers,Standard,General Freight,Gold,12,332.9,672.2,3,0,6.98,78.0,4.4,5.9,Clear,38.2,0.542,0,237.94,6.62,0
SHP-100514,Winnipeg MB,Montreal QC,QuebecExpress,Standard,Hazardous,Silver,11,232.4,1730.9,2,0,2.48,30.0,3.9,3.2,Snow,45.9,0.323,2,113.81,2.42,0
SHP-102167,Montreal QC,Ottawa ON,NorthStar Carriers,Express,Hazardous,Silver,10,527.8,324.5,5,0,10.23,-17.0,8.7,3.0,Rain,48.7,0.029,2,247.15,9.78,0
SHP-101609,Montreal QC,Winnipeg MB,MapleFreight Fleet,Standard,Refrigerated,Silver,8,966.2,1748.5,5,0,16.95,61.0,19.4,13.4,Clear,55.0,0.56,2,149.81,15.21,0
SHP-101488,Winnipeg MB,Edmonton AB,MapleFreight Fleet,Standard,General Freight,Silver,2,844.8,789.9,0,0,14.21,-10.0,11.4,3.8,Clear,,0.507,2,247.06,13.55,0
SHP-102654,Winnipeg MB,Quebec City QC,MapleFreight Fleet,Express,Fragile,Silver,4,511.1,773.4,5,0,10.14,4.0,0.8,6.5,Storm,55.1,0.4,0,124.61,10.39,0
SHP-104281,Mississauga ON,Montreal QC,PrairieLine,Standard,Refrigerated,Bronze,7,525.1,1932.4,1,0,8.03,17.0,3.0,10.3,Clear,31.7,0.831,1,180.37,8.23,0
SHP-104635,Mississauga ON,Hamilton ON,QuebecExpress,Standard,General Freight,Bronze,12,1010.4,965.8,1,0,15.73,81.0,3.3,7.5,Clear,73.5,0.482,0,231.28,13.89,0
SHP-103905,Mississauga ON,Regina SK,MapleFreight Fleet,Express,General Freight,Bronze,1,769.6,643.7,3,0,13.77,-20.0,5.8,6.1,Rain,85.0,0.685,1,184.71,12.42,0
SHP-101639,Toronto ON,Quebec City QC,MapleFreight Fleet,Standard,General Freight,Silver,7,271.6,655.3,2,0,4.32,60.0,5.1,0.9,,26.5,0.376,0,150.51,4.14,0
SHP-104150,Mississauga ON,Ottawa ON,NorthStar Carriers,Standard,General Freight,Bronze,1,866.3,416.4,3,0,13.23,17.0,7.6,2.0,Snow,54.7,0.599,1,292.11,13.72,0
SHP-100533,Montreal QC,Montreal QC,MapleFreight Fleet,standard,Fragile,Gold,4,946.2,334.5,3,0,12.14,60.0,10.2,3.9,Clear,31.6,0.438,2,192.93,12.74,0
SHP-105912,Toronto ON,Quebec City QC,MapleFreight Fleet,Standard,Fragile,Bronze,11,920.3,445.9,4,0,15.12,19.0,4.5,7.1,Clear,52.8,0.713,3,167.03,14.39,0
SHP-103242,Ottawa ON,Winnipeg MB,PrairieLine,Economy,Refrigerated,Silver,11,274.3,545.0,5,0,6.68,63.0,3.0,5.3,Clear,83.8,0.546,3,278.29,8.48,1
SHP-100842,Mississauga ON,Ottawa ON,MapleFreight Fleet,Express,General Freight,Bronze,11,825.0,411.1,5,0,16.19,-6.0,2.5,2.2,Storm,54.0,0.451,0,166.22,15.73,0
SHP-101413,Calgary AB,Calgary AB,MapleFreight Fleet,Standard,Refrigerated,Gold,10,769.1,419.5,3,0,12.35,31.0,3.5,3.1,Rain,85.9,0.534,2,165.87,17.92,1
SHP-101895,Mississauga ON,Edmonton AB,Contract Owner-Op,Standard,Refrigerated,Bronze,4,312.4,1351.4,1,1,3.84,23.0,1.4,4.5,Clear,60.1,0.605,1,156.02,3.51,0
SHP-103975,Winnipeg MB,Hamilton ON,QuebecExpress,Standard,General Freight,Silver,10,580.8,2398.8,0,0,7.71,-15.0,15.4,1.9,Rain,40.3,0.57,1,121.8,6.85,0
SHP-105292,Ottawa ON,Calgary AB,PrairieLine,Economy,General Freight,Gold,6,344.0,1288.2,0,0,4.38,48.0,20.3,13.2,Clear,57.5,0.213,1,166.32,5.36,1
SHP-102243,Ottawa ON,Montreal QC,NorthStar Carriers,Express,Hazardous,Silver,3,470.5,677.3,4,0,10.24,3.0,2.1,2.2,Clear,44.9,0.44,2,118.41,9.58,0
SHP-105526,Winnipeg MB,Sudbury ON,Contract Owner-Op,Express,Refrigerated,Silver,4,1415.0,540.2,5,0,23.42,61.0,8.3,4.3,Clear,85.7,0.396,0,75.18,33.53,1
SHP-101434,Calgary AB,Hamilton ON,Contract Owner-Op,Standard,General Freight,Gold,5,872.9,1116.3,0,0,15.04,-11.0,2.9,9.6,Clear,63.1,0.342,3,204.74,15.16,0
SHP-100607,Mississauga ON,Sudbury ON,MapleFreight Fleet,Standard,General Freight,Silver,12,524.9,1437.2,2,1,6.57,7.0,4.7,3.4,Clear,70.1,0.15,1,251.34,6.67,0
SHP-101521,Toronto ON,Ottawa ON,Contract Owner-Op,Standard,General Freight,Bronze,9,457.4,730.0,2,0,6.34,51.0,3.7,5.0,Rain,54.0,0.137,0,196.3,6.33,0
SHP-105410,Toronto ON,Regina SK,NorthStar Carriers,Economy,General Freight,Bronze,6,209.6,1058.4,5,0,6.7,94.0,2.5,6.7,Clear,65.6,0.14,2,59.77,6.33,0
SHP-105639,Mississauga ON,Hamilton ON,Contract Owner-Op,Standard,Fragile,Bronze,7,442.1,1607.8,4,0,7.31,-20.0,11.6,1.4,Clear,72.8,0.619,1,175.25,6.8,0
SHP-102832,Toronto ON,Edmonton AB,NorthStar Carriers,Express,General Freight,Bronze,7,235.8,1358.7,1,0,2.57,95.0,13.1,6.5,Clear,43.9,0.203,1,195.49,2.68,0
SHP-103956,Mississauga ON,Winnipeg MB,PrairieLine,Standard,General Freight,Bronze,7,1026.6,277.6,5,0,18.69,29.0,9.7,5.7,Clear,73.7,0.305,1,263.03,22.49,1
SHP-103669,Montreal QC,Edmonton AB,QuebecExpress,Economy,Fragile,Silver,5,1024.9,224.7,5,0,15.04,44.0,1.2,5.6,Clear,44.0,0.713,1,238.57,14.99,0
SHP-101657,Montreal QC,Ottawa ON,MapleFreight Fleet,Express,Refrigerated,Gold,12,345.4,1902.9,1,0,5.56,-20.0,1.1,11.7,Clear,50.9,0.509,5,,5.19,0
SHP-104393,Toronto ON,Calgary AB,QuebecExpress,Standard,Bulk,Silver,1,965.8,687.8,0,1,15.29,35.0,4.8,6.0,Clear,100.0,0.353,0,215.95,13.86,0
SHP-103469,Montreal QC,Winnipeg MB,NorthStar Carriers,Express,General Freight,Bronze,2,947.1,1833.9,5,0,16.54,15.0,2.8,1.9,Clear,55.4,0.301,4,164.21,25.33,1
SHP-105498,Winnipeg MB,Hamilton ON,PrairieLine,Economy,General Freight,Silver,4,301.0,495.9,1,0,5.39,-10.0,1.1,2.0,Clear,54.6,0.616,2,174.02,7.08,1
SHP-101011,London ON,Regina SK,QuebecExpress,Standard,General Freight,Bronze,4,657.9,269.1,0,0,8.77,-8.0,6.6,5.9,Clear,45.4,0.224,0,171.42,8.89,0
SHP-101672,Mississauga ON,Regina SK,QuebecExpress,Express,Refrigerated,Gold,12,811.3,534.6,5,1,16.12,-20.0,4.5,4.7,Clear,59.5,0.431,3,273.45,21.76,1
SHP-104444,Montreal QC,Edmonton AB,MapleFreight Fleet,Express,Refrigerated,Bronze,5,1125.5,1905.8,2,0,16.59,39.0,3.9,4.3,Rain,52.0,0.369,1,227.84,25.54,1
SHP-104184,Montreal QC,Edmonton AB,QuebecExpress,Express,Fragile,Gold,1,638.8,338.8,3,0,11.3,22.0,5.7,8.8,Clear,99.5,0.567,1,136.5,14.01,1
SHP-103366,Toronto ON,Sudbury ON,MapleFreight Fleet,Standard,General Freight,Silver,3,537.3,1336.8,1,0,6.91,-20.0,4.6,7.0,Storm,87.3,0.626,2,133.33,6.89,0
SHP-103595,Mississauga ON,Winnipeg MB,MapleFreight Fleet,Standard,General Freight,Gold,6,220.2,1574.0,3,0,4.94,65.0,17.7,4.6,Storm,47.5,0.66,8,299.76,5.17,0
SHP-103153,Toronto ON,Calgary AB,PrairieLine,Express,Refrigerated,Gold,6,598.6,990.6,0,0,8.38,12.0,,3.0,Rain,86.4,0.376,1,138.93,13.17,1
SHP-102722,London ON,Sudbury ON,MapleFreight Fleet,Economy,General Freight,Bronze,3,1130.9,222.6,3,0,18.19,90.0,6.7,8.7,Clear,52.6,0.323,0,214.15,17.7,0
SHP-101725,Toronto ON,Edmonton AB,Contract Owner-Op,Economy,Refrigerated,Gold,3,649.5,385.7,4,1,11.64,36.0,8.8,1.8,Rain,37.8,0.59,0,186.57,14.75,1
SHP-103867,Toronto ON,Quebec City QC,MapleFreight Fleet,Standard,General Freight,Gold,2,459.7,767.2,1,0,6.94,53.0,5.4,3.3,Clear,66.6,0.289,1,278.88,6.97,0
SHP-100003,Winnipeg MB,Edmonton AB,PrairieLine,Standard,Refrigerated,Bronze,1,431.5,1418.9,3,0,9.94,77.0,18.0,4.3,Fog,62.3,0.499,2,166.37,11.46,1
SHP-101392,Toronto ON,Toronto ON,PrairieLine,Standard,Hazardous,Silver,12,763.9,453.1,1,0,10.07,7.0,4.3,6.4,Clear,78.9,0.495,2,154.19,9.57,0
SHP-104429,Ottawa ON,Montreal QC,MapleFreight Fleet,Economy,Refrigerated,Silver,12,880.0,1400.5,0,0,10.63,49.0,3.3,11.1,Clear,48.3,0.81,0,157.08,14.91,1
SHP-100298,Calgary AB,Ottawa ON,PrairieLine,Standard,Fragile,Silver,1,510.6,1216.9,1,0,6.37,11.0,9.2,6.9,Storm,93.6,0.627,1,284.62,6.08,0
SHP-105923,Ottawa ON,Edmonton AB,PrairieLine,Economy,General Freight,Silver,6,365.1,247.5,5,0,6.36,60.0,5.2,1.8,Clear,,0.536,1,155.64,7.73,1
SHP-104090,Mississauga ON,Regina SK,MapleFreight Fleet,Express,General Freight,Gold,6,457.5,303.3,3,0,6.84,-20.0,12.0,1.5,Clear,43.7,0.694,0,154.47,6.35,0
SHP-100975,Montreal QC,Toronto ON,MapleFreight Fleet,Standard,General Freight,Silver,9,254.3,621.5,3,0,4.0,-1.0,9.2,4.0,Clear,43.9,0.25,0,,3.58,0
SHP-105886,Winnipeg MB,Hamilton ON,NorthStar Carriers,Economy,General Freight,Silver,4,238.1,1093.8,0,0,4.77,21.0,2.9,6.8,Clear,85.4,0.396,2,218.13,7.04,1
SHP-100560,Toronto ON,Toronto ON,MapleFreight Fleet,Standard,General Freight,Bronze,1,485.7,1026.0,1,1,6.51,21.0,2.5,11.4,Clear,65.7,0.744,2,95.54,5.91,0
SHP-101660,Toronto ON,Winnipeg MB,PrairieLine,Express,Fragile,Bronze,10,504.6,809.7,5,0,9.29,-20.0,4.4,6.7,Clear,61.7,0.472,2,211.76,8.43,0
SHP-100516,Montreal QC,Regina SK,MapleFreight Fleet,Economy,Fragile,Silver,6,1170.0,2191.1,2,0,17.37,74.0,7.9,7.7,Rain,71.6,0.872,3,53.48,26.24,1
SHP-103191,Ottawa ON,Calgary AB,Contract Owner-Op,Standard,General Freight,Silver,4,516.7,395.9,3,0,9.0,-20.0,4.2,4.1,Clear,82.8,0.0,1,287.88,9.16,0
SHP-103397,Toronto ON,Quebec City QC,MapleFreight Fleet,Express,Fragile,Bronze,10,214.7,1981.0,4,0,3.71,22.0,2.2,18.8,Clear,35.7,0.271,4,149.02,3.41,0
SHP-105456,Calgary AB,Montreal QC,Contract Owner-Op,Express,General Freight,Silver,9,588.2,581.0,2,0,10.8,42.0,15.5,4.3,Clear,80.4,0.808,2,137.66,10.56,0
SHP-100993,Ottawa ON,Regina SK,NorthStar Carriers,Economy,Bulk,Silver,3,218.4,1910.6,1,0,7.6,20.0,0.9,1.8,Rain,63.7,0.325,0,124.21,7.87,0
SHP-105340,Calgary AB,Hamilton ON,MapleFreight Fleet,Standard,General Freight,Bronze,7,860.3,774.5,5,0,15.83,46.0,1.7,1.0,Rain,68.7,0.739,0,49.26,14.95,0
SHP-104565,Montreal QC,Montreal QC,MapleFreight Fleet,Express,Bulk,Bronze,10,1045.1,738.1,4,0,15.61,44.0,14.7,4.6,Storm,38.0,0.855,1,219.83,15.92,0
SHP-102632,Winnipeg MB,Toronto ON,MapleFreight Fleet,Standard,Refrigerated,Bronze,4,864.7,278.9,2,0,12.02,7.0,5.1,4.6,Clear,54.0,0.345,1,269.41,11.45,0
SHP-102193,Mississauga ON,Montreal QC,NorthStar Carriers,Standard,Bulk,Silver,5,456.0,1258.3,5,0,11.34,36.0,11.2,6.8,Clear,60.7,0.691,1,247.71,11.5,0
SHP-101216,Ottawa ON,Montreal QC,Contract Owner-Op,Economy,Refrigerated,Bronze,3,411.4,1025.1,3,1,9.01,11.0,25.5,2.6,Snow,67.0,0.084,2,142.47,8.15,0
SHP-100251,Mississauga ON,Montreal QC,PrairieLine,Express,General Freight,Silver,9,377.9,1050.5,3,0,6.27,42.0,4.2,3.6,Clear,27.3,0.413,1,165.45,6.39,0
SHP-103091,Winnipeg MB,Ottawa ON,MapleFreight Fleet,Standard,Fragile,Bronze,5,358.8,1246.3,4,0,5.82,22.0,1.9,1.2,Clear,,0.493,1,195.74,5.37,0
SHP-105789,Winnipeg MB,Sudbury ON,NorthStar Carriers,Standard,Bulk,Silver,3,764.6,983.9,2,0,11.84,11.0,4.4,5.0,Clear,83.7,0.125,0,82.35,12.49,0
SHP-101682,Winnipeg MB,Toronto ON,MapleFreight Fleet,Economy,Fragile,Silver,10,381.7,728.8,4,1,8.37,53.0,2.5,1.6,Clear,54.6,0.398,0,187.99,8.09,0
SHP-103045,Ottawa ON,Calgary AB,MapleFreight Fleet,Standard,General Freight,Bronze,1,358.0,1704.6,5,0,8.56,14.0,4.6,4.3,Storm,59.9,0.32,1,166.07,13.31,1
SHP-103306,London ON,Toronto ON,MapleFreight Fleet,Economy,General Freight,Bronze,10,639.7,1963.4,2,1,11.82,31.0,4.6,5.2,Rain,54.0,0.33,1,183.06,11.27,0
SHP-102296,Mississauga ON,Quebec City QC,PrairieLine,Standard,Refrigerated,Bronze,11,1006.1,277.7,0,0,12.24,40.0,3.9,6.0,Snow,53.9,0.464,2,,11.11,0
SHP-100296,London ON,Hamilton ON,MapleFreight Fleet,Express,Fragile,Silver,6,335.8,343.0,0,0,5.12,-12.0,0.7,10.9,Snow,58.0,0.375,2,30.0,6.53,1
SHP-101088,Montreal QC,Regina SK,QuebecExpress,Economy,Refrigerated,Silver,9,305.5,715.1,0,0,3.54,6.0,7.0,7.3,Rain,77.5,0.179,1,126.08,4.81,1
SHP-102371,Toronto ON,Edmonton AB,MapleFreight Fleet,Standard,General Freight,Silver,2,177.7,490.0,0,0,5.23,2.0,5.5,6.9,Clear,47.5,0.679,1,284.31,5.53,0
SHP-104917,Toronto ON,Ottawa ON,MapleFreight Fleet,Express,Refrigerated,Bronze,8,682.6,1983.5,0,0,11.13,18.0,2.9,2.4,,71.2,0.202,1,189.28,11.3,0
SHP-105821,Mississauga ON,Hamilton ON,QuebecExpress,Economy,General Freight,Silver,2,405.3,279.0,0,0,4.47,-20.0,2.0,4.7,Fog,52.7,0.426,2,228.24,4.16,0
SHP-100924,Toronto ON,Ottawa ON,Contract Owner-Op,Standard,Fragile,Silver,6,543.0,716.7,1,0,8.73,3.0,5.6,4.0,Rain,95.2,0.239,1,89.53,7.8,0
SHP-104637,Ottawa ON,Montreal QC,MapleFreight Fleet,Standard,General Freight,Bronze,9,894.8,943.7,4,0,15.58,2.0,6.7,3.1,Rain,74.6,0.303,0,98.19,18.8,1
SHP-102577,Toronto ON,Hamilton ON,MapleFreight Fleet,Standard,Fragile,Gold,9,496.4,1351.5,3,0,8.29,-20.0,5.4,2.4,Snow,70.0,1.0,0,159.8,8.51,0
SHP-103066,Mississauga ON,Edmonton AB,Contract Owner-Op,Economy,General Freight,Bronze,4,295.4,2057.3,4,0,5.96,25.0,3.0,2.1,Fog,38.3,0.524,1,119.21,9.52,1
SHP-100708,Montreal QC,Sudbury ON,Contract Owner-Op,Standard,General Freight,Silver,12,970.5,418.0,4,0,17.19,23.0,3.3,3.7,Clear,59.7,0.367,2,138.52,17.1,0
SHP-105687,Winnipeg MB,Regina SK,MapleFreight Fleet,Standard,General Freight,Bronze,4,536.9,860.9,1,0,7.85,81.0,14.2,4.8,Clear,76.9,0.638,1,176.06,6.98,0
SHP-101493,Montreal QC,Toronto ON,Contract Owner-Op,Economy,Bulk,Silver,11,401.0,593.6,4,0,8.3,-20.0,3.8,6.5,Clear,57.7,0.278,0,258.45,8.48,0
SHP-105723,Mississauga ON,Montreal QC,NorthStar Carriers,Express,Hazardous,Silver,8,1038.8,741.9,4,0,16.42,9.0,4.4,5.1,Fog,51.8,0.433,1,231.07,16.15,0
SHP-105778,Mississauga ON,Ottawa ON,QuebecExpress,Standard,General Freight,Silver,6,1036.4,598.6,5,0,19.39,1.0,0.8,8.0,Clear,12.0,0.433,0,141.15,19.52,0
SHP-101570,Mississauga ON,Calgary AB,QuebecExpress,Economy,Fragile,Silver,5,258.2,531.1,2,0,4.27,80.0,7.5,6.5,Snow,63.0,0.427,2,238.14,5.72,1
SHP-101150,Montreal QC,Regina SK,MapleFreight Fleet,Economy,General Freight,Gold,7,135.8,2267.7,0,0,1.0,51.0,10.8,2.4,Clear,,0.641,3,63.31,0.93,0
SHP-104810,Calgary AB,Calgary AB,PrairieLine,Standard,General Freight,Gold,10,714.4,1252.1,4,0,11.31,-6.0,3.3,6.8,Clear,63.8,0.447,2,231.97,16.27,1
SHP-104040,Calgary AB,Calgary AB,MapleFreight Fleet,Express,Refrigerated,Silver,12,509.8,267.8,1,0,7.62,53.0,7.7,6.8,Clear,46.3,0.659,1,,6.98,0
SHP-105384,Toronto ON,Calgary AB,PrairieLine,Standard,Refrigerated,Gold,6,505.0,65.1,3,0,9.47,3.0,11.1,3.5,Clear,29.5,0.235,1,280.73,9.8,0
SHP-102122,Montreal QC,Hamilton ON,NorthStar Carriers,Standard,Bulk,Silver,1,1288.1,481.9,3,1,19.7,-20.0,5.5,11.6,Clear,38.2,0.191,2,136.04,26.1,1
SHP-100938,Montreal QC,Toronto ON,MapleFreight Fleet,Standard,General Freight,Bronze,9,676.5,381.9,1,0,9.16,32.0,14.0,2.8,Clear,43.7,0.326,0,262.62,8.37,0
SHP-102807,London ON,Montreal QC,MapleFreight Fleet,Standard,General Freight,Silver,12,375.0,396.6,5,0,7.95,70.0,,4.8,Rain,57.1,0.568,2,262.15,7.93,0
SHP-101240,Winnipeg MB,Sudbury ON,MapleFreight Fleet,Express,Refrigerated,Silver,10,689.5,1165.1,2,0,11.99,-20.0,7.7,2.6,Clear,58.1,0.796,3,148.86,11.95,0
SHP-100833,Mississauga ON,Toronto ON,NorthStar Carriers,Economy,Fragile,Bronze,10,585.6,743.1,2,0,8.66,64.0,8.6,8.7,Snow,62.5,0.668,1,188.77,8.86,0
SHP-102141,Mississauga ON,Edmonton AB,NorthStar Carriers,Express,General Freight,Gold,5,1265.9,195.1,4,0,20.42,-20.0,10.4,2.3,Rain,62.6,0.307,2,114.94,20.55,0
SHP-100232,Winnipeg MB,Sudbury ON,MapleFreight Fleet,Standard,General Freight,Gold,12,276.8,312.5,3,0,7.42,11.0,5.2,8.2,Rain,34.4,0.306,1,230.63,7.11,0
SHP-101721,Mississauga ON,Edmonton AB,Contract Owner-Op,Express,Fragile,Silver,5,249.0,639.0,1,0,3.72,30.0,3.3,4.0,Rain,84.5,0.665,2,263.99,4.49,1
SHP-103907,London ON,Regina SK,NorthStar Carriers,Economy,Bulk,Silver,2,323.9,738.9,4,0,7.99,93.0,5.8,4.0,Clear,69.1,0.59,0,251.51,8.13,0
SHP-101880,Toronto ON,Regina SK,MapleFreight Fleet,Express,General Freight,Bronze,9,364.0,374.8,3,0,6.03,-15.0,3.9,4.5,,70.9,0.398,2,146.57,6.3,0
SHP-103972,Toronto ON,Winnipeg MB,PrairieLine,Economy,Refrigerated,Silver,12,776.3,882600.0,3,0,12.98,50.0,4.2,5.4,Fog,62.4,0.425,2,179.37,19.58,1
SHP-100385,Toronto ON,Ottawa ON,Contract Owner-Op,Express,General Freight,Silver,12,199.9,372.6,3,0,5.42,30.0,4.8,12.4,Rain,72.2,0.346,3,151.76,5.22,0
SHP-104042,Montreal QC,Montreal QC,NorthStar Carriers,Economy,Hazardous,Bronze,11,396.0,2242.9,2,0,5.29,0.0,10.0,4.3,Fog,74.1,0.391,2,106.01,5.23,0
SHP-104081,Toronto ON,Ottawa ON,PrairieLine,Express,Refrigerated,Bronze,1,301.5,691.8,5,1,8.6,25.0,11.0,5.2,Clear,29.9,0.339,0,78.39,8.16,0
SHP-104248,Montreal QC,Quebec City QC,MapleFreight Fleet,Economy,Hazardous,Silver,12,297.4,1887.2,0,0,3.29,-20.0,9.9,2.0,Clear,76.4,0.771,0,227.25,2.97,0
SHP-101345,Toronto ON,Edmonton AB,MapleFreight Fleet,Express,General Freight,Silver,8,262.1,2196.0,0,0,3.47,64.0,1.5,5.5,Rain,61.3,0.538,1,152.96,3.48,0
SHP-103532,Ottawa ON,Toronto ON,PrairieLine,Economy,Refrigerated,Silver,1,363.2,668.7,5,0,7.83,-20.0,1.3,6.0,Rain,58.5,0.274,0,120.3,8.22,0
SHP-101381,Ottawa ON,Calgary AB,MapleFreight Fleet,Economy,Refrigerated,Silver,2,518.1,1027.4,2,1,9.91,-20.0,6.4,2.4,Clear,38.3,0.564,1,160.39,8.76,0
SHP-104985,Toronto ON,Edmonton AB,MapleFreight Fleet,Express,Bulk,Silver,10,308.8,1753.6,4,0,7.58,48.0,2.4,4.5,Clear,38.1,0.341,1,183.59,6.69,0
SHP-104495,Toronto ON,Edmonton AB,MapleFreight Fleet,Standard,Hazardous,Silver,5,1229.0,412.9,3,0,19.15,27.0,3.8,6.7,Clear,69.1,0.064,1,135.22,30.45,1
SHP-104949,Montreal QC,Edmonton AB,NorthStar Carriers,Express,Fragile,Bronze,1,309.8,560.0,5,0,4.94,37.0,2.3,12.7,Snow,37.1,0.656,2,217.91,5.66,1
SHP-103596,Mississauga ON,Ottawa ON,NorthStar Carriers,Standard,General Freight,Gold,7,445.4,992.7,4,0,8.42,48.0,6.6,1.9,Clear,37.6,0.247,0,179.42,8.9,0
SHP-102813,Mississauga ON,Edmonton AB,MapleFreight Fleet,Economy,Bulk,Gold,3,764.2,814.7,3,0,11.44,51.0,2.5,4.8,Clear,,0.304,1,76.77,11.15,0
SHP-105121,Calgary AB,Sudbury ON,Contract Owner-Op,Standard,Bulk,Bronze,2,494.2,445.8,2,0,8.61,-16.0,11.6,4.8,Clear,50.5,1.0,2,261.83,7.7,0
SHP-101222,Toronto ON,Winnipeg MB,PrairieLine,Standard,General Freight,Bronze,5,543.4,1340.4,5,0,10.71,-3.0,,6.0,Rain,72.9,0.676,3,116.03,12.69,1
SHP-102176,Toronto ON,Ottawa ON,PrairieLine,Express,Fragile,Bronze,8,1251.9,942.9,2,0,18.54,15.0,4.7,1.5,Clear,41.3,1.0,2,55.56,22.41,1
SHP-103675,Mississauga ON,Sudbury ON,MapleFreight Fleet,Express,Fragile,Gold,8,483.4,124.9,1,0,9.06,42.0,2.7,5.4,Rain,79.5,0.354,0,89.59,8.24,0
SHP-102787,Mississauga ON,Montreal QC,NorthStar Carriers,Standard,General Freight,Silver,6,780.2,1696.4,0,0,12.04,63.0,,9.9,Rain,52.3,0.369,2,175.24,11.33,0
SHP-104163,Montreal QC,Ottawa ON,QuebecExpress,Standard,Fragile,Bronze,3,528.9,478.5,0,0,7.42,32.0,4.4,3.5,Snow,44.6,0.468,3,104.72,6.61,0
SHP-100960,Toronto ON,Sudbury ON,MapleFreight Fleet,Standard,General Freight,Gold,1,603.5,699.3,0,0,6.45,-20.0,1.3,2.7,Rain,53.1,0.769,1,144.3,6.79,0
SHP-105048,Calgary AB,Edmonton AB,MapleFreight Fleet,Express,General Freight,Gold,8,428.3,216.7,1,0,7.53,43.0,4.1,0.9,Rain,78.4,0.74,1,116.39,7.54,0
SHP-103649,Toronto ON,Toronto ON,MapleFreight Fleet,Express,General Freight,Silver,4,407.1,286.5,5,0,10.08,34.0,1.4,4.7,Clear,71.2,0.229,2,234.13,9.09,0
SHP-101706,Winnipeg MB,Calgary AB,PrairieLine,Standard,Bulk,Silver,8,637.7,1120.5,2,0,10.87,29.0,2.3,1.6,Fog,33.2,0.462,2,30.0,10.75,0
SHP-105079,Calgary AB,Hamilton ON,PrairieLine,Standard,Refrigerated,Silver,12,975.6,1210.5,1,0,13.43,39.0,2.4,1.5,Snow,27.5,0.523,2,188.78,13.54,0
SHP-101602,Montreal QC,Montreal QC,PrairieLine,Standard,Fragile,Gold,6,421.5,1979.7,4,0,7.61,17.0,5.7,0.8,Clear,57.8,0.36,0,113.0,8.05,0
SHP-100460,Mississauga ON,Edmonton AB,MapleFreight Fleet,Express,Fragile,Silver,2,493.4,1137.4,2,0,6.5,-10.0,5.0,13.6,Fog,52.0,0.597,1,30.0,6.09,0
SHP-101618,Montreal QC,Edmonton AB,Contract Owner-Op,standard,Hazardous,Gold,5,497.3,1293.9,4,0,6.85,-17.0,10.4,7.7,Snow,38.0,0.595,1,212.44,6.04,0
SHP-102629,Toronto ON,Ottawa ON,MapleFreight Fleet,Standard,General Freight,Gold,2,310.1,466.6,1,0,3.93,-8.0,14.7,7.5,Clear,41.0,0.467,2,94.35,4.01,0
SHP-102762,Toronto ON,Montreal QC,MapleFreight Fleet,Standard,Refrigerated,Silver,6,531.3,2425.7,1,1,9.91,51.0,,5.4,Clear,40.6,0.38,1,88.31,9.72,0
SHP-103815,Toronto ON,Calgary AB,QuebecExpress,Express,Refrigerated,Bronze,11,731.5,813.0,0,0,9.78,51.0,3.8,4.1,Rain,75.9,0.894,2,146.19,9.68,0
SHP-104361,Toronto ON,Montreal QC,NorthStar Carriers,Standard,General Freight,Bronze,9,315.3,1096.5,4,0,6.4,-20.0,10.6,11.4,Rain,53.6,0.489,4,161.18,5.74,0
SHP-104379,Calgary AB,Regina SK,MapleFreight Fleet,Economy,Refrigerated,Bronze,3,324.6,3141.2,2,0,5.22,50.0,9.6,3.9,Rain,71.0,0.356,2,110.59,5.44,0
SHP-104838,Mississauga ON,Montreal QC,NorthStar Carriers,Standard,Fragile,Silver,6,1174.8,1635.5,2,0,17.04,63.0,16.5,5.6,Clear,41.0,0.299,4,72.13,15.74,0
SHP-101258,Montreal QC,Calgary AB,Contract Owner-Op,Standard,Fragile,Gold,9,953.1,707.4,2,1,16.17,-9.0,,7.4,Rain,73.1,0.543,1,241.52,21.39,1
SHP-101310,Ottawa ON,Edmonton AB,MapleFreight Fleet,Standard,Hazardous,Gold,2,412.9,203.5,4,0,9.78,10.0,6.1,1.0,Storm,55.3,0.433,1,236.56,15.52,1
SHP-102909,Ottawa ON,Sudbury ON,MapleFreight Fleet,Standard,General Freight,Silver,6,1007.8,1027.2,4,0,16.94,0.0,10.9,3.9,Snow,62.8,0.265,1,170.55,21.48,1
SHP-105285,Calgary AB,Sudbury ON,MapleFreight Fleet,Standard,Fragile,Bronze,4,841.2,828.4,5,0,12.72,33.0,9.1,9.1,Clear,80.7,0.284,2,192.98,17.61,1
SHP-103768,Ottawa ON,Hamilton ON,MapleFreight Fleet,Standard,Fragile,Silver,7,791.1,232.6,0,0,11.77,10.0,2.3,9.2,Rain,11.2,0.243,2,134.41,10.81,0
SHP-105695,Montreal QC,Quebec City QC,MapleFreight Fleet,Standard,Hazardous,Silver,2,315.4,558.7,3,0,7.05,33.0,3.4,2.3,Snow,37.6,0.455,1,164.86,6.29,0
SHP-103409,London ON,Toronto ON,QuebecExpress,Economy,General Freight,Silver,5,557.7,1598.0,1,0,11.32,11.0,15.2,2.1,,51.9,0.422,1,172.85,10.05,0
SHP-102367,Toronto ON,Montreal QC,NorthStar Carriers,Standard,Refrigerated,Silver,6,739.7,143.5,4,1,14.77,41.0,6.3,13.5,Snow,42.5,0.958,1,148.14,22.29,1
SHP-101421,Mississauga ON,Quebec City QC,MapleFreight Fleet,Express,Fragile,Bronze,2,789.0,379.2,2,0,10.84,34.0,4.0,4.4,Snow,64.1,0.519,1,,10.57,0
SHP-104686,Winnipeg MB,Toronto ON,QuebecExpress,Economy,Fragile,Silver,5,353.0,1628.8,5,0,9.55,22.0,27.9,5.2,Snow,32.8,0.0,1,217.97,9.28,0
SHP-103906,Montreal QC,Winnipeg MB,QuebecExpress,Standard,Refrigerated,Bronze,2,485.4,630.5,1,0,8.36,15.0,5.0,6.2,Clear,30.7,0.644,2,128.36,8.15,0
SHP-100578,Ottawa ON,Winnipeg MB,QuebecExpress,Standard,Bulk,Silver,9,544.5,213.3,0,0,7.48,42.0,14.0,1.9,Clear,86.5,0.055,2,160.34,7.15,0
SHP-104617,Toronto ON,Edmonton AB,MapleFreight Fleet,Standard,General Freight,Bronze,7,204.0,1053.6,0,0,1.31,7.0,4.2,4.5,Rain,50.6,0.562,2,138.43,1.33,0
SHP-103408,London ON,Regina SK,MapleFreight Fleet,Standard,General Freight,Gold,6,1113.8,1307.5,3,0,17.11,13.0,1.4,3.4,Fog,95.4,0.254,3,210.86,18.07,0
SHP-100918,London ON,Regina SK,MapleFreight Fleet,Standard,Fragile,Silver,8,673.2,365.4,4,0,14.6,-20.0,11.4,5.0,Storm,28.8,0.627,1,218.22,15.35,0
SHP-102531,London ON,Sudbury ON,PrairieLine,standard,General Freight,Bronze,9,735.6,899.5,5,0,12.14,41.0,14.1,4.7,Rain,45.9,0.508,0,180.91,12.06,0
SHP-104425,Toronto ON,Regina SK,MapleFreight Fleet,Standard,Fragile,Gold,11,122.6,989.8,1,1,1.94,22.0,4.1,7.9,Clear,61.9,0.754,0,223.52,1.94,0
SHP-104462,Toronto ON,Quebec City QC,Contract Owner-Op,Standard,Bulk,Gold,8,128.7,1118.6,5,0,5.53,-17.0,2.0,13.1,Clear,68.3,0.535,3,182.16,5.8,0
SHP-103133,Montreal QC,Quebec City QC,PrairieLine,Standard,General Freight,Silver,9,746.9,1116.0,3,0,12.49,48.0,6.3,8.1,Clear,50.7,0.023,3,168.79,11.74,0
SHP-101287,Mississauga ON,Regina SK,MapleFreight Fleet,Express,General Freight,Silver,4,773.4,1157.2,4,0,12.26,24.0,3.3,17.7,Clear,19.3,0.782,1,192.88,11.41,0
SHP-104427,Toronto ON,Edmonton AB,PrairieLine,Economy,Fragile,Silver,6,531.8,3385.0,2,1,5.56,80.0,1.7,3.1,Clear,33.7,0.202,2,144.75,5.16,0
SHP-102137,Mississauga ON,Hamilton ON,PrairieLine,Express,Fragile,Gold,10,587.2,480.7,5,0,10.67,-13.0,3.6,6.5,Clear,27.1,0.059,0,186.74,10.1,0
SHP-105004,Mississauga ON,Regina SK,MapleFreight Fleet,Express,Fragile,Bronze,1,604.4,571.8,4,0,8.79,34.0,13.0,1.4,Clear,38.0,0.735,2,254.62,8.65,0
SHP-103463,Montreal QC,Hamilton ON,PrairieLine,Economy,Bulk,Gold,10,355.0,693.5,4,0,7.03,-14.0,2.9,7.7,Rain,55.0,0.141,0,244.1,6.98,0
SHP-101221,Winnipeg MB,Calgary AB,MapleFreight Fleet,Express,Hazardous,Silver,5,1225.0,567.1,4,0,19.23,41.0,5.0,6.0,Rain,47.7,0.38,0,58.91,22.83,1
SHP-104367,Winnipeg MB,Edmonton AB,NorthStar Carriers,Standard,General Freight,Silver,1,443.5,1703.1,4,0,8.82,35.0,8.0,3.9,Rain,40.8,0.628,0,242.4,9.24,0
SHP-105435,Toronto ON,Montreal QC,QuebecExpress,Standard,General Freight,Silver,12,326.8,575.1,3,0,6.92,-7.0,3.9,9.8,Clear,51.0,0.227,2,257.72,7.13,0
SHP-105817,Montreal QC,Ottawa ON,MapleFreight Fleet,Standard,Bulk,Silver,10,1128.4,1355.5,0,0,15.25,48.0,8.2,7.4,Clear,70.5,0.753,4,246.62,14.17,0
SHP-104540,Mississauga ON,Ottawa ON,NorthStar Carriers,Economy,Hazardous,Silver,5,553.2,442.8,0,0,7.3,57.0,20.8,2.2,Fog,53.4,0.161,0,254.49,7.1,0
SHP-103341,Calgary AB,Montreal QC,NorthStar Carriers,Standard,Bulk,Bronze,8,806.5,1387.9,4,0,13.59,50.0,0.6,1.2,Clear,96.8,0.219,1,144.84,18.78,1
SHP-100240,London ON,Ottawa ON,MapleFreight Fleet,Standard,General Freight,Silver,12,550.5,470.7,0,0,6.42,25.0,12.6,2.2,Fog,62.4,0.234,2,246.29,5.71,0
SHP-100555,Toronto ON,Winnipeg MB,NorthStar Carriers,standard,Refrigerated,Gold,7,1065.1,979.3,2,0,16.12,5.0,7.9,2.7,Clear,73.4,0.89,0,129.25,20.36,1
SHP-105580,Mississauga ON,Regina SK,Contract Owner-Op,Economy,Refrigerated,Bronze,1,908.6,358.3,3,0,15.76,80.0,1.8,8.4,Rain,42.9,0.304,1,135.02,22.78,1
SHP-102646,Montreal QC,Winnipeg MB,PrairieLine,Express,General Freight,Bronze,11,806.7,1033.3,1,0,12.39,-3.0,8.9,2.9,Rain,78.6,0.143,3,173.95,11.93,0
SHP-103173,Toronto ON,Regina SK,QuebecExpress,Standard,General Freight,Bronze,7,707.3,1336.2,0,1,9.6,-2.0,4.1,5.0,Snow,64.4,0.612,3,205.55,9.06,0
SHP-103377,Mississauga ON,Ottawa ON,MapleFreight Fleet,Express,Bulk,Silver,1,370.0,723.3,4,0,7.56,90.0,6.5,7.3,Snow,13.9,0.159,0,261.5,6.85,0
SHP-101945,Calgary AB,Winnipeg MB,MapleFreight Fleet,Standard,Fragile,Silver,9,501.1,743.0,5,0,9.42,93.0,,4.0,Rain,64.1,0.661,3,214.87,14.65,1
SHP-104586,Calgary AB,Winnipeg MB,MapleFreight Fleet,Express,Hazardous,Silver,12,412.0,281.3,1,0,6.23,8.0,2.0,8.2,Snow,86.7,0.364,0,204.52,7.22,1
SHP-101333,Mississauga ON,Ottawa ON,QuebecExpress,Economy,Fragile,Silver,2,1366.3,419.3,1,0,18.21,-1.0,7.0,6.0,Rain,44.4,0.34,2,93.62,17.45,0
SHP-102691,Toronto ON,Sudbury ON,QuebecExpress,Standard,General Freight,Silver,10,256.1,428.0,5,0,5.96,48.0,7.3,10.6,Rain,85.0,0.485,1,210.6,7.5,1
SHP-102026,Mississauga ON,Hamilton ON,MapleFreight Fleet,Express,Fragile,Bronze,12,789.9,444.3,5,0,13.02,70.0,7.1,1.8,Clear,60.0,0.379,0,171.4,11.95,0
SHP-103268,Mississauga ON,Winnipeg MB,PrairieLine,Express,General Freight,Bronze,9,371.4,313.8,5,1,6.16,-20.0,11.2,3.3,Clear,51.0,0.525,4,55.74,5.65,0
SHP-103121,Montreal QC,Hamilton ON,QuebecExpress,Express,Hazardous,Gold,11,277.3,2035.0,1,0,3.25,11.0,3.2,1.7,Clear,92.0,0.342,1,177.16,3.39,0
SHP-105634,Calgary AB,Sudbury ON,NorthStar Carriers,Economy,Fragile,Gold,2,460.1,637.8,4,0,8.17,-9.0,2.0,1.1,Rain,46.1,0.217,1,191.91,8.08,0
SHP-103254,Montreal QC,Quebec City QC,PrairieLine,Express,General Freight,Gold,7,402.3,645.3,1,0,7.02,73.0,10.8,10.9,Clear,56.9,0.364,2,229.25,6.29,0
SHP-103766,Ottawa ON,Regina SK,NorthStar Carriers,Standard,General Freight,Silver,12,500.7,439.0,3,0,9.65,-20.0,3.4,0.2,Clear,49.9,0.598,1,234.96,9.54,0
SHP-104125,Montreal QC,Calgary AB,MapleFreight Fleet,Standard,Fragile,Silver,5,148.7,1009.3,0,0,1.61,57.0,1.2,10.3,Clear,73.6,0.333,1,225.98,1.44,0
SHP-101930,Mississauga ON,Sudbury ON,MapleFreight Fleet,Standard,Refrigerated,Silver,6,165.5,519.8,4,0,7.7,2.0,4.6,2.4,Rain,38.7,0.656,3,261.98,7.36,0
SHP-105696,Toronto ON,Calgary AB,NorthStar Carriers,Express,Refrigerated,Bronze,9,391.0,285.6,2,0,7.1,33.0,13.0,11.9,Clear,35.4,0.298,0,146.9,9.32,1
SHP-104383,Ottawa ON,Regina SK,Contract Owner-Op,Standard,Refrigerated,Bronze,12,614.7,76.6,3,0,10.47,47.0,32.8,4.3,Clear,65.5,0.653,2,142.26,9.8,0
SHP-101155,Mississauga ON,Toronto ON,PrairieLine,Express,Refrigerated,Silver,4,1249.4,654.1,0,0,16.19,43.0,1.9,4.0,Snow,60.1,0.352,2,212.58,24.0,1
SHP-104772,Winnipeg MB,Ottawa ON,MapleFreight Fleet,Economy,Refrigerated,Silver,1,546.2,668.8,1,0,9.28,37.0,4.7,4.5,Clear,59.3,0.303,1,93.33,9.6,0
SHP-102526,Ottawa ON,Sudbury ON,PrairieLine,Standard,General Freight,Bronze,1,563.7,1999.7,5,1,11.19,-18.0,1.8,1.9,Clear,83.0,0.635,1,117.67,9.9,0
SHP-100018,Winnipeg MB,Sudbury ON,QuebecExpress,Economy,Fragile,Bronze,7,426.1,556.3,5,0,9.98,20.0,1.3,4.4,Snow,92.9,0.386,0,320.13,8.81,0
SHP-103509,London ON,Quebec City QC,MapleFreight Fleet,Express,General Freight,Gold,2,351.2,2311.8,1,0,8.37,6.0,5.7,3.2,Snow,48.4,0.554,0,214.8,7.87,0
SHP-100045,Ottawa ON,Hamilton ON,MapleFreight Fleet,Standard,General Freight,Silver,7,379.6,383.6,5,1,8.57,55.0,4.4,3.9,Clear,40.5,0.339,0,103.7,7.54,0
SHP-105216,Toronto ON,Edmonton AB,QuebecExpress,Standard,General Freight,Silver,12,304.4,1333.4,4,0,6.08,53.0,7.2,1.5,Snow,80.9,0.686,2,191.8,8.12,1
SHP-100905,Ottawa ON,Winnipeg MB,QuebecExpress,Standard,General Freight,Silver,8,515.6,2618.1,1,0,6.92,-14.0,3.6,2.4,Clear,79.2,0.366,3,242.81,6.31,0
SHP-105852,Toronto ON,Toronto ON,NorthStar Carriers,Express,Refrigerated,Bronze,8,358.9,221.2,2,0,7.56,13.0,0.8,7.2,Clear,26.5,0.448,0,171.82,6.95,0
SHP-101486,Toronto ON,Ottawa ON,PrairieLine,Economy,Bulk,Bronze,9,648.7,791.9,4,0,10.75,7.0,8.9,3.9,Clear,70.7,0.413,2,171.03,10.78,0
SHP-104977,London ON,Ottawa ON,NorthStar Carriers,Express,Bulk,Silver,1,744.0,964.8,3,0,13.56,25.0,3.6,5.7,Clear,65.2,0.209,1,203.55,14.07,0
SHP-102941,Mississauga ON,Edmonton AB,MapleFreight Fleet,Express,Fragile,Gold,4,420.0,1922.0,4,0,9.83,10.0,7.5,3.5,Rain,36.2,0.393,2,156.82,8.8,0
SHP-101332,Mississauga ON,Regina SK,NorthStar Carriers,Express,General Freight,Bronze,8,456.6,490.8,1,0,9.64,43.0,0.5,3.4,Fog,78.0,0.674,1,264.92,8.75,0
SHP-103135,Montreal QC,Edmonton AB,NorthStar Carriers,Standard,General Freight,Silver,3,173.4,1487.0,1,0,3.81,-20.0,4.6,2.6,Snow,46.3,0.5,1,251.27,3.99,0
SHP-105880,Toronto ON,Montreal QC,MapleFreight Fleet,Express,Bulk,Gold,3,860.2,524.6,4,0,13.42,77.0,13.1,4.2,Clear,44.2,0.293,1,40.31,14.1,0
SHP-103830,Mississauga ON,Montreal QC,MapleFreight Fleet,Standard,Fragile,Silver,10,599.8,235.6,2,0,10.41,7.0,8.8,1.7,Rain,45.9,0.37,3,180.37,11.02,0
SHP-103083,Calgary AB,Winnipeg MB,PrairieLine,Express,General Freight,Gold,2,562.0,700.7,2,0,10.15,16.0,4.1,2.7,Snow,42.9,0.238,2,200.28,9.83,0
SHP-100615,Toronto ON,Toronto ON,MapleFreight Fleet,Standard,General Freight,Gold,9,484.0,1237.1,5,0,9.89,18.0,12.6,1.5,,78.7,0.186,2,238.98,10.01,0
SHP-100119,Mississauga ON,Regina SK,PrairieLine,Standard,Bulk,Silver,1,903.3,2234.2,4,0,16.81,52.0,3.1,9.3,Clear,63.7,0.307,6,203.28,21.31,1
SHP-102801,Calgary AB,Ottawa ON,MapleFreight Fleet,Economy,General Freight,Gold,8,304.3,1711.1,5,0,8.38,-11.0,13.2,2.5,Clear,48.2,0.58,2,315.96,7.95,0
SHP-105446,Ottawa ON,Quebec City QC,MapleFreight Fleet,Express,Fragile,Bronze,1,226.0,534.2,3,0,6.23,-20.0,18.8,2.4,Snow,82.1,0.733,0,145.73,6.41,0
SHP-100994,London ON,Calgary AB,Contract Owner-Op,Standard,General Freight,Silver,3,760.4,359.0,0,1,10.23,-19.0,8.7,5.6,Clear,62.8,0.365,2,238.26,10.07,0
SHP-103038,Montreal QC,Hamilton ON,NorthStar Carriers,Standard,Refrigerated,Silver,12,523.9,203.6,5,1,10.72,24.0,0.8,13.3,Snow,73.3,0.208,1,195.54,14.16,1
SHP-103556,Mississauga ON,Edmonton AB,QuebecExpress,Economy,Hazardous,Silver,5,348.6,158.7,3,0,8.7,31.0,1.4,4.9,Clear,72.9,0.532,1,123.84,8.38,0
SHP-102168,Winnipeg MB,Sudbury ON,MapleFreight Fleet,Express,General Freight,Bronze,8,105.1,890.2,0,0,1.0,33.0,6.4,5.8,Clear,38.9,0.415,2,230.53,1.02,0
SHP-103387,London ON,Calgary AB,QuebecExpress,economy,General Freight,Bronze,5,301.6,543.4,1,0,3.54,89.0,6.3,7.7,Clear,64.1,0.556,0,179.43,3.35,0
SHP-102980,Ottawa ON,Calgary AB,MapleFreight Fleet,Standard,General Freight,Bronze,1,307.4,1343.9,4,0,7.23,57.0,,8.4,Clear,40.4,0.49,3,246.67,6.99,0
SHP-102637,Toronto ON,Toronto ON,QuebecExpress,Standard,General Freight,Bronze,4,752.9,893.4,3,0,13.71,29.0,2.0,1.0,Rain,74.8,0.489,0,190.81,16.5,1
SHP-103932,Mississauga ON,Ottawa ON,MapleFreight Fleet,Standard,Refrigerated,Bronze,5,726.9,1079.1,3,0,12.19,84.0,14.5,2.6,Snow,48.9,0.291,2,213.86,12.4,0
SHP-101538,Ottawa ON,Hamilton ON,MapleFreight Fleet,Standard,Refrigerated,Silver,9,367.2,291.1,1,1,7.36,-20.0,7.6,6.3,Clear,65.5,0.417,0,140.72,7.18,0
SHP-100919,Toronto ON,Quebec City QC,MapleFreight Fleet,Standard,General Freight,Bronze,4,1276.0,765.9,4,0,19.86,-7.0,14.8,3.2,Rain,37.7,0.295,1,82.58,20.41,0
SHP-103427,Calgary AB,Quebec City QC,NorthStar Carriers,Standard,General Freight,Silver,5,537.3,401.3,4,0,11.17,-20.0,7.0,3.8,Clear,77.5,0.313,1,152.22,10.62,0
SHP-104724,Toronto ON,Calgary AB,Contract Owner-Op,Standard,General Freight,Silver,8,696.0,460.7,0,0,9.9,23.0,2.7,4.3,Clear,65.5,0.524,1,215.78,13.98,1
SHP-100436,Toronto ON,Ottawa ON,PrairieLine,Standard,General Freight,Bronze,6,468.3,636.2,4,1,7.87,-14.0,7.3,12.6,Clear,44.3,0.0,3,180.23,10.55,1
SHP-102482,Toronto ON,Edmonton AB,Contract Owner-Op,Economy,General Freight,Silver,2,375.1,356.3,2,0,7.46,21.0,1.3,7.1,Clear,49.5,0.385,0,145.33,7.23,0
SHP-101270,Montreal QC,Calgary AB,NorthStar Carriers,Economy,Fragile,Silver,10,876.5,1967.0,2,0,13.64,36.0,4.8,4.1,Rain,84.1,0.515,2,126.23,19.3,1
SHP-102541,Ottawa ON,Regina SK,PrairieLine,Economy,Refrigerated,Silver,5,1136.4,1093.1,1,0,15.43,40.0,0.9,0.8,Clear,76.7,0.23,2,137.62,21.48,1
SHP-101177,Toronto ON,Edmonton AB,PrairieLine,Standard,Bulk,Bronze,1,869.7,765.4,4,0,14.85,11.0,9.0,4.8,Clear,62.4,0.546,3,231.25,18.63,1
SHP-105354,London ON,Winnipeg MB,NorthStar Carriers,Economy,General Freight,Bronze,4,660.5,1062.5,5,0,14.22,61.0,4.8,0.4,Fog,66.8,0.771,1,193.29,20.61,1
SHP-101904,Ottawa ON,Winnipeg MB,Contract Owner-Op,Express,Refrigerated,Silver,1,1094.3,1255.1,2,0,19.15,-11.0,8.7,5.0,Rain,47.5,0.355,1,178.7,17.23,0
SHP-104497,Toronto ON,Calgary AB,QuebecExpress,Economy,Refrigerated,Gold,2,700.3,1251.4,1,0,11.62,62.0,9.1,5.0,Rain,37.8,0.091,0,200.5,11.07,0
SHP-102105,Ottawa ON,Edmonton AB,Contract Owner-Op,Standard,Fragile,Gold,7,1382.2,744.4,1,0,20.41,25.0,6.2,3.5,Clear,42.4,0.069,1,190.77,21.3,0
SHP-100097,Toronto ON,Winnipeg MB,NorthStar Carriers,Express,Refrigerated,Silver,11,1035.8,447.0,1,0,13.48,27.0,7.5,4.6,Clear,5.0,0.421,1,112.77,13.85,0
SHP-104307,Calgary AB,Montreal QC,Contract Owner-Op,Standard,General Freight,Gold,7,937.1,580.6,2,0,14.54,1.0,1.8,3.0,Clear,64.1,0.868,1,169.08,22.04,1
SHP-100878,Toronto ON,Hamilton ON,NorthStar Carriers,Standard,General Freight,Silver,11,612.3,37.6,2,1,11.13,73.0,4.9,2.4,Clear,44.5,0.374,1,142.86,10.55,0
SHP-102663,Toronto ON,Hamilton ON,MapleFreight Fleet,Standard,Bulk,Silver,10,328.2,303.4,0,0,3.2,22.0,0.8,14.4,Clear,92.3,0.497,1,212.85,2.84,0
SHP-100161,Toronto ON,Calgary AB,Contract Owner-Op,Express,General Freight,Silver,4,753.4,493.2,4,0,15.26,57.0,3.8,2.8,Snow,74.2,0.747,1,,17.7,1
SHP-105627,Toronto ON,Quebec City QC,Contract Owner-Op,Standard,General Freight,Silver,2,406.6,1661.8,3,1,6.01,78.0,2.1,5.4,Snow,78.4,0.566,0,240.7,8.26,1
SHP-105508,Winnipeg MB,Hamilton ON,QuebecExpress,Standard,Fragile,Silver,10,359.8,2456.6,5,0,8.34,-8.0,12.1,2.6,Rain,59.9,0.312,1,243.1,7.75,0
SHP-104392,Winnipeg MB,Edmonton AB,NorthStar Carriers,Standard,General Freight,Silver,12,732.1,1362.6,5,0,14.15,76.0,7.8,6.6,Rain,60.1,0.483,4,125.5,14.47,0
SHP-101584,Mississauga ON,Calgary AB,MapleFreight Fleet,Standard,General Freight,Silver,1,385.1,610.3,1,1,5.51,-1.0,2.7,3.4,Storm,78.7,0.383,0,260.02,4.88,0
SHP-102071,Ottawa ON,Montreal QC,Contract Owner-Op,Standard,Refrigerated,Gold,5,368.2,1107.4,3,0,8.23,48.0,9.9,7.8,Clear,45.0,0.236,1,227.51,7.75,0
SHP-101463,Toronto ON,Toronto ON,NorthStar Carriers,Economy,General Freight,Silver,2,1077.4,613.3,1,0,14.83,34.0,1.2,5.9,Clear,49.9,0.316,2,120.48,13.46,0
SHP-103565,Winnipeg MB,Toronto ON,MapleFreight Fleet,Standard,General Freight,Bronze,6,899.2,922.4,5,0,15.61,40.0,1.5,0.9,Clear,48.8,0.239,0,120.82,16.5,0
SHP-102873,Montreal QC,Calgary AB,MapleFreight Fleet,Standard,General Freight,Silver,12,169.1,1045.7,2,0,5.7,-19.0,4.9,5.7,Rain,39.7,0.467,3,67.79,5.05,0
SHP-101845,Calgary AB,Ottawa ON,NorthStar Carriers,Express,Bulk,Bronze,8,555.5,3457.9,1,1,7.86,-20.0,8.5,5.3,Rain,80.8,0.32,1,142.71,8.15,0
SHP-103661,Montreal QC,Quebec City QC,PrairieLine,Express,Bulk,Silver,8,434.9,2071.6,2,1,7.06,21.0,2.9,10.9,Clear,44.4,0.343,1,190.32,6.6,0
SHP-104166,Montreal QC,Ottawa ON,MapleFreight Fleet,Standard,Refrigerated,Silver,11,497.5,257.1,3,1,9.2,3.0,4.0,10.6,Clear,42.9,0.636,3,242.07,8.5,0
SHP-103711,London ON,Calgary AB,QuebecExpress,Standard,Fragile,Silver,8,594.9,1422.7,1,0,9.98,8.0,13.2,7.3,Clear,55.4,0.388,2,195.22,10.2,0
SHP-102297,Calgary AB,Ottawa ON,QuebecExpress,Standard,General Freight,Silver,11,507.0,708.8,0,0,6.52,-4.0,14.7,5.3,Clear,40.6,0.823,2,119.22,6.21,0
SHP-101218,Calgary AB,Regina SK,MapleFreight Fleet,Standard,General Freight,Silver,9,549.6,839.7,5,0,12.69,1.0,3.0,5.3,Clear,46.2,0.531,1,103.53,16.96,1
SHP-105279,Winnipeg MB,Winnipeg MB,QuebecExpress,Standard,Fragile,Gold,9,316.5,189.7,1,0,4.13,48.0,16.1,7.6,Clear,71.0,0.594,1,153.87,4.18,0
SHP-100402,London ON,Toronto ON,MapleFreight Fleet,Standard,Refrigerated,Bronze,10,755.8,380.9,1,0,11.78,69.0,9.3,3.5,Snow,53.0,0.308,1,174.97,11.93,0
SHP-100782,Montreal QC,Edmonton AB,QuebecExpress,Express,Fragile,Gold,10,461.0,214.0,1,0,6.95,3.0,4.4,11.0,Clear,54.1,0.558,3,130.12,6.42,0
SHP-102534,Toronto ON,Sudbury ON,PrairieLine,Standard,Bulk,Silver,1,180.2,512.3,0,0,3.01,54.0,7.3,5.8,Rain,82.9,0.457,1,113.69,2.93,0
SHP-100273,Montreal QC,Hamilton ON,NorthStar Carriers,Standard,Refrigerated,Silver,6,1594.0,745.4,2,1,24.44,17.0,3.6,4.0,Snow,84.0,0.551,0,176.14,33.7,1
SHP-102181,Mississauga ON,Sudbury ON,MapleFreight Fleet,Standard,Fragile,Silver,6,777.8,345.4,0,0,10.54,1.0,4.8,5.5,Rain,61.2,0.567,0,197.06,10.41,0
SHP-101794,Toronto ON,Hamilton ON,NorthStar Carriers,Standard,Fragile,Silver,1,668.7,746.5,1,0,10.87,54.0,8.9,2.9,Clear,33.4,0.401,1,228.11,10.01,0
SHP-103994,Montreal QC,Sudbury ON,PrairieLine,Standard,Bulk,Bronze,4,685.2,502.4,0,0,7.84,57.0,4.0,4.1,Rain,75.0,0.655,1,163.31,7.47,0
SHP-105353,Mississauga ON,Montreal QC,NorthStar Carriers,Economy,General Freight,Bronze,10,433.7,258.7,0,0,10.18,44.0,6.6,1.3,Clear,63.6,0.92,0,221.9,10.33,0
SHP-103199,Calgary AB,Calgary AB,MapleFreight Fleet,Standard,General Freight,Gold,12,781.6,740.6,3,0,12.71,36.0,2.8,1.6,Rain,67.0,0.0,1,192.23,12.36,0
SHP-100272,Toronto ON,Sudbury ON,MapleFreight Fleet,Express,Refrigerated,Bronze,5,309.6,535.6,5,0,9.4,34.0,13.4,8.7,Fog,50.3,0.527,2,,9.95,0
SHP-101195,Mississauga ON,Winnipeg MB,MapleFreight Fleet,Standard,General Freight,Bronze,1,326.7,242.2,2,0,5.07,-9.0,3.2,5.5,Fog,82.8,0.242,0,224.21,4.74,0
SHP-104276,London ON,Calgary AB,QuebecExpress,Standard,General Freight,Silver,8,412.9,1723.8,1,0,4.08,30.0,2.3,2.6,Snow,29.2,0.543,0,105.27,4.01,0
SHP-105832,Montreal QC,Sudbury ON,QuebecExpress,Standard,Refrigerated,Bronze,7,602.8,477.2,5,0,11.35,25.0,5.3,4.5,Rain,69.9,0.687,1,142.49,10.9,0
SHP-102490,Mississauga ON,Toronto ON,MapleFreight Fleet,Standard,General Freight,Gold,2,858.5,133.5,2,0,14.39,25.0,16.8,1.8,Clear,38.1,0.446,1,216.38,14.66,0
SHP-102764,Ottawa ON,Winnipeg MB,NorthStar Carriers,Economy,Refrigerated,Silver,2,326.5,412.2,5,0,5.66,-7.0,1.5,0.4,Clear,51.1,0.197,1,30.0,5.6,0
SHP-103417,Calgary AB,Calgary AB,PrairieLine,Express,Hazardous,Silver,11,1021.1,246.6,3,0,16.37,15.0,,5.3,Clear,42.0,0.154,3,236.41,16.55,0
SHP-103238,Montreal QC,Calgary AB,QuebecExpress,Standard,Fragile,Silver,8,345.7,272.0,3,1,6.64,-8.0,6.5,19.8,Fog,42.6,0.76,3,150.71,6.95,0
SHP-105055,Mississauga ON,Montreal QC,Contract Owner-Op,Economy,Bulk,Gold,4,186.3,425.1,4,0,3.93,47.0,2.9,3.4,Rain,49.4,0.343,0,97.04,3.53,0
SHP-101801,Montreal QC,Sudbury ON,Contract Owner-Op,Standard,General Freight,Silver,12,638.7,1608.1,2,1,11.97,-20.0,1.2,2.6,Storm,44.6,0.519,1,249.58,18.81,1
SHP-103178,Toronto ON,Quebec City QC,MapleFreight Fleet,Economy,General Freight,Silver,1,778.2,1071.6,5,0,12.41,17.0,4.0,7.1,Snow,40.7,0.293,1,,15.25,1
SHP-102700,Ottawa ON,Ottawa ON,Contract Owner-Op,Economy,General Freight,Bronze,4,234.4,716.7,1,0,3.98,-20.0,4.5,5.1,Clear,42.6,0.18,1,115.03,3.87,0
SHP-102759,Calgary AB,Regina SK,MapleFreight Fleet,Standard,Refrigerated,Silver,3,545.7,606.3,1,0,7.71,38.0,6.2,7.9,Clear,35.0,0.776,0,261.69,7.44,0
SHP-103903,Ottawa ON,Hamilton ON,MapleFreight Fleet,Express,General Freight,Silver,4,660.9,169.9,4,0,11.82,65.0,12.2,3.6,Clear,50.6,0.46,1,225.65,10.7,0
SHP-101430,Mississauga ON,Hamilton ON,PrairieLine,Standard,Bulk,Silver,8,962.9,83.3,2,0,13.16,7.0,9.4,14.8,Snow,32.0,0.165,0,225.69,12.28,0
SHP-100835,Toronto ON,Winnipeg MB,MapleFreight Fleet,Economy,General Freight,Bronze,11,507.7,1694.4,0,0,11.05,42.0,4.7,2.9,Clear,93.0,0.347,1,158.68,11.34,0
SHP-100621,Toronto ON,Sudbury ON,MapleFreight Fleet,Express,General Freight,Silver,4,771.9,1418.1,3,0,13.17,16.0,1.7,7.7,Clear,61.3,0.429,1,117.4,16.16,1
SHP-100591,Ottawa ON,Calgary AB,Contract Owner-Op,Express,Refrigerated,Bronze,5,1552.3,2040.0,4,0,25.9,19.0,3.3,3.5,Rain,63.3,0.407,4,165.34,30.19,1
SHP-105460,Calgary AB,Calgary AB,MapleFreight Fleet,Standard,Fragile,Silver,11,339.0,61.7,2,0,6.34,23.0,6.3,0.8,Clear,38.6,0.732,4,139.24,6.25,0
SHP-105270,Montreal QC,Quebec City QC,MapleFreight Fleet,Standard,Fragile,Gold,1,1266.8,137.1,5,0,20.71,27.0,1.4,2.7,Clear,69.8,0.574,1,266.35,29.0,1
SHP-105792,Montreal QC,Toronto ON,Contract Owner-Op,Standard,Hazardous,Silver,2,253.1,461.4,3,0,6.15,-20.0,5.2,7.2,Clear,65.2,0.454,2,171.82,5.97,0
SHP-101928,Montreal QC,Calgary AB,Contract Owner-Op,Express,General Freight,Silver,12,566.4,1224.3,4,0,10.41,11.0,2.7,5.9,Clear,61.3,0.337,4,296.32,13.72,1
SHP-100060,Montreal QC,Hamilton ON,PrairieLine,Standard,Refrigerated,Gold,2,352.5,2817.4,0,0,3.83,-12.0,9.8,2.7,Snow,58.1,0.381,1,127.35,3.67,0
SHP-100609,London ON,Calgary AB,QuebecExpress,Standard,Bulk,Bronze,6,651.7,2539.3,5,0,14.65,-4.0,2.8,4.0,Clear,64.8,0.708,3,202.25,14.83,0
SHP-103914,London ON,Calgary AB,MapleFreight Fleet,Standard,Fragile,Gold,2,463.2,1571.5,2,0,7.27,18.0,7.2,5.6,Rain,71.8,0.477,2,109.63,6.8,0
SHP-103601,Mississauga ON,Calgary AB,QuebecExpress,Standard,General Freight,Silver,5,261.4,805.7,2,0,5.64,-15.0,7.1,7.2,Clear,63.7,0.22,0,156.78,5.58,0
SHP-101812,Ottawa ON,Montreal QC,MapleFreight Fleet,standard,General Freight,Silver,9,779.8,1218.3,5,0,13.45,31.0,3.8,9.7,Clear,33.6,0.245,1,,12.35,0
SHP-104426,Toronto ON,Quebec City QC,QuebecExpress,Express,General Freight,Bronze,9,751.6,204.0,1,0,11.64,24.0,1.8,0.6,Rain,51.4,0.711,1,152.2,11.35,0
SHP-103482,Mississauga ON,Quebec City QC,QuebecExpress,Standard,Hazardous,Gold,2,523.1,876.7,1,0,9.6,-20.0,12.6,7.3,Rain,48.6,0.437,1,103.01,9.45,0
SHP-105856,Montreal QC,Regina SK,PrairieLine,Standard,General Freight,Gold,4,1352.9,871.1,2,0,19.61,-5.0,4.7,7.9,Clear,78.0,0.461,1,202.08,19.87,0
SHP-100505,Winnipeg MB,Winnipeg MB,Contract Owner-Op,Economy,General Freight,Silver,2,469.6,1585.5,1,1,8.51,4.0,4.3,3.7,Clear,53.1,0.34,0,190.28,11.08,1
SHP-104529,Calgary AB,Montreal QC,MapleFreight Fleet,Standard,Bulk,Gold,5,300.0,296.0,1,0,2.92,21.0,9.1,3.6,,51.6,0.457,0,336.63,2.61,0
SHP-105434,Toronto ON,Ottawa ON,QuebecExpress,Standard,General Freight,Silver,8,1176.4,157.5,2,0,18.01,10.0,13.6,4.9,Clear,19.0,0.26,0,134.44,16.12,0
SHP-105303,London ON,Hamilton ON,NorthStar Carriers,Standard,Refrigerated,Silver,1,751.8,679.2,4,0,13.1,56.0,2.7,5.4,Storm,57.8,0.597,1,176.11,16.17,1
SHP-101027,Ottawa ON,Ottawa ON,NorthStar Carriers,Standard,General Freight,Silver,6,442.8,1075.4,1,0,9.22,-20.0,1.2,1.0,Rain,23.2,0.516,1,148.97,8.17,0
SHP-102306,Ottawa ON,Quebec City QC,QuebecExpress,Standard,General Freight,Silver,1,164.1,1532.6,2,0,5.2,-20.0,4.2,4.0,Clear,49.4,0.44,0,228.51,4.88,0
SHP-105720,Montreal QC,Quebec City QC,MapleFreight Fleet,Express,Fragile,Bronze,7,1150.6,138.4,5,0,17.83,16.0,3.5,7.3,Clear,61.6,0.263,0,285.13,16.53,0
SHP-105797,Toronto ON,Toronto ON,PrairieLine,Standard,General Freight,Silver,11,653.5,1432.8,2,0,12.11,55.0,10.9,1.9,Clear,68.7,0.625,1,297.81,15.79,1
SHP-104037,Winnipeg MB,Sudbury ON,QuebecExpress,Economy,General Freight,Silver,6,351.6,346.3,0,0,6.88,-20.0,11.3,9.9,Rain,45.7,0.696,0,119.81,7.24,0
SHP-104064,Mississauga ON,Sudbury ON,MapleFreight Fleet,Standard,General Freight,Silver,4,461.7,982.7,0,0,7.99,16.0,4.7,5.4,Clear,33.5,0.115,0,205.93,7.25,0
SHP-104713,Mississauga ON,Calgary AB,PrairieLine,Express,General Freight,Bronze,8,324.5,544.1,4,0,7.79,26.0,3.6,9.6,Clear,49.7,0.419,2,242.74,8.1,0
SHP-102955,Ottawa ON,Regina SK,MapleFreight Fleet,Economy,General Freight,Bronze,2,114.0,644.1,3,0,1.0,26.0,1.5,4.3,Clear,42.1,0.0,1,118.34,0.91,0
SHP-100266,Toronto ON,Regina SK,MapleFreight Fleet,Express,Refrigerated,Silver,1,2151.3,1707.1,5,0,32.67,42.0,8.4,4.1,Clear,53.8,0.569,0,221.44,41.89,1
SHP-104080,Montreal QC,Hamilton ON,MapleFreight Fleet,Standard,Refrigerated,Silver,4,1144.3,553.8,4,0,18.11,-20.0,4.1,4.9,Clear,47.5,0.951,2,155.39,18.81,0
SHP-100954,Toronto ON,Montreal QC,PrairieLine,Standard,Refrigerated,Gold,10,357.8,1649.1,5,1,8.11,26.0,20.2,4.7,Clear,70.2,0.414,2,170.53,10.31,1
SHP-105543,Mississauga ON,Quebec City QC,MapleFreight Fleet,Standard,Fragile,Silver,11,643.7,191.5,0,1,10.39,7.0,5.7,4.7,Clear,48.7,0.609,2,118.07,10.87,0
SHP-102627,Calgary AB,Toronto ON,PrairieLine,Economy,General Freight,Silver,8,1068.3,208.9,3,0,17.11,4.0,10.2,4.7,Snow,62.1,0.536,1,181.83,24.44,1
SHP-103853,Montreal QC,Edmonton AB,NorthStar Carriers,Express,Hazardous,Bronze,7,795.3,786.0,3,0,13.33,-4.0,3.1,6.0,Rain,48.6,0.548,1,241.27,13.22,0
SHP-102208,Montreal QC,Winnipeg MB,QuebecExpress,Standard,Bulk,Gold,10,466.1,1806.7,5,0,10.29,24.0,3.6,1.9,Clear,83.9,0.707,0,201.79,9.4,0
SHP-104632,Calgary AB,Winnipeg MB,NorthStar Carriers,Economy,General Freight,Gold,1,441.0,132.2,0,0,3.64,-20.0,6.8,7.5,Clear,,0.493,0,250.59,3.21,0
SHP-100679,Calgary AB,Regina SK,MapleFreight Fleet,Standard,General Freight,Bronze,2,1257.2,532.6,2,0,19.46,11.0,1.5,4.6,Clear,,0.513,0,236.77,22.55,1
SHP-104180,Toronto ON,Edmonton AB,MapleFreight Fleet,Standard,General Freight,Bronze,3,492.3,983.6,5,1,9.99,36.0,14.1,13.4,Storm,39.0,0.589,1,126.04,9.42,0
SHP-105414,Calgary AB,Regina SK,MapleFreight Fleet,Standard,General Freight,Bronze,5,162.6,424.9,3,0,4.92,83.0,2.9,2.8,Clear,82.4,0.155,2,253.88,4.46,0
SHP-104063,Montreal QC,Toronto ON,MapleFreight Fleet,Standard,General Freight,Bronze,4,802.1,1318.2,4,0,13.71,25.0,8.5,5.0,Clear,40.8,0.337,1,118.69,12.98,0
SHP-102323,Toronto ON,Ottawa ON,MapleFreight Fleet,Standard,Bulk,Silver,11,679.6,498.6,3,0,11.14,-20.0,7.1,5.9,Clear,43.2,0.349,0,208.84,11.58,0
SHP-103190,Toronto ON,Winnipeg MB,QuebecExpress,Economy,Refrigerated,Silver,2,1175.1,1357.4,5,0,18.66,-20.0,8.7,5.1,Snow,42.2,0.591,1,155.33,23.44,1
SHP-104132,Montreal QC,Edmonton AB,MapleFreight Fleet,Standard,General Freight,Silver,1,1162.7,859.2,2,0,14.86,14.0,9.5,5.7,Clear,47.4,0.61,0,197.29,15.27,0
SHP-101736,Mississauga ON,Ottawa ON,MapleFreight Fleet,Express,General Freight,Bronze,5,204.5,1375.5,3,0,5.66,50.0,3.4,2.1,Fog,59.7,0.452,3,170.73,5.58,0
SHP-105935,Toronto ON,Montreal QC,QuebecExpress,Standard,Refrigerated,Silver,1,321.6,424.1,5,0,7.73,-20.0,7.7,3.1,Clear,52.8,0.507,3,225.58,8.01,0
SHP-104346,Toronto ON,Sudbury ON,MapleFreight Fleet,Standard,Refrigerated,Bronze,1,622.2,2057.8,0,0,8.8,75.0,2.8,1.8,Clear,36.5,0.596,0,167.58,9.13,0
SHP-104964,Ottawa ON,Regina SK,QuebecExpress,Standard,General Freight,Bronze,12,778.7,1234.7,4,0,13.9,-13.0,11.6,4.8,Clear,43.6,0.561,2,283.51,14.43,0
SHP-100233,Calgary AB,Calgary AB,PrairieLine,Standard,Refrigerated,Silver,11,900.4,766.7,1,1,12.31,49.0,5.3,11.0,Clear,48.6,0.575,0,193.07,11.41,0
SHP-102662,Toronto ON,Hamilton ON,MapleFreight Fleet,Express,General Freight,Bronze,6,570.9,802.1,3,0,8.5,21.0,3.8,9.9,Clear,52.5,0.572,0,80.2,8.93,0
SHP-101886,Montreal QC,Quebec City QC,QuebecExpress,Standard,Hazardous,Bronze,10,754.1,1591.4,3,0,13.45,21.0,2.7,3.7,Clear,54.5,0.192,1,144.58,14.02,0
SHP-103305,Montreal QC,Regina SK,QuebecExpress,Standard,Bulk,Bronze,12,384.6,858.4,3,0,7.66,23.0,2.8,6.2,Snow,70.7,0.439,2,244.86,7.23,0
SHP-102000,Toronto ON,Toronto ON,QuebecExpress,Express,General Freight,Silver,8,1270.8,1134.8,2,1,20.04,-4.0,3.2,1.7,Clear,72.9,0.441,2,188.11,18.2,0
SHP-104928,Montreal QC,Quebec City QC,MapleFreight Fleet,Express,General Freight,Silver,9,589.1,730.0,0,0,7.78,30.0,2.8,9.2,Clear,43.8,0.555,3,57.02,7.17,0
SHP-102922,Calgary AB,Sudbury ON,Contract Owner-Op,Standard,Refrigerated,Silver,6,1105.8,695.1,5,0,21.09,11.0,12.8,8.1,Clear,36.7,0.527,3,154.38,18.62,0
SHP-105570,Mississauga ON,Calgary AB,MapleFreight Fleet,Standard,General Freight,Gold,12,1382.3,1468.4,5,0,23.48,22.0,17.2,2.5,Fog,40.5,0.219,1,150.03,21.61,0
SHP-101816,London ON,Winnipeg MB,NorthStar Carriers,Express,Refrigerated,Gold,12,675.4,423.3,3,0,11.37,-0.0,8.0,4.8,Clear,57.2,0.501,1,146.9,11.19,0
SHP-101336,Ottawa ON,Regina SK,Contract Owner-Op,Express,General Freight,Silver,7,271.6,106.1,2,0,6.07,-20.0,4.3,6.5,Snow,58.4,0.379,1,186.62,5.65,0
SHP-100288,Montreal QC,Montreal QC,QuebecExpress,Express,Fragile,Bronze,7,1249.3,431.1,1,0,17.73,30.0,6.5,8.6,Clear,52.0,0.641,1,209.94,18.24,0
SHP-101985,Calgary AB,Regina SK,MapleFreight Fleet,Standard,Refrigerated,Bronze,11,396.1,1799.4,5,1,9.75,-18.0,1.2,4.9,Clear,37.1,0.682,3,189.38,15.26,1
SHP-101313,Toronto ON,Quebec City QC,MapleFreight Fleet,Standard,Bulk,Bronze,10,407.2,1330.8,4,0,6.62,-20.0,6.6,4.4,Storm,48.7,0.169,2,,6.91,0
SHP-101546,Mississauga ON,Edmonton AB,PrairieLine,Standard,Refrigerated,Silver,11,446.9,812.3,4,0,7.6,61.0,4.0,1.6,Fog,36.1,0.531,0,223.51,6.77,0
SHP-103988,Mississauga ON,Sudbury ON,PrairieLine,Standard,Refrigerated,Bronze,12,799.2,1423.6,5,0,15.01,18.0,7.6,5.2,Snow,45.4,0.646,1,196.31,17.57,1
SHP-104916,London ON,Edmonton AB,NorthStar Carriers,Economy,Refrigerated,Silver,6,378.9,756.7,2,0,8.1,38.0,1.2,4.0,,23.7,0.358,1,127.28,8.24,0
SHP-100881,Calgary AB,Toronto ON,NorthStar Carriers,Express,General Freight,Gold,5,301.0,442.8,2,0,4.61,70.0,1.5,6.0,Clear,19.6,0.655,2,213.53,4.84,0
SHP-101437,Montreal QC,Edmonton AB,PrairieLine,Standard,Fragile,Silver,4,617.6,228.5,5,0,11.28,32.0,6.2,2.4,Snow,46.7,0.674,3,157.4,17.67,1
SHP-104783,Toronto ON,Montreal QC,MapleFreight Fleet,Express,Fragile,Silver,10,520.5,930.0,2,0,6.85,6.0,5.9,5.8,Clear,72.0,0.688,1,,6.72,0
SHP-101610,Mississauga ON,Winnipeg MB,NorthStar Carriers,Standard,General Freight,Silver,9,1010.2,2260.9,4,0,17.64,30.0,16.4,1.6,Clear,74.9,0.541,3,223.32,16.17,0
SHP-102696,Ottawa ON,Calgary AB,Contract Owner-Op,Standard,General Freight,Gold,11,526.4,233.6,5,0,10.81,-6.0,7.6,9.8,Rain,37.8,0.258,0,164.41,15.61,1
SHP-104673,Toronto ON,Sudbury ON,Contract Owner-Op,Standard,Hazardous,Silver,7,1011.4,397.0,0,0,14.51,18.0,3.4,7.9,Fog,54.8,0.629,1,176.41,15.36,0
SHP-100728,Calgary AB,Regina SK,NorthStar Carriers,Standard,General Freight,Bronze,3,325.5,728.0,5,0,9.23,-20.0,9.4,7.8,Clear,48.7,0.817,2,113.95,8.74,0
SHP-101489,Calgary AB,Hamilton ON,MapleFreight Fleet,Economy,General Freight,Bronze,1,281.2,322.1,5,0,6.68,-17.0,11.0,3.9,Clear,43.0,0.293,1,235.22,6.37,0
SHP-105238,Montreal QC,Winnipeg MB,QuebecExpress,Standard,Fragile,Bronze,6,661.0,887.7,0,0,9.4,40.0,4.0,1.5,Clear,42.1,0.518,1,237.72,9.3,0
SHP-101591,Mississauga ON,Montreal QC,NorthStar Carriers,Express,General Freight,Bronze,2,566.8,934.4,4,0,11.99,28.0,3.7,8.1,Rain,67.5,0.504,0,166.31,18.68,1
SHP-102085,Toronto ON,Sudbury ON,MapleFreight Fleet,Standard,Bulk,Silver,4,1107.3,1129.6,5,0,18.61,-13.0,1.2,1.4,Clear,51.0,0.236,1,138.75,17.66,0
SHP-100214,Ottawa ON,Quebec City QC,MapleFreight Fleet,Standard,Fragile,Bronze,2,263.1,1066.2,1,0,2.75,41.0,1.2,5.3,Clear,35.1,0.677,0,160.1,2.85,0
SHP-100823,Winnipeg MB,Toronto ON,NorthStar Carriers,Standard,Refrigerated,Silver,1,379.9,780.3,2,0,7.99,45.0,6.9,3.0,Clear,68.0,0.255,1,,7.81,0
SHP-102751,London ON,Calgary AB,MapleFreight Fleet,Express,General Freight,Gold,7,566.0,324.2,5,0,11.69,-20.0,13.1,1.9,Clear,57.4,0.371,0,175.66,11.87,0
SHP-101993,Montreal QC,Sudbury ON,PrairieLine,Economy,Fragile,Bronze,6,357.4,1293.7,1,0,5.3,12.0,7.7,4.2,Snow,41.2,0.316,0,93.0,7.25,1
SHP-104366,Calgary AB,Sudbury ON,MapleFreight Fleet,Standard,Refrigerated,Silver,12,228.6,1020.3,2,0,6.28,33.0,6.7,7.4,Clear,37.9,0.668,2,125.55,6.34,0
SHP-101320,Montreal QC,Ottawa ON,PrairieLine,express,General Freight,Gold,8,487.1,1874.3,0,0,4.81,-20.0,0.5,1.1,Clear,32.0,0.573,2,237.03,4.46,0
SHP-100202,Ottawa ON,Sudbury ON,MapleFreight Fleet,Express,Refrigerated,Gold,1,413.4,761.9,2,0,8.0,-20.0,3.0,4.0,Clear,63.8,0.568,0,89.3,7.99,0
SHP-102794,Calgary AB,Toronto ON,MapleFreight Fleet,Economy,Bulk,Gold,10,884.5,1831.0,3,0,15.12,10.0,2.2,5.0,Fog,34.9,0.504,2,229.5,13.64,0
SHP-102079,Mississauga ON,Regina SK,MapleFreight Fleet,Standard,General Freight,Bronze,12,317.9,236.9,1,0,5.38,42.0,4.2,2.8,Clear,36.6,0.81,1,199.53,5.36,0
SHP-103639,London ON,Edmonton AB,MapleFreight Fleet,Economy,Refrigerated,Gold,10,273.3,724.5,1,0,4.07,-11.0,12.2,3.9,Rain,65.4,0.529,2,107.15,3.73,0
SHP-101561,Calgary AB,Sudbury ON,MapleFreight Fleet,Economy,Refrigerated,Silver,9,296.5,273.9,5,0,7.34,9.0,11.1,2.6,Snow,42.8,0.42,4,208.7,8.93,1
SHP-102871,Toronto ON,Sudbury ON,PrairieLine,Standard,Bulk,Silver,12,911.9,1185.4,2,0,12.88,28.0,3.4,6.7,Snow,59.6,0.563,0,101.92,11.7,0
SHP-102986,Toronto ON,Toronto ON,PrairieLine,Standard,Fragile,Bronze,10,272.7,777.6,5,0,5.39,56.0,5.2,2.0,Fog,30.2,0.64,2,142.34,5.36,0
SHP-100904,Calgary AB,Ottawa ON,MapleFreight Fleet,Standard,General Freight,Silver,11,812.7,407.5,5,0,14.14,1.0,5.5,6.9,Rain,60.8,0.406,2,255.36,13.23,0
SHP-103508,Toronto ON,Calgary AB,NorthStar Carriers,Express,General Freight,Bronze,1,262.4,283.1,1,0,3.47,-5.0,2.1,1.5,Fog,47.1,0.574,2,200.36,3.42,0
SHP-101476,Montreal QC,Toronto ON,MapleFreight Fleet,Economy,General Freight,Bronze,4,608.0,1294.9,1,0,8.12,48.0,8.1,8.2,Storm,26.0,0.22,1,188.31,8.49,0
SHP-104034,Toronto ON,Toronto ON,MapleFreight Fleet,Economy,General Freight,Bronze,9,1085.7,925.0,5,0,19.37,4.0,,2.2,Clear,48.9,0.332,1,164.43,25.18,1
SHP-101892,Montreal QC,Toronto ON,QuebecExpress,Express,General Freight,Silver,7,398.0,785.1,5,0,8.73,-11.0,10.7,5.4,Storm,36.4,0.238,1,103.51,10.09,1
SHP-101613,Mississauga ON,Quebec City QC,Contract Owner-Op,Standard,General Freight,Silver,5,1325.2,233.3,3,0,21.1,48.0,2.5,2.3,Fog,93.2,0.046,4,166.21,31.66,1
SHP-100610,Mississauga ON,Edmonton AB,MapleFreight Fleet,Standard,General Freight,Silver,5,1020.5,1645.5,3,0,15.39,-20.0,6.3,4.7,Fog,54.0,0.52,1,30.43,16.17,0
SHP-104479,Ottawa ON,Sudbury ON,QuebecExpress,Standard,Bulk,Silver,5,645.6,1730.7,5,0,12.2,27.0,4.8,4.0,Snow,54.4,0.576,3,154.45,11.89,0
SHP-105342,Mississauga ON,Sudbury ON,PrairieLine,Express,General Freight,Bronze,3,685.0,351.3,1,0,11.38,13.0,7.8,2.2,Snow,84.5,0.839,2,263.19,17.61,1
SHP-102466,Winnipeg MB,Montreal QC,MapleFreight Fleet,Economy,Refrigerated,Silver,4,558.3,317.7,2,0,8.27,40.0,7.9,17.0,Clear,60.7,0.251,0,170.62,7.32,0
SHP-104197,Calgary AB,Hamilton ON,MapleFreight Fleet,Standard,General Freight,Gold,4,992.6,2399.5,2,1,15.08,43.0,5.0,2.7,Snow,57.0,0.759,0,271.85,21.29,1
SHP-101600,Calgary AB,Quebec City QC,MapleFreight Fleet,Standard,Hazardous,Gold,4,348.9,920.0,2,0,6.68,46.0,0.4,6.0,Rain,78.0,0.664,4,142.86,7.06,0
SHP-104715,Montreal QC,Winnipeg MB,NorthStar Carriers,Standard,Bulk,Silver,6,512.1,852.9,5,0,11.44,50.0,2.3,4.2,,71.9,0.247,1,80.42,15.38,1
SHP-103839,Ottawa ON,Winnipeg MB,MapleFreight Fleet,Express,Bulk,Silver,12,449.3,505.9,5,0,9.52,37.0,18.0,3.8,Clear,54.2,0.55,2,254.47,9.21,0
SHP-103414,Calgary AB,Edmonton AB,MapleFreight Fleet,Standard,Fragile,Bronze,11,987.6,2860.8,4,0,19.15,-20.0,11.0,1.8,Snow,67.5,0.502,0,227.87,18.33,0
SHP-101389,Ottawa ON,Quebec City QC,MapleFreight Fleet,Standard,Refrigerated,Bronze,6,705.3,721.9,1,0,9.78,-2.0,9.3,4.3,Fog,19.6,0.449,0,205.24,8.72,0
SHP-101887,Mississauga ON,Calgary AB,PrairieLine,Economy,Fragile,Silver,7,625.0,617.6,1,0,11.43,13.0,4.2,7.0,Storm,72.4,0.385,2,217.07,15.72,1
SHP-100423,Toronto ON,Hamilton ON,MapleFreight Fleet,Standard,Bulk,Silver,11,448.0,1193.8,0,0,4.31,-20.0,3.8,8.3,Rain,44.2,0.646,1,131.51,4.26,0
SHP-105676,Toronto ON,Winnipeg MB,NorthStar Carriers,Express,Hazardous,Bronze,10,843.4,770.0,3,0,13.05,-16.0,4.8,1.7,Rain,49.5,0.0,1,303.54,12.7,0
SHP-104626,Toronto ON,Quebec City QC,QuebecExpress,Standard,General Freight,Bronze,8,852.9,713.8,1,0,12.23,-20.0,6.5,4.9,Clear,39.8,0.343,3,170.78,12.08,0
SHP-103851,Toronto ON,Toronto ON,MapleFreight Fleet,Express,General Freight,Bronze,3,602.8,727.8,2,0,10.4,-10.0,2.0,4.9,Snow,47.4,0.551,2,144.09,10.67,0
SHP-104744,Toronto ON,Toronto ON,NorthStar Carriers,Standard,General Freight,Bronze,3,1033.3,683.6,3,0,14.92,-13.0,0.7,5.7,Rain,77.3,0.343,3,187.02,23.32,1
SHP-100683,Mississauga ON,Winnipeg MB,MapleFreight Fleet,Standard,General Freight,Bronze,12,370.9,1005.6,5,0,7.88,36.0,8.7,4.9,Rain,63.9,0.752,3,202.79,7.81,0
SHP-105830,Toronto ON,Hamilton ON,QuebecExpress,Standard,General Freight,Silver,1,823.8,334.5,2,0,11.44,-11.0,6.0,7.6,Clear,71.8,0.636,0,239.81,11.78,0
SHP-105229,Calgary AB,Calgary AB,QuebecExpress,Economy,Refrigerated,Bronze,5,482.1,422.5,5,1,9.47,45.0,8.4,6.3,Clear,72.4,0.514,2,161.78,12.03,1
SHP-101325,Ottawa ON,Calgary AB,NorthStar Carriers,Standard,General Freight,Bronze,3,424.2,1695.8,5,0,8.77,-18.0,13.6,5.3,Rain,60.4,0.741,1,202.72,13.84,1
SHP-104972,London ON,Calgary AB,MapleFreight Fleet,Economy,Hazardous,Bronze,4,590.1,2117.7,3,0,11.04,84.0,7.6,0.9,,75.5,0.609,0,,11.53,0
SHP-100820,Montreal QC,Winnipeg MB,PrairieLine,Standard,Fragile,Bronze,6,866.0,290.8,2,0,12.11,86.0,,10.0,Clear,55.8,0.096,1,287.48,11.03,0
SHP-100613,Calgary AB,Montreal QC,QuebecExpress,Standard,General Freight,Gold,12,371.0,899.7,4,0,9.44,96.0,10.9,0.2,Fog,23.5,0.496,0,186.93,8.93,0
SHP-105162,Calgary AB,Hamilton ON,QuebecExpress,Standard,Hazardous,Gold,4,538.0,247.6,1,0,8.21,37.0,2.0,4.4,Rain,45.9,0.565,1,167.94,7.59,0
SHP-101800,Toronto ON,Sudbury ON,NorthStar Carriers,Express,General Freight,Bronze,9,940.1,994.8,3,0,15.08,27.0,1.6,1.9,Clear,60.2,0.374,2,222.37,15.82,0
SHP-101450,Ottawa ON,Montreal QC,MapleFreight Fleet,Economy,Refrigerated,Silver,4,911.5,2243.4,4,0,15.11,-2.0,2.0,5.3,Snow,72.3,0.618,1,78.05,20.83,1
SHP-104369,Calgary AB,Hamilton ON,MapleFreight Fleet,Standard,General Freight,Silver,11,1122.9,337.5,4,0,19.41,25.0,4.7,6.9,Fog,51.1,0.293,1,301.63,17.82,0
SHP-105389,Montreal QC,Hamilton ON,MapleFreight Fleet,Economy,Refrigerated,Silver,7,768.7,292.4,0,0,9.06,70.0,20.7,3.4,Rain,69.7,0.564,0,182.92,9.4,0
SHP-102676,Toronto ON,Ottawa ON,QuebecExpress,Economy,Fragile,Silver,6,581.5,384.6,1,0,9.46,-4.0,11.6,6.7,Snow,42.0,0.393,1,131.41,9.59,0
SHP-102579,Mississauga ON,Calgary AB,PrairieLine,Standard,General Freight,Silver,8,1785.0,386.4,0,0,23.33,9.0,4.4,2.1,Snow,57.7,0.439,1,200.68,36.27,1
SHP-104925,Calgary AB,Montreal QC,NorthStar Carriers,Express,Fragile,Bronze,12,745.7,825.7,3,0,10.98,-20.0,2.3,7.2,Clear,78.2,0.646,0,188.51,10.01,0
SHP-104110,Toronto ON,Toronto ON,QuebecExpress,Standard,Fragile,Gold,11,533.9,1182.3,0,0,8.73,-2.0,5.3,4.8,Fog,5.0,0.406,1,199.36,8.24,0
SHP-104923,Mississauga ON,Hamilton ON,MapleFreight Fleet,Standard,General Freight,Bronze,4,569.9,970.7,1,0,6.25,-20.0,28.8,2.0,Clear,75.9,0.418,1,306.74,6.22,0
SHP-100374,London ON,Regina SK,PrairieLine,Standard,General Freight,Bronze,4,600.5,598.1,1,0,9.3,72.0,3.1,0.1,Clear,83.1,0.442,1,104.11,10.61,1
SHP-103841,Toronto ON,Regina SK,MapleFreight Fleet,Standard,Hazardous,Silver,4,666.6,517.2,4,0,11.38,2.0,24.1,3.5,Snow,51.8,0.534,3,132.82,10.55,0
SHP-102893,Toronto ON,Winnipeg MB,MapleFreight Fleet,Express,Hazardous,Gold,7,742.2,2573.9,2,0,10.87,27.0,11.2,5.8,Clear,52.7,0.584,2,185.11,14.11,1
SHP-104032,Montreal QC,Winnipeg MB,QuebecExpress,Standard,General Freight,Bronze,6,1451.0,619.1,3,0,23.36,-19.0,6.0,2.2,Clear,20.2,0.379,2,120.65,20.75,0
SHP-105911,London ON,Toronto ON,PrairieLine,Express,General Freight,Silver,7,912.6,1228.8,0,1,12.15,9.0,5.8,2.7,Fog,57.2,0.349,0,166.37,11.75,0
SHP-102024,Toronto ON,Sudbury ON,NorthStar Carriers,Economy,Refrigerated,Silver,2,592.5,1633.8,3,0,11.07,-19.0,4.6,6.1,Clear,19.2,0.659,1,173.44,17.23,1
SHP-100227,Ottawa ON,Quebec City QC,MapleFreight Fleet,Standard,Refrigerated,Bronze,9,585.2,837100.0,5,0,12.14,16.0,5.1,1.4,Clear,41.5,0.728,6,72.2,17.16,1
SHP-105440,Toronto ON,Regina SK,MapleFreight Fleet,Economy,General Freight,Silver,6,928.2,2254.6,1,0,13.4,51.0,3.5,4.1,Clear,62.8,0.171,1,160.16,11.99,0
SHP-105806,Ottawa ON,Ottawa ON,QuebecExpress,Standard,General Freight,Silver,11,586.4,221.8,4,0,10.38,47.0,1.6,2.8,Clear,50.2,0.473,0,171.99,9.55,0
SHP-102247,London ON,Montreal QC,PrairieLine,Economy,General Freight,Bronze,10,415.6,280.4,3,0,9.52,19.0,12.7,18.4,Clear,,0.431,2,235.98,9.27,0
SHP-101012,Toronto ON,Montreal QC,MapleFreight Fleet,Express,General Freight,Silver,9,505.0,1555.0,4,0,9.11,-20.0,6.9,2.4,Clear,31.2,0.335,0,96.36,8.09,0
SHP-103574,London ON,Quebec City QC,MapleFreight Fleet,Standard,Fragile,Silver,9,395.1,1223.6,5,0,9.76,-20.0,4.7,2.9,Snow,50.8,0.68,2,89.22,15.43,1
SHP-105425,Toronto ON,Quebec City QC,MapleFreight Fleet,Express,General Freight,Gold,5,1242.2,320.8,1,0,15.74,15.0,3.6,7.0,Snow,37.4,0.887,1,104.69,19.61,1
SHP-104555,Mississauga ON,Regina SK,PrairieLine,Standard,Fragile,Gold,10,327.6,651.8,5,0,7.54,-20.0,5.5,5.3,Clear,47.0,0.578,1,170.73,7.39,0
SHP-101249,Toronto ON,Sudbury ON,MapleFreight Fleet,Standard,Refrigerated,Silver,2,949.4,371.4,3,0,15.94,28.0,21.7,4.3,Rain,59.3,0.361,1,128.03,16.18,0
SHP-105867,London ON,Regina SK,NorthStar Carriers,Express,Bulk,Silver,6,680.6,1187.4,1,0,10.55,-16.0,2.4,2.1,Clear,69.5,0.481,0,150.45,10.28,0
SHP-105848,Mississauga ON,Montreal QC,NorthStar Carriers,Express,Refrigerated,Silver,2,1197.8,2265.9,1,0,17.91,19.0,1.3,5.7,Clear,58.7,0.666,6,190.65,28.65,1
SHP-105785,Mississauga ON,Edmonton AB,MapleFreight Fleet,Economy,Bulk,Silver,8,711.2,130.2,3,0,12.86,28.0,6.7,8.6,Rain,37.2,0.37,0,107.05,12.03,0
SHP-101338,Ottawa ON,Quebec City QC,QuebecExpress,Standard,General Freight,Bronze,1,575.5,262.3,1,0,8.57,37.0,3.8,4.0,Clear,41.2,0.519,2,214.59,8.09,0
SHP-101029,Calgary AB,Ottawa ON,QuebecExpress,Standard,Refrigerated,Silver,3,700.5,501.8,1,0,11.57,28.0,11.9,11.7,Rain,65.9,0.504,0,219.09,11.72,0
SHP-103286,Mississauga ON,Quebec City QC,MapleFreight Fleet,Economy,General Freight,Gold,12,643.0,375.0,5,0,14.57,96.0,12.3,6.6,Snow,37.7,0.487,2,180.22,19.07,1
SHP-103691,Calgary AB,Winnipeg MB,NorthStar Carriers,Economy,General Freight,Bronze,11,1400.1,1493.7,1,0,20.06,-20.0,8.0,2.2,Rain,68.7,0.461,2,257.2,20.61,0
SHP-103891,Toronto ON,Hamilton ON,MapleFreight Fleet,Standard,Hazardous,Bronze,1,985.2,2155.1,5,0,17.42,-5.0,4.3,1.2,Storm,38.0,0.654,2,158.57,20.09,1
SHP-103047,Mississauga ON,Hamilton ON,MapleFreight Fleet,Standard,Hazardous,Silver,2,1111.8,733.1,2,1,17.88,10.0,5.4,6.4,Rain,48.8,0.253,0,238.06,18.15,0
SHP-104998,Toronto ON,Winnipeg MB,PrairieLine,express,Fragile,Silver,11,262.8,1493.3,1,0,4.27,-5.0,4.1,14.3,Snow,58.2,0.231,2,198.01,4.39,0
SHP-103598,Ottawa ON,Edmonton AB,MapleFreight Fleet,Standard,General Freight,Silver,4,1302.7,2655.8,5,1,22.25,64.0,1.1,5.9,Clear,60.0,0.149,1,204.24,31.2,1
SHP-105800,Ottawa ON,Montreal QC,MapleFreight Fleet,Standard,Bulk,Gold,4,758.2,729.1,5,0,15.76,-20.0,1.0,3.0,Snow,69.3,0.477,0,231.33,14.58,0
SHP-104732,Toronto ON,Quebec City QC,PrairieLine,Economy,Refrigerated,Silver,1,610.3,3359.1,5,0,13.33,14.0,7.9,4.3,Storm,65.6,0.188,0,256.74,16.85,1
SHP-100185,Calgary AB,Calgary AB,MapleFreight Fleet,Express,Bulk,Gold,6,740.9,1261.1,3,0,13.07,-20.0,7.1,3.5,Rain,40.5,0.432,2,233.68,13.73,0
SHP-102776,Winnipeg MB,Montreal QC,NorthStar Carriers,Express,General Freight,Silver,11,503.6,1773.9,3,0,8.31,33.0,4.6,7.5,Clear,34.0,0.134,2,223.77,8.01,0
SHP-102651,Mississauga ON,Calgary AB,MapleFreight Fleet,Express,General Freight,Bronze,6,1358.5,1077.0,4,0,20.4,19.0,11.4,1.1,Rain,82.7,0.636,0,114.81,18.84,0
SHP-105799,Mississauga ON,Quebec City QC,MapleFreight Fleet,Economy,General Freight,Silver,8,362.8,1779.0,1,0,5.55,-20.0,4.1,2.1,,67.2,0.669,1,149.96,5.58,0
SHP-103050,Ottawa ON,Montreal QC,NorthStar Carriers,Standard,General Freight,Bronze,11,751.7,655.3,5,0,14.12,-20.0,1.0,3.0,Rain,39.9,0.287,0,216.42,12.48,0
SHP-105125,Toronto ON,Calgary AB,Contract Owner-Op,Standard,General Freight,Gold,8,351.4,263.0,3,0,7.15,-14.0,11.2,3.9,Snow,21.8,0.505,2,275.59,6.8,0
SHP-103486,Toronto ON,Toronto ON,MapleFreight Fleet,Express,General Freight,Bronze,10,478.2,552.9,2,0,8.65,63.0,11.2,0.4,Snow,92.0,0.362,2,189.4,8.28,0
SHP-100230,Calgary AB,Winnipeg MB,Contract Owner-Op,Standard,Fragile,Silver,11,396.8,1122.7,4,0,9.58,47.0,12.1,3.9,Rain,80.4,0.215,2,234.19,12.89,1
SHP-102215,Toronto ON,Quebec City QC,Contract Owner-Op,Express,General Freight,Bronze,10,480.8,1731.9,0,1,7.9,74.0,3.2,2.9,Clear,14.6,0.431,2,151.52,7.78,0
SHP-100690,London ON,Hamilton ON,PrairieLine,Express,General Freight,Bronze,3,1078.1,741.4,3,0,15.6,50.0,27.0,5.3,Clear,47.2,0.167,0,188.13,14.1,0
SHP-101272,London ON,Sudbury ON,MapleFreight Fleet,Express,Refrigerated,Silver,1,535.0,163.4,4,0,7.82,-5.0,12.1,4.1,Clear,39.6,0.804,1,166.6,7.62,0
SHP-104807,Mississauga ON,Quebec City QC,MapleFreight Fleet,Standard,General Freight,Silver,8,380.3,1077.5,5,0,7.81,20.0,2.5,6.8,Clear,52.9,0.268,1,189.12,7.14,0
SHP-101781,Ottawa ON,Ottawa ON,MapleFreight Fleet,express,General Freight,Silver,9,501.5,3058.2,2,0,9.56,9.0,12.1,8.9,Snow,36.5,0.393,2,,8.51,0
SHP-103554,Toronto ON,Edmonton AB,QuebecExpress,Standard,General Freight,Silver,1,760.5,1274.1,4,0,12.31,47.0,4.0,4.5,Clear,68.4,0.695,0,104.06,12.65,0
SHP-103159,Mississauga ON,Hamilton ON,MapleFreight Fleet,express,Hazardous,Bronze,12,1238.6,970.6,4,1,20.83,50.0,3.3,3.2,Rain,34.5,0.565,2,229.38,20.59,0
SHP-103831,Calgary AB,Regina SK,PrairieLine,Express,General Freight,Bronze,5,541.0,647.6,0,0,8.12,8.0,3.8,0.7,Snow,48.4,0.58,5,323.92,8.27,0
SHP-104451,Toronto ON,Edmonton AB,MapleFreight Fleet,Standard,Refrigerated,Silver,5,679.4,1133.5,0,1,7.79,-17.0,20.1,3.9,Clear,36.0,0.217,1,63.62,7.7,0
SHP-101970,Ottawa ON,Edmonton AB,Contract Owner-Op,Standard,Refrigerated,Bronze,5,660.7,718.1,3,0,11.09,58.0,4.2,3.2,Snow,58.1,0.588,2,120.01,13.17,1
SHP-101839,Mississauga ON,Toronto ON,MapleFreight Fleet,Economy,Refrigerated,Silver,4,529.8,779.2,2,0,10.57,-2.0,10.9,7.1,Storm,48.5,0.515,0,249.32,9.49,0
SHP-100127,Toronto ON,Montreal QC,MapleFreight Fleet,Standard,Refrigerated,Bronze,3,457.4,2659.0,2,0,7.71,56.0,2.0,3.5,Snow,77.7,0.477,3,136.57,11.55,1
SHP-104174,Montreal QC,Toronto ON,NorthStar Carriers,Express,General Freight,Gold,8,523.2,744.1,0,0,6.28,84.0,5.6,9.5,Clear,66.1,0.314,1,127.95,6.6,0
SHP-102038,Toronto ON,Winnipeg MB,MapleFreight Fleet,Standard,General Freight,Silver,9,769.1,773.8,5,0,14.29,6.0,14.7,1.4,Clear,42.9,0.713,2,125.3,21.79,1
SHP-103593,Winnipeg MB,Winnipeg MB,MapleFreight Fleet,Express,General Freight,Silver,12,329.7,1007.4,0,1,4.71,53.0,,5.4,Clear,52.8,0.525,2,154.61,4.68,0
SHP-103432,Calgary AB,Calgary AB,NorthStar Carriers,Standard,Bulk,Gold,2,338.4,259.7,5,0,8.3,-17.0,2.4,2.3,Snow,51.4,0.629,3,162.34,10.06,1
SHP-104443,Toronto ON,Calgary AB,MapleFreight Fleet,Standard,General Freight,Bronze,2,776.3,864.5,0,0,11.2,43.0,3.8,3.3,Clear,60.9,0.498,2,146.97,10.3,0
SHP-104867,Toronto ON,Regina SK,NorthStar Carriers,Express,Hazardous,Gold,1,742.5,1150.7,2,0,10.48,-17.0,5.5,1.2,Rain,39.6,0.522,1,207.97,10.74,0
SHP-103594,Toronto ON,Toronto ON,PrairieLine,Standard,General Freight,Bronze,7,507.4,2008.7,5,0,11.46,-5.0,8.8,0.7,Clear,51.3,0.416,0,225.35,11.46,0
SHP-103847,Toronto ON,Calgary AB,MapleFreight Fleet,Economy,General Freight,Silver,7,1007.6,414.7,3,0,16.36,-12.0,7.1,19.1,Snow,55.0,0.998,2,189.46,24.52,1
SHP-104747,Calgary AB,Winnipeg MB,Contract Owner-Op,Express,General Freight,Bronze,2,657.9,1630.3,1,0,6.9,-20.0,,0.9,Clear,61.5,0.388,2,95.24,7.92,1
SHP-105461,Winnipeg MB,Quebec City QC,Contract Owner-Op,Economy,General Freight,Gold,9,929.2,610.9,1,0,13.22,1.0,3.4,1.3,Clear,62.4,0.321,5,,13.23,0
SHP-103611,Ottawa ON,Hamilton ON,MapleFreight Fleet,Standard,General Freight,Gold,12,596.6,2255.4,5,0,11.2,-18.0,2.4,5.8,Rain,35.7,0.561,2,188.37,11.53,0
SHP-103630,London ON,Hamilton ON,MapleFreight Fleet,Economy,Refrigerated,Gold,11,685.3,506.4,5,0,13.54,-20.0,5.8,13.9,Clear,,0.533,1,219.97,14.28,0
SHP-102237,Toronto ON,Toronto ON,MapleFreight Fleet,Express,General Freight,Gold,1,476.8,271.2,5,1,9.24,5.0,6.0,6.1,Clear,40.1,0.493,2,,8.9,0
SHP-100404,Montreal QC,Hamilton ON,MapleFreight Fleet,Express,General Freight,Bronze,5,436.2,1115.4,1,0,8.36,-17.0,2.0,2.6,Clear,41.9,0.471,2,226.09,8.39,0
SHP-101653,Toronto ON,Calgary AB,PrairieLine,Standard,Refrigerated,Gold,12,428.1,1299.0,5,0,9.09,37.0,3.6,5.3,Rain,74.8,0.359,3,155.03,13.86,1
SHP-102194,Calgary AB,Toronto ON,NorthStar Carriers,Economy,Fragile,Bronze,6,1754.3,1660.4,4,0,25.85,103.0,1.5,12.7,Clear,69.5,0.675,1,222.06,39.64,1
SHP-104055,Toronto ON,Winnipeg MB,MapleFreight Fleet,Standard,General Freight,Silver,3,435.1,2274.4,3,1,8.34,19.0,1.5,2.5,Clear,58.3,0.209,0,246.27,8.68,0
SHP-101504,Toronto ON,Winnipeg MB,NorthStar Carriers,Express,Fragile,Bronze,10,555.8,643.7,3,0,9.27,-10.0,1.8,2.6,Rain,81.5,0.28,0,193.04,8.37,0
SHP-101514,Montreal QC,Edmonton AB,QuebecExpress,Economy,General Freight,Silver,8,1178.6,2111.5,2,0,18.47,34.0,4.2,4.8,Clear,48.0,0.278,0,248.53,17.31,0
SHP-103795,Montreal QC,Regina SK,NorthStar Carriers,Standard,General Freight,Silver,9,1281.8,1477.3,3,0,19.86,48.0,7.0,7.8,Storm,61.1,0.1,1,323.57,17.76,0
SHP-104501,Ottawa ON,Sudbury ON,PrairieLine,Standard,Refrigerated,Silver,1,246.7,1824.1,2,1,5.51,33.0,11.9,3.1,,29.4,0.293,2,,7.18,1
SHP-100153,Ottawa ON,Calgary AB,PrairieLine,Express,Hazardous,Silver,7,368.3,708.8,1,1,4.72,-20.0,12.5,8.3,Clear,78.1,0.708,0,140.2,4.42,0
SHP-100816,Winnipeg MB,Winnipeg MB,MapleFreight Fleet,Express,Refrigerated,Bronze,9,773.0,1818.2,1,1,11.47,-2.0,16.0,2.7,,58.0,0.3,0,214.72,11.65,0
SHP-105451,Mississauga ON,Quebec City QC,Contract Owner-Op,Standard,Refrigerated,Bronze,4,968.6,1775.3,3,0,15.85,-20.0,6.9,4.9,Clear,76.2,0.517,1,149.26,16.32,0
SHP-104053,Toronto ON,Regina SK,MapleFreight Fleet,Standard,Fragile,Bronze,3,550.6,230.2,1,1,9.27,-20.0,0.5,5.8,Fog,77.8,0.479,0,116.65,9.58,0
SHP-100893,Mississauga ON,Toronto ON,QuebecExpress,Standard,General Freight,Gold,9,1613.2,488.8,3,0,21.75,2.0,5.9,3.9,Clear,40.0,0.615,1,163.37,22.56,0
SHP-104230,Toronto ON,Sudbury ON,MapleFreight Fleet,Standard,General Freight,Silver,8,184.1,192.0,4,0,4.18,-20.0,9.4,9.0,Rain,50.5,0.0,3,168.94,4.19,0
SHP-102009,Mississauga ON,Regina SK,PrairieLine,Standard,Refrigerated,Silver,8,461.9,875.8,0,0,5.67,36.0,3.7,6.8,Clear,21.8,0.394,1,163.51,5.81,0
SHP-101094,London ON,Sudbury ON,NorthStar Carriers,Express,General Freight,Bronze,3,655.8,322.0,3,0,12.98,-20.0,5.8,5.0,Clear,85.4,0.392,0,103.0,13.22,0
SHP-105103,Mississauga ON,Regina SK,NorthStar Carriers,Express,General Freight,Silver,12,495.1,162.7,1,0,7.48,47.0,,2.2,,,0.508,1,154.25,6.81,0
SHP-103314,Toronto ON,Edmonton AB,PrairieLine,Standard,General Freight,Silver,10,981.8,643.9,1,0,15.61,-9.0,3.8,2.0,Rain,68.9,0.455,1,268.62,13.77,0
SHP-102712,Montreal QC,Quebec City QC,NorthStar Carriers,Standard,General Freight,Silver,12,749.4,1567.4,0,0,9.97,11.0,3.5,12.6,Fog,40.9,0.0,1,119.85,9.35,0
SHP-100735,Toronto ON,Montreal QC,MapleFreight Fleet,Standard,Hazardous,Silver,5,579.3,238.9,2,0,10.26,2.0,6.9,5.0,Storm,71.6,0.209,2,107.96,10.25,0
SHP-104989,Montreal QC,Ottawa ON,MapleFreight Fleet,Standard,General Freight,Silver,4,1367.8,2647.9,2,0,19.58,23.0,4.0,0.7,Snow,50.8,0.365,1,135.28,19.37,0
SHP-100517,Toronto ON,Regina SK,MapleFreight Fleet,Standard,General Freight,Silver,10,493.0,2084.4,1,0,8.6,-0.0,9.0,3.7,Clear,67.8,0.512,1,313.57,8.18,0
SHP-100927,Ottawa ON,Hamilton ON,NorthStar Carriers,Standard,Bulk,Gold,1,548.8,1143.0,5,0,10.92,11.0,13.8,3.9,Clear,63.6,0.19,1,262.5,11.23,0
SHP-101558,Calgary AB,Edmonton AB,MapleFreight Fleet,Standard,General Freight,Silver,5,501.3,856.0,2,0,8.31,-2.0,6.5,15.7,Clear,65.1,0.248,1,136.52,7.38,0
SHP-100843,Montreal QC,Ottawa ON,PrairieLine,Express,General Freight,Gold,10,194.0,330.7,0,0,4.0,-20.0,6.2,4.0,Rain,46.3,0.689,0,169.38,3.69,0
SHP-102415,Calgary AB,Winnipeg MB,MapleFreight Fleet,Standard,General Freight,Bronze,10,232.9,241.9,1,0,4.27,-20.0,11.9,2.2,Rain,94.7,0.333,3,147.64,4.12,0
SHP-101533,Ottawa ON,Regina SK,Contract Owner-Op,Express,Refrigerated,Gold,12,368.8,1094.4,3,0,6.75,4.0,6.9,5.5,,67.9,0.441,3,200.89,6.64,0
SHP-104692,Montreal QC,Regina SK,MapleFreight Fleet,Economy,Hazardous,Silver,11,906.7,1369.9,1,0,14.62,36.0,4.6,2.2,,60.7,0.548,0,278.88,17.79,1
SHP-103333,Toronto ON,Winnipeg MB,MapleFreight Fleet,Economy,General Freight,Gold,10,1267.1,171.9,0,0,18.78,-20.0,11.8,7.8,Clear,36.5,0.717,2,356.29,17.42,0
SHP-102119,Winnipeg MB,Montreal QC,MapleFreight Fleet,Economy,General Freight,Silver,1,638.5,207.6,0,0,8.28,-1.0,12.8,17.3,Snow,34.2,0.602,0,154.45,11.9,1
SHP-105416,Mississauga ON,Sudbury ON,NorthStar Carriers,Express,Hazardous,Bronze,5,300.0,177.1,5,0,8.96,24.0,2.4,5.8,Clear,36.7,0.578,1,163.47,8.82,0
SHP-103756,Montreal QC,Toronto ON,NorthStar Carriers,Standard,General Freight,Bronze,10,386.0,1655.9,5,0,9.04,23.0,11.4,0.6,Snow,39.2,0.608,0,113.02,8.22,0
SHP-105520,Toronto ON,Montreal QC,PrairieLine,Economy,Bulk,Silver,6,208.4,2131.1,5,0,6.91,26.0,3.5,2.7,Clear,23.1,0.836,1,273.5,6.91,0
SHP-101033,Ottawa ON,Sudbury ON,MapleFreight Fleet,Economy,Fragile,Bronze,8,362.6,447.7,5,0,8.01,41.0,11.4,5.0,Snow,61.8,0.352,1,41.79,7.95,0
SHP-102065,Winnipeg MB,Quebec City QC,MapleFreight Fleet,standard,Bulk,Silver,6,992.9,3136.7,2,0,15.95,74.0,8.1,6.4,Clear,72.0,0.903,2,221.61,14.29,0
SHP-101134,Ottawa ON,Hamilton ON,NorthStar Carriers,Economy,Hazardous,Gold,1,733.3,377.3,2,0,13.33,-20.0,9.5,2.9,Snow,64.0,0.684,2,145.6,15.11,1
SHP-102868,Toronto ON,Ottawa ON,QuebecExpress,Standard,Hazardous,Silver,4,1138.5,1047.0,4,0,17.7,7.0,5.7,6.1,Clear,54.3,0.177,0,199.58,16.88,0
SHP-103224,Montreal QC,Montreal QC,MapleFreight Fleet,Standard,Bulk,Bronze,9,544.1,982.0,4,0,11.01,10.0,5.1,13.6,Snow,52.2,0.31,2,216.74,10.1,0
SHP-105776,Ottawa ON,Ottawa ON,Contract Owner-Op,Standard,Refrigerated,Silver,5,367.8,317.1,0,1,6.31,19.0,8.6,1.3,Clear,46.8,0.728,1,210.72,5.95,0
SHP-103913,Winnipeg MB,Hamilton ON,MapleFreight Fleet,Express,Refrigerated,Bronze,8,621.4,892.6,1,0,8.68,14.0,13.9,12.6,Clear,26.9,0.178,0,204.02,8.59,0
SHP-104829,Toronto ON,Edmonton AB,QuebecExpress,Standard,General Freight,Bronze,5,603.9,1393.8,2,0,9.32,-20.0,12.1,7.6,Fog,,0.506,3,247.84,11.0,1
SHP-105062,Toronto ON,Quebec City QC,NorthStar Carriers,Express,Refrigerated,Gold,2,330.1,1657.4,3,1,6.75,39.0,2.8,2.1,,60.3,0.534,1,172.18,6.72,0
SHP-100707,Montreal QC,Ottawa ON,MapleFreight Fleet,Standard,Bulk,Bronze,6,286.8,103.6,0,0,5.95,35.0,6.1,4.2,Clear,72.3,0.446,0,152.54,5.67,0
SHP-100721,Toronto ON,Regina SK,MapleFreight Fleet,Express,General Freight,Silver,7,802.8,244.4,4,0,12.42,36.0,8.5,9.2,Fog,64.1,0.493,1,202.35,15.09,1
SHP-104722,Toronto ON,Hamilton ON,Contract Owner-Op,Standard,Refrigerated,Gold,5,413.1,132.7,4,0,10.51,-20.0,3.7,11.3,Clear,83.4,0.206,0,146.25,10.26,0
SHP-105509,Ottawa ON,Quebec City QC,MapleFreight Fleet,Standard,Fragile,Bronze,3,1140.7,91.6,3,0,19.33,-13.0,1.2,4.2,Rain,41.7,0.076,1,30.0,17.31,0
SHP-103673,Mississauga ON,Regina SK,NorthStar Carriers,Standard,Refrigerated,Silver,4,368.6,245.7,2,0,6.1,49.0,0.9,5.3,Clear,14.3,0.691,3,216.16,5.9,0
SHP-105650,London ON,Montreal QC,Contract Owner-Op,Express,General Freight,Gold,7,462.2,818.4,2,0,6.91,29.0,15.2,4.2,Snow,24.2,0.767,0,129.38,7.27,0
SHP-101375,Calgary AB,Hamilton ON,MapleFreight Fleet,Express,General Freight,Bronze,4,424.5,504.7,1,0,5.02,-20.0,1.4,4.9,Clear,31.3,0.48,2,72.57,4.48,0
SHP-104060,Toronto ON,Sudbury ON,MapleFreight Fleet,standard,Fragile,Bronze,9,609.2,399.7,0,0,9.26,6.0,4.9,5.1,Clear,97.7,0.63,2,215.88,9.12,0
SHP-101474,Winnipeg MB,Calgary AB,NorthStar Carriers,Standard,General Freight,Bronze,1,246.7,1063.3,4,0,6.67,-18.0,,3.1,Rain,50.9,0.432,1,129.37,6.5,0
SHP-104312,Calgary AB,Sudbury ON,MapleFreight Fleet,Standard,Bulk,Bronze,2,332.4,518.1,4,0,8.82,40.0,1.5,5.3,Clear,73.4,0.534,0,133.69,9.22,0
SHP-104036,Toronto ON,Montreal QC,QuebecExpress,Express,Fragile,Bronze,3,941.5,851.0,4,0,16.18,57.0,4.4,2.8,,50.7,0.506,0,127.09,24.65,1
SHP-105829,Mississauga ON,Ottawa ON,MapleFreight Fleet,Standard,Bulk,Silver,4,523.3,1671.3,4,0,10.05,47.0,3.3,2.6,,73.6,0.091,1,286.42,9.88,0
SHP-102857,Toronto ON,Hamilton ON,MapleFreight Fleet,Economy,Hazardous,Bronze,4,645.2,954.8,0,0,8.77,-10.0,9.6,8.9,Fog,44.9,0.375,0,99.26,9.19,0
SHP-103474,Montreal QC,Toronto ON,QuebecExpress,Standard,General Freight,Silver,6,252.2,447.1,0,1,3.22,24.0,0.9,2.4,Clear,55.0,0.33,4,210.45,3.38,0
SHP-102838,Montreal QC,Regina SK,NorthStar Carriers,Express,General Freight,Bronze,6,426.7,1313.0,3,0,10.17,34.0,7.9,1.2,Clear,64.0,0.295,0,177.46,9.72,0
SHP-101535,Toronto ON,Ottawa ON,NorthStar Carriers,Express,General Freight,Silver,7,413.1,1087.9,2,0,6.9,8.0,3.6,7.5,Storm,69.5,0.508,5,170.15,6.89,0
SHP-103659,Ottawa ON,Edmonton AB,MapleFreight Fleet,Economy,General Freight,Silver,7,281.5,851.0,1,0,5.13,19.0,19.6,0.9,Clear,71.2,0.468,2,217.48,5.39,0
SHP-105577,Mississauga ON,Regina SK,MapleFreight Fleet,Express,Bulk,Gold,12,156.2,1085.7,2,0,3.8,33.0,12.4,2.3,Clear,80.5,0.421,2,177.98,3.52,0
SHP-102042,Calgary AB,Winnipeg MB,QuebecExpress,Standard,Fragile,Bronze,6,311.4,2305.6,5,0,7.88,-2.0,11.3,10.1,Clear,64.8,0.391,2,178.03,6.98,0
SHP-102442,Toronto ON,Montreal QC,PrairieLine,Express,Fragile,Silver,5,636.9,2983.8,2,0,8.99,27.0,1.4,2.0,Clear,89.8,0.6,1,78.02,9.19,0
SHP-101175,Calgary AB,Quebec City QC,PrairieLine,Economy,General Freight,Gold,2,937.3,840.5,5,0,18.07,55.0,9.4,6.3,Snow,67.3,0.588,1,72.73,22.05,1
SHP-102107,Montreal QC,Edmonton AB,NorthStar Carriers,Economy,Refrigerated,Silver,7,572.2,489.8,2,0,8.37,-0.0,3.6,2.4,Fog,60.2,0.536,1,269.16,7.46,0
SHP-102336,Montreal QC,Sudbury ON,Contract Owner-Op,Standard,General Freight,Bronze,7,336.9,1036.4,0,0,3.72,-0.0,2.7,8.8,Snow,53.0,0.345,2,188.67,4.57,1
SHP-100826,Calgary AB,Quebec City QC,NorthStar Carriers,Express,General Freight,Bronze,6,1232.2,845.0,3,0,19.3,48.0,7.6,6.6,Clear,19.8,0.373,2,236.04,17.65,0
SHP-100222,Toronto ON,Edmonton AB,PrairieLine,Express,General Freight,Bronze,12,517.0,1286.1,5,0,9.08,29.0,7.5,3.1,Rain,48.2,0.333,2,150.55,8.09,0
SHP-104011,Winnipeg MB,Toronto ON,PrairieLine,Standard,Fragile,Gold,3,384.5,590.5,0,1,6.03,-18.0,3.0,2.4,Clear,78.2,0.421,0,62.14,5.88,0
SHP-101438,Mississauga ON,Montreal QC,Contract Owner-Op,Standard,Fragile,Bronze,5,726.1,1462.2,2,0,10.64,38.0,10.5,11.4,Clear,93.8,0.567,3,87.9,9.94,0
SHP-105756,Toronto ON,Montreal QC,QuebecExpress,Standard,Bulk,Silver,7,455.4,1170.1,2,0,5.95,4.0,13.3,5.0,Rain,32.1,0.505,0,,5.91,0
SHP-101154,London ON,Ottawa ON,MapleFreight Fleet,Economy,General Freight,Silver,8,580.7,2013.8,3,0,10.3,10.0,8.7,3.3,Clear,48.6,0.517,2,189.03,9.27,0
SHP-102630,Toronto ON,Calgary AB,MapleFreight Fleet,Economy,General Freight,Gold,11,476.7,185.5,1,0,7.97,9.0,16.5,4.3,Clear,46.6,0.501,1,131.54,7.27,0
SHP-103764,Toronto ON,Toronto ON,NorthStar Carriers,Standard,Hazardous,Silver,6,289.3,726.8,1,0,4.05,87.0,6.2,4.8,Clear,48.0,0.508,1,,3.99,0
SHP-100868,Montreal QC,Sudbury ON,Contract Owner-Op,Standard,Fragile,Gold,6,373.1,794.4,4,0,7.6,16.0,7.5,5.2,Snow,39.8,0.235,1,166.71,7.96,0
SHP-105428,Calgary AB,Calgary AB,MapleFreight Fleet,Standard,General Freight,Bronze,7,688.7,877.8,0,1,7.59,8.0,,14.6,Fog,63.9,0.491,0,167.65,6.77,0
SHP-102121,Montreal QC,Regina SK,QuebecExpress,Standard,Hazardous,Silver,7,981.0,951.2,1,0,15.4,-20.0,3.9,3.2,Clear,62.9,0.561,2,171.31,14.15,0
SHP-105681,Montreal QC,Montreal QC,QuebecExpress,Standard,General Freight,Silver,3,1170.5,1421.0,2,0,19.27,4.0,1.9,11.7,Rain,70.3,0.674,2,207.18,29.09,1
SHP-102363,Toronto ON,Calgary AB,MapleFreight Fleet,Standard,General Freight,Silver,11,1027.8,711.8,1,0,14.12,62.0,6.8,0.5,Clear,77.9,0.49,0,32.92,13.04,0
SHP-104043,Toronto ON,Quebec City QC,NorthStar Carriers,Economy,Bulk,Gold,6,749.2,954.3,2,0,9.07,-20.0,2.9,15.1,Rain,56.2,0.098,1,151.28,8.24,0
SHP-102404,London ON,Montreal QC,MapleFreight Fleet,Express,Fragile,Silver,3,736.1,699.0,2,0,10.52,28.0,5.2,4.5,Rain,54.4,0.487,2,204.69,11.14,0
SHP-105612,Toronto ON,Calgary AB,QuebecExpress,Economy,General Freight,Bronze,9,1001.0,1156.2,1,0,13.99,59.0,3.7,7.7,Clear,31.4,0.0,2,57.18,14.75,0
SHP-103277,Toronto ON,Ottawa ON,MapleFreight Fleet,economy,General Freight,Silver,6,414.3,2094.0,2,0,10.25,-20.0,5.1,1.6,Storm,73.2,0.357,0,234.63,11.73,1
SHP-105812,Ottawa ON,Edmonton AB,MapleFreight Fleet,Express,Hazardous,Bronze,12,906.1,1218.9,5,0,18.11,-3.0,3.9,10.3,Clear,,0.443,2,210.91,16.05,0
SHP-105686,Mississauga ON,Quebec City QC,NorthStar Carriers,Standard,Hazardous,Silver,7,1357.5,192.0,1,0,20.21,29.0,3.3,8.5,Rain,35.5,0.26,1,161.25,18.53,0
SHP-105005,Ottawa ON,Toronto ON,MapleFreight Fleet,express,Fragile,Silver,6,682.5,1049.5,2,0,10.81,5.0,8.4,4.3,Clear,20.6,0.387,2,148.67,10.1,0
SHP-104935,Montreal QC,Sudbury ON,MapleFreight Fleet,Standard,Fragile,Silver,3,600.4,137.6,3,0,10.23,52.0,3.7,3.3,Snow,26.5,0.396,4,130.26,15.2,1
SHP-101623,Calgary AB,Calgary AB,MapleFreight Fleet,Standard,Fragile,Gold,6,948.6,289.4,4,0,13.35,-20.0,2.3,2.3,Snow,42.8,0.267,1,,12.28,0
SHP-101127,Calgary AB,Ottawa ON,Contract Owner-Op,Express,General Freight,Silver,3,798.3,188.6,4,0,13.93,52.0,5.0,1.1,Clear,46.9,0.633,1,186.94,13.21,0
SHP-101740,Toronto ON,Winnipeg MB,MapleFreight Fleet,Standard,General Freight,Bronze,2,636.6,975.3,5,0,12.64,81.0,4.3,4.2,Clear,48.7,0.786,2,90.49,12.93,0
SHP-101135,London ON,Quebec City QC,Contract Owner-Op,Standard,Refrigerated,Silver,4,310.7,799.8,5,0,6.07,21.0,5.4,9.4,Rain,36.6,0.626,3,247.02,7.85,1
SHP-103833,Toronto ON,Regina SK,MapleFreight Fleet,Economy,General Freight,Silver,8,702.1,300.6,3,0,11.7,18.0,11.9,18.8,Rain,37.5,0.687,2,184.37,13.59,1
SHP-105999,Ottawa ON,Ottawa ON,NorthStar Carriers,Standard,Refrigerated,Bronze,6,659.6,784.8,3,0,10.75,52.0,0.6,4.0,Rain,45.6,0.184,2,126.76,10.25,0
SHP-102815,Toronto ON,Hamilton ON,QuebecExpress,Standard,General Freight,Silver,10,440.9,1185.5,1,0,4.91,46.0,7.5,6.7,Clear,40.4,0.525,1,145.99,4.73,0
SHP-103356,Winnipeg MB,Winnipeg MB,MapleFreight Fleet,Standard,General Freight,Bronze,7,675.5,508.1,5,0,13.31,18.0,4.3,5.0,Snow,50.6,0.419,0,220.63,12.89,0
SHP-104167,Mississauga ON,Ottawa ON,NorthStar Carriers,Standard,General Freight,Bronze,9,468.2,162.8,0,0,4.59,17.0,6.3,4.3,Fog,68.3,0.261,2,128.46,4.24,0
SHP-103636,Toronto ON,Sudbury ON,Contract Owner-Op,Standard,Hazardous,Silver,6,542.0,1260.7,3,0,9.96,81.0,8.6,0.7,Rain,46.2,0.237,1,200.51,10.35,0
SHP-104960,Toronto ON,Hamilton ON,NorthStar Carriers,Express,General Freight,Silver,2,895.3,386.1,4,0,14.27,14.0,0.3,7.1,Clear,46.5,0.653,1,210.55,13.72,0
SHP-102621,London ON,Quebec City QC,NorthStar Carriers,Express,Fragile,Silver,11,848.0,625.4,2,0,11.89,65.0,9.7,1.5,Snow,66.0,0.223,2,155.07,11.97,0
SHP-104641,Mississauga ON,Edmonton AB,PrairieLine,Express,Fragile,Bronze,5,422.1,240.8,2,0,7.72,5.0,11.0,7.9,Clear,57.2,0.193,0,142.21,7.77,0
SHP-102276,Ottawa ON,Hamilton ON,MapleFreight Fleet,Standard,General Freight,Gold,12,265.9,187.0,5,1,8.16,-7.0,8.3,5.7,Rain,43.8,0.779,0,203.51,8.61,0
SHP-100903,London ON,Montreal QC,MapleFreight Fleet,Economy,General Freight,Silver,12,851.5,483.0,2,0,16.28,-13.0,5.7,6.9,Snow,35.4,0.897,3,283.54,16.75,0
SHP-100491,Mississauga ON,Regina SK,MapleFreight Fleet,Express,General Freight,Silver,10,932.3,287.2,3,0,14.82,17.0,13.4,3.3,Clear,61.9,0.168,1,183.66,13.11,0
SHP-101383,Mississauga ON,Sudbury ON,PrairieLine,Standard,General Freight,Gold,11,528.5,984.1,0,0,5.16,12.0,19.9,6.1,Clear,52.0,0.434,0,153.91,4.83,0
SHP-102716,Mississauga ON,Ottawa ON,MapleFreight Fleet,Economy,Refrigerated,Silver,7,313.0,643.9,2,0,6.99,-5.0,11.7,5.6,Clear,84.3,0.363,0,206.48,6.74,0
SHP-100235,Toronto ON,Montreal QC,Contract Owner-Op,Economy,General Freight,Silver,3,386.0,652.6,0,0,5.33,4.0,3.7,6.2,Snow,34.6,0.569,1,176.8,5.04,0
SHP-100067,Mississauga ON,Calgary AB,QuebecExpress,Standard,General Freight,Silver,12,772.9,331.8,4,0,13.54,59.0,10.6,7.8,Clear,15.9,0.397,4,117.5,13.24,0
SHP-101510,Toronto ON,Montreal QC,MapleFreight Fleet,Economy,Refrigerated,Silver,1,649.1,869.9,4,0,12.71,-20.0,2.8,3.1,Clear,62.5,0.629,0,144.14,12.57,0
SHP-103428,London ON,Toronto ON,QuebecExpress,Economy,General Freight,Silver,1,145.6,604.3,0,0,1.0,31.0,1.9,7.0,Clear,71.3,0.267,1,236.67,0.98,0
SHP-100392,Calgary AB,Ottawa ON,QuebecExpress,Standard,General Freight,Silver,12,1116.8,2646.2,0,1,13.61,14.0,3.5,20.0,Rain,58.3,0.542,1,277.76,16.86,1
SHP-100632,Calgary AB,Winnipeg MB,Contract Owner-Op,Standard,General Freight,Bronze,2,464.9,1061.5,4,0,9.39,-12.0,6.9,2.0,Snow,52.0,0.651,3,178.98,9.9,0
SHP-101728,Toronto ON,Montreal QC,NorthStar Carriers,Express,General Freight,Gold,8,852.2,823.3,0,0,11.3,-20.0,1.5,1.7,Clear,42.5,0.621,2,232.09,10.67,0
SHP-101364,London ON,Sudbury ON,MapleFreight Fleet,Standard,Bulk,Bronze,8,1060.0,1518.0,2,1,17.25,-5.0,,3.4,Rain,43.6,0.282,0,207.86,17.79,0
SHP-104688,Mississauga ON,Regina SK,QuebecExpress,Economy,Bulk,Silver,12,768.5,827.3,2,0,13.56,30.0,4.0,13.4,Rain,39.9,0.287,0,199.04,13.43,0
SHP-101853,Ottawa ON,Quebec City QC,MapleFreight Fleet,Express,Fragile,Silver,7,251.1,709.1,3,0,4.41,5.0,6.9,4.3,Clear,51.6,0.435,0,180.06,4.44,0
SHP-102344,Mississauga ON,Hamilton ON,Contract Owner-Op,Economy,Fragile,Silver,7,509.6,792.9,0,0,4.91,70.0,5.5,2.9,Clear,61.9,0.72,2,153.73,5.14,0
SHP-104865,Ottawa ON,Ottawa ON,MapleFreight Fleet,Standard,Bulk,Silver,5,819.1,1340.6,0,1,13.69,39.0,9.8,7.5,Fog,41.7,0.578,0,187.07,12.66,0
SHP-103584,London ON,Regina SK,Contract Owner-Op,Standard,Bulk,Silver,7,732.5,643.0,4,0,13.35,71.0,5.3,6.1,Rain,72.2,0.439,3,168.36,12.1,0
SHP-100398,Toronto ON,Quebec City QC,NorthStar Carriers,Standard,Refrigerated,Bronze,9,697.4,792.5,5,0,14.36,-20.0,2.1,8.2,Clear,32.0,0.512,0,312.24,13.13,0
SHP-104901,Ottawa ON,Quebec City QC,PrairieLine,Express,Refrigerated,Gold,6,191.8,621.5,3,0,5.18,39.0,13.7,9.7,Rain,56.1,0.098,1,249.34,5.47,0
SHP-101640,Toronto ON,Hamilton ON,PrairieLine,Standard,Bulk,Silver,7,398.9,886.0,2,0,5.15,20.0,11.1,3.6,Clear,52.8,0.253,1,206.03,4.69,0
SHP-103549,Mississauga ON,Regina SK,NorthStar Carriers,Express,Refrigerated,Gold,12,790.9,341.7,2,0,11.36,-7.0,2.2,5.6,Clear,47.6,0.535,0,212.63,11.64,0
SHP-105030,Toronto ON,Edmonton AB,QuebecExpress,Standard,Fragile,Silver,9,138.9,1586.8,4,0,3.86,-20.0,5.4,14.6,,52.7,0.772,1,196.21,3.69,0
SHP-103810,Toronto ON,Sudbury ON,PrairieLine,Standard,General Freight,Silver,3,776.5,489.8,2,0,11.49,6.0,8.8,6.2,Clear,62.8,0.297,1,245.68,11.18,0
SHP-102217,Montreal QC,Sudbury ON,MapleFreight Fleet,Express,Bulk,Silver,9,607.8,572.4,1,0,7.02,-11.0,8.9,4.8,Snow,36.1,0.047,1,175.03,7.29,0
SHP-100617,Toronto ON,Regina SK,MapleFreight Fleet,Standard,Bulk,Silver,5,519.8,492.8,0,0,7.09,-3.0,4.5,1.7,Clear,55.1,0.546,2,312.18,6.66,0
SHP-103136,Winnipeg MB,Calgary AB,MapleFreight Fleet,Express,Hazardous,Bronze,3,211.8,316.7,0,0,3.89,57.0,3.5,13.4,Clear,68.3,0.622,0,201.61,3.62,0
SHP-103027,Mississauga ON,Edmonton AB,Contract Owner-Op,Standard,Refrigerated,Silver,1,770.3,663.7,4,0,14.45,38.0,4.0,3.4,Clear,62.8,0.236,0,170.71,21.24,1
SHP-102353,Toronto ON,Quebec City QC,NorthStar Carriers,Standard,Fragile,Bronze,3,840.0,478.0,1,0,11.64,19.0,14.3,7.9,Clear,53.8,0.353,0,197.83,11.7,0
SHP-101039,London ON,Edmonton AB,MapleFreight Fleet,Express,Bulk,Silver,6,402.0,423.9,0,0,5.72,8.0,1.6,2.0,Storm,38.9,0.407,0,226.45,5.36,0
SHP-103804,Montreal QC,Calgary AB,QuebecExpress,Express,General Freight,Bronze,6,713.6,622.2,2,0,12.01,19.0,4.1,3.7,Snow,45.6,0.702,0,222.08,17.93,1
SHP-100030,Montreal QC,Edmonton AB,MapleFreight Fleet,Standard,Hazardous,Bronze,3,1058.5,2143.8,5,0,19.06,48.0,1.8,7.8,Rain,65.2,0.796,5,38.66,23.2,1
SHP-103752,Toronto ON,Hamilton ON,MapleFreight Fleet,Standard,General Freight,Silver,3,586.4,2534.1,5,0,9.8,12.0,14.1,7.0,Rain,52.2,0.582,0,,9.1,0
SHP-105022,Calgary AB,Winnipeg MB,PrairieLine,Standard,Fragile,Silver,2,251.0,989.6,5,0,5.72,-20.0,1.2,12.8,Clear,45.0,0.477,2,116.01,5.79,0
SHP-105176,Toronto ON,Montreal QC,MapleFreight Fleet,Standard,Bulk,Silver,2,874.5,1116.1,1,1,12.87,1.0,4.3,1.8,Clear,50.3,0.697,1,70.25,12.81,0
SHP-101689,Montreal QC,Montreal QC,QuebecExpress,Express,General Freight,Silver,4,780.2,486.9,5,0,14.08,47.0,5.2,1.7,Clear,67.8,0.226,1,239.12,12.82,0
SHP-104130,Winnipeg MB,Calgary AB,QuebecExpress,Standard,Fragile,Silver,12,769.6,763.7,2,0,13.69,56.0,6.1,6.8,Storm,69.7,0.534,1,246.73,20.62,1
SHP-105727,Montreal QC,Toronto ON,MapleFreight Fleet,Economy,Fragile,Gold,8,721.4,1042.6,0,0,10.05,63.0,4.6,14.0,Clear,22.8,0.572,0,121.97,9.71,0
SHP-100122,Ottawa ON,Edmonton AB,MapleFreight Fleet,Standard,Hazardous,Silver,3,1031.9,425.5,4,1,18.38,-10.0,3.1,11.9,Clear,18.6,0.319,0,248.08,16.55,0
SHP-105441,Ottawa ON,Regina SK,NorthStar Carriers,Standard,General Freight,Silver,3,450.6,1599.3,1,0,6.78,-20.0,5.8,4.3,Clear,42.9,0.476,0,218.86,6.36,0
SHP-100204,Toronto ON,Edmonton AB,PrairieLine,Standard,General Freight,Silver,1,945.9,1849.9,0,1,12.73,37.0,6.3,2.8,Rain,85.0,0.351,3,251.83,17.13,1
SHP-102847,London ON,Regina SK,PrairieLine,Express,General Freight,Bronze,10,506.3,124.7,4,0,11.44,67.0,7.4,0.8,Storm,47.7,0.278,0,,13.33,1
SHP-102720,Calgary AB,Winnipeg MB,QuebecExpress,Standard,General Freight,Silver,4,244.3,628.0,2,0,4.78,22.0,,1.8,,78.9,0.222,0,349.81,4.63,0
SHP-104827,Montreal QC,Ottawa ON,NorthStar Carriers,Standard,General Freight,Silver,1,971.3,992.2,1,0,15.05,23.0,,3.1,Storm,73.6,0.428,2,162.12,18.63,1
SHP-103371,Montreal QC,Regina SK,NorthStar Carriers,Economy,General Freight,Silver,12,391.3,615.1,1,1,5.53,17.0,3.8,3.9,Clear,29.5,0.362,1,139.6,5.31,0
SHP-105219,Winnipeg MB,Montreal QC,MapleFreight Fleet,Economy,Hazardous,Gold,3,186.2,536.7,1,0,2.43,40.0,2.2,11.4,Clear,46.3,0.0,1,53.5,2.39,0
SHP-103806,Toronto ON,Toronto ON,Contract Owner-Op,Standard,Refrigerated,Silver,5,1334.3,564.3,0,0,18.0,-20.0,4.3,6.6,Clear,51.9,0.227,2,262.1,18.56,0
SHP-105548,Toronto ON,Toronto ON,PrairieLine,Economy,Bulk,Silver,12,959.3,299.2,3,1,16.15,23.0,1.6,4.7,Rain,19.4,0.243,2,83.04,25.32,1
SHP-101690,Calgary AB,Hamilton ON,QuebecExpress,Standard,Bulk,Silver,9,816.8,177.0,0,0,12.14,30.0,10.2,10.3,Rain,55.2,0.634,1,150.19,11.34,0
SHP-103287,Ottawa ON,Sudbury ON,MapleFreight Fleet,Express,General Freight,Bronze,10,1067.4,252.0,3,0,16.85,48.0,1.4,2.8,Clear,62.4,0.367,3,126.81,15.62,0
SHP-104454,Montreal QC,Ottawa ON,MapleFreight Fleet,Express,General Freight,Silver,5,133.7,267.8,2,0,2.22,32.0,0.4,4.8,Storm,63.2,0.4,0,248.99,2.15,0
SHP-102774,Ottawa ON,Montreal QC,MapleFreight Fleet,Standard,Fragile,Silver,9,1068.2,976.8,1,0,15.53,-20.0,7.4,4.9,Snow,55.9,0.0,1,181.8,14.99,0
SHP-103382,London ON,Calgary AB,NorthStar Carriers,Economy,Bulk,Gold,4,496.4,760.0,4,0,10.08,29.0,2.6,7.9,Rain,49.4,0.285,3,233.72,12.65,1
SHP-104801,London ON,Calgary AB,MapleFreight Fleet,Standard,General Freight,Silver,9,629.0,750.9,5,0,13.62,19.0,10.9,4.8,Clear,49.2,0.346,0,120.81,13.05,0
SHP-103311,Calgary AB,Montreal QC,Contract Owner-Op,Economy,General Freight,Bronze,4,517.2,473.2,4,0,11.36,60.0,5.6,5.6,Clear,70.5,0.363,0,184.38,14.09,1
SHP-102131,Montreal QC,Calgary AB,MapleFreight Fleet,Express,General Freight,Gold,1,155.2,1397.8,0,0,1.0,70.0,4.6,1.4,Snow,55.7,0.296,0,221.29,1.03,0
SHP-105304,Winnipeg MB,Toronto ON,NorthStar Carriers,Standard,Fragile,Bronze,4,324.1,991.7,3,0,8.18,28.0,0.4,11.0,Rain,35.0,0.375,2,,8.64,0
SHP-101496,Winnipeg MB,Winnipeg MB,MapleFreight Fleet,Economy,General Freight,Bronze,8,341.2,581.2,2,0,8.93,8.0,11.4,18.3,Snow,35.8,0.601,0,70.47,8.24,0
SHP-102521,Mississauga ON,Montreal QC,QuebecExpress,Standard,General Freight,Silver,5,389.2,985.1,4,1,8.79,6.0,1.8,4.9,Clear,49.5,0.608,1,121.74,8.84,0
SHP-100116,Winnipeg MB,Sudbury ON,NorthStar Carriers,Economy,Refrigerated,Silver,12,230.2,647.3,3,0,5.47,89.0,11.8,9.7,Rain,44.3,0.134,2,185.56,5.14,0
SHP-101119,London ON,Sudbury ON,MapleFreight Fleet,Standard,General Freight,Silver,10,567.1,392.8,3,0,10.05,-20.0,2.5,4.7,Fog,28.4,0.415,0,238.72,10.52,0
SHP-103171,Calgary AB,Sudbury ON,NorthStar Carriers,Economy,General Freight,Bronze,4,1010.1,1837.9,4,0,16.4,47.0,2.4,7.8,Snow,,0.344,1,179.07,16.73,0
SHP-102279,Winnipeg MB,Montreal QC,NorthStar Carriers,Standard,General Freight,Silver,5,247.4,606.8,5,1,6.8,8.0,9.1,7.6,Clear,24.5,0.165,0,167.39,6.83,0
SHP-104262,Toronto ON,Quebec City QC,Contract Owner-Op,Standard,General Freight,Gold,8,408.4,1472.7,1,0,7.03,40.0,1.4,4.3,Clear,75.6,0.221,0,288.35,7.11,0
SHP-102413,Calgary AB,Sudbury ON,NorthStar Carriers,Standard,General Freight,Bronze,5,530.6,831.2,0,0,4.74,-20.0,7.5,6.0,Clear,51.5,0.664,1,165.87,4.28,0
SHP-104450,Montreal QC,Ottawa ON,MapleFreight Fleet,Standard,General Freight,Silver,10,199.3,277.6,1,0,3.23,39.0,14.5,4.3,Rain,58.0,0.391,1,79.51,4.58,1
SHP-104666,Ottawa ON,Hamilton ON,NorthStar Carriers,Standard,Bulk,Gold,4,404.1,191.9,4,0,8.01,69.0,11.0,12.9,Storm,58.3,0.212,1,137.41,10.64,1
SHP-104297,Toronto ON,Winnipeg MB,PrairieLine,Express,General Freight,Silver,10,216.4,546.4,4,0,6.38,-0.0,3.9,9.5,Rain,27.7,0.224,0,212.23,6.05,0
SHP-100731,Toronto ON,Winnipeg MB,NorthStar Carriers,Standard,General Freight,Gold,1,962.3,421.4,5,0,15.65,19.0,2.9,6.4,Snow,34.5,0.753,1,127.06,21.14,1
SHP-101646,Ottawa ON,Montreal QC,QuebecExpress,Standard,Refrigerated,Gold,5,447.0,255.2,0,0,7.05,22.0,3.8,5.8,Snow,25.1,0.313,0,272.27,7.14,0
SHP-102120,Mississauga ON,Sudbury ON,NorthStar Carriers,Standard,Refrigerated,Gold,11,596.0,987.6,3,0,11.18,11.0,8.6,2.6,Rain,47.5,0.583,1,107.13,10.95,0
SHP-104624,Calgary AB,Hamilton ON,MapleFreight Fleet,Standard,General Freight,Silver,5,654.1,1368.2,4,0,11.13,69.0,6.4,3.7,Rain,80.5,0.255,0,106.34,10.0,0
SHP-105023,London ON,Calgary AB,QuebecExpress,express,Fragile,Silver,1,437.8,625.8,5,0,10.72,35.0,3.5,11.6,Rain,33.9,0.239,3,226.28,12.32,1
SHP-100891,Toronto ON,Toronto ON,MapleFreight Fleet,Express,Refrigerated,Silver,7,639.6,1227100.0,2,0,10.06,45.0,4.2,2.6,Storm,95.2,0.469,1,170.8,14.92,1
SHP-101424,Ottawa ON,Edmonton AB,QuebecExpress,Express,Fragile,Bronze,3,187.6,1155.7,1,0,3.0,72.0,3.2,7.7,Clear,52.5,0.357,0,149.5,2.66,0
SHP-102100,Toronto ON,Toronto ON,PrairieLine,Economy,Bulk,Silver,10,856.4,1287.9,5,0,15.2,-20.0,7.3,7.8,Clear,,0.621,2,194.6,21.15,1
SHP-103783,Toronto ON,Sudbury ON,NorthStar Carriers,Express,Refrigerated,Gold,8,314.0,326.5,2,0,3.95,25.0,13.5,2.5,Clear,23.7,0.547,0,92.77,3.66,0
SHP-103017,Mississauga ON,Hamilton ON,PrairieLine,Express,General Freight,Bronze,8,194.0,1246100.0,5,0,7.52,-20.0,6.0,5.2,Clear,35.1,0.726,1,207.77,6.89,0
SHP-101060,Winnipeg MB,Calgary AB,NorthStar Carriers,Standard,Fragile,Silver,3,549.3,230.9,1,0,9.42,13.0,12.0,6.8,Clear,36.9,0.351,0,134.19,9.9,0
SHP-101537,Montreal QC,Hamilton ON,PrairieLine,Standard,General Freight,Silver,12,756.3,1091.6,5,1,12.66,16.0,2.2,2.9,Clear,42.4,0.3,0,167.7,11.8,0
SHP-103610,Ottawa ON,Regina SK,NorthStar Carriers,Economy,General Freight,Silver,2,280.5,1677.4,3,0,6.48,45.0,6.2,4.5,Clear,36.7,0.31,2,280.22,6.43,0
SHP-104885,Winnipeg MB,Hamilton ON,Contract Owner-Op,Standard,General Freight,Gold,7,1560.3,790.0,4,0,23.91,-4.0,2.5,10.2,Rain,55.0,0.362,3,107.83,31.52,1
SHP-102476,Toronto ON,Montreal QC,QuebecExpress,standard,Hazardous,Silver,3,949.0,245.6,1,0,12.12,54.0,3.3,4.7,Storm,66.2,0.295,1,255.48,16.0,1
SHP-100501,Montreal QC,Toronto ON,QuebecExpress,Economy,General Freight,Silver,9,260.0,540.4,3,0,8.61,25.0,8.6,7.2,Rain,40.6,0.551,1,259.86,9.08,0
SHP-104421,Toronto ON,Ottawa ON,NorthStar Carriers,Standard,Hazardous,Silver,5,1154.9,1302.5,4,0,19.15,36.0,7.5,2.3,Clear,56.7,0.483,0,306.24,19.75,0
SHP-105561,Mississauga ON,Quebec City QC,NorthStar Carriers,Standard,Bulk,Silver,10,385.7,388.8,2,1,7.2,-12.0,12.9,1.5,Clear,49.1,0.494,0,221.49,7.52,0
SHP-103082,Montreal QC,Hamilton ON,Contract Owner-Op,Standard,General Freight,Bronze,6,1069.7,1076.4,1,0,14.76,120.0,7.7,6.6,Rain,76.1,0.577,2,162.68,20.57,1
SHP-102598,Toronto ON,Toronto ON,MapleFreight Fleet,Express,General Freight,Silver,8,706.5,469.5,1,0,11.0,70.0,2.0,2.6,Clear,76.0,0.056,2,95.58,11.46,0
SHP-104193,Montreal QC,Regina SK,NorthStar Carriers,Standard,Fragile,Gold,8,730.8,988.7,3,0,12.61,4.0,14.2,4.3,Clear,48.7,0.359,0,238.11,12.13,0
SHP-104162,Mississauga ON,Quebec City QC,PrairieLine,Economy,General Freight,Bronze,2,482.9,413.2,4,0,9.4,86.0,4.1,9.3,Snow,64.6,0.467,1,140.72,11.81,1
SHP-105154,Calgary AB,Regina SK,QuebecExpress,Express,Refrigerated,Silver,9,702.9,1747.4,4,0,12.51,-3.0,,5.2,Rain,77.0,0.545,0,272.79,11.9,0
SHP-103498,Toronto ON,Regina SK,NorthStar Carriers,Express,Refrigerated,Silver,12,336.2,578.8,0,0,4.5,-15.0,3.4,2.3,Rain,24.2,0.675,3,110.46,4.35,0
SHP-102364,London ON,Toronto ON,PrairieLine,Standard,Refrigerated,Silver,5,339.4,798.2,5,0,8.37,36.0,6.1,1.5,Snow,57.0,0.351,0,83.09,7.88,0
SHP-105549,Toronto ON,Edmonton AB,QuebecExpress,Economy,Hazardous,Bronze,6,254.3,1531.2,2,1,4.07,17.0,6.0,7.8,Clear,74.9,0.205,3,182.04,4.01,0
SHP-100014,Montreal QC,Sudbury ON,PrairieLine,Economy,Fragile,Gold,6,944.7,2440.1,4,0,17.71,5.0,7.2,2.7,Storm,61.7,0.112,3,197.68,17.18,0
SHP-105115,Ottawa ON,Regina SK,MapleFreight Fleet,Standard,Fragile,Bronze,8,1235.7,1349.2,0,0,18.3,47.0,1.0,10.4,Clear,26.6,0.318,0,146.8,16.73,0
SHP-102015,Toronto ON,Sudbury ON,MapleFreight Fleet,Standard,Refrigerated,Silver,9,313.7,1111.3,5,0,7.96,1.0,7.5,8.4,Snow,47.2,0.484,2,132.25,7.55,0
SHP-104826,Calgary AB,Regina SK,MapleFreight Fleet,Standard,Bulk,Gold,11,722.9,1536.3,1,0,11.47,-13.0,7.2,6.6,Clear,47.2,0.401,2,210.04,11.51,0
SHP-105654,Winnipeg MB,Calgary AB,MapleFreight Fleet,Express,Fragile,Bronze,8,697.7,789.8,5,0,14.26,25.0,2.8,4.1,Clear,48.0,0.677,0,197.34,14.63,0
SHP-104681,Ottawa ON,Winnipeg MB,NorthStar Carriers,Standard,General Freight,Silver,10,490.8,583.6,2,0,9.44,13.0,10.5,4.3,Clear,91.1,0.317,4,159.31,8.99,0
SHP-101522,Toronto ON,Winnipeg MB,MapleFreight Fleet,Economy,General Freight,Gold,7,533.8,1507.3,0,0,7.32,40.0,10.6,6.1,Clear,71.4,0.284,2,170.34,7.13,0
SHP-102946,Mississauga ON,Toronto ON,QuebecExpress,Standard,Fragile,Silver,8,855.7,484.6,2,0,13.45,21.0,2.9,7.7,Snow,57.1,0.091,1,126.81,14.17,0
SHP-104109,Calgary AB,Edmonton AB,NorthStar Carriers,Standard,General Freight,Bronze,8,737.4,1419.5,0,0,8.6,-20.0,4.2,6.5,Clear,46.2,0.564,3,181.98,8.54,0
SHP-105575,Montreal QC,Edmonton AB,MapleFreight Fleet,Standard,Refrigerated,Silver,8,407.0,713.6,2,1,8.76,12.0,10.5,2.5,Clear,47.8,0.788,0,111.94,8.75,0
SHP-102749,Toronto ON,Calgary AB,Contract Owner-Op,Standard,General Freight,Gold,10,1070.3,708.2,0,1,13.01,33.0,8.4,6.8,Clear,70.6,0.232,2,168.0,13.15,0
SHP-101722,Toronto ON,Montreal QC,QuebecExpress,Standard,General Freight,Gold,10,621.9,595.6,4,0,12.68,93.0,6.1,14.1,Clear,33.3,0.523,2,74.32,12.32,0
SHP-104906,Ottawa ON,Toronto ON,NorthStar Carriers,Economy,Fragile,Bronze,5,1339.8,1517.8,2,0,21.2,21.0,4.2,2.7,Clear,38.7,0.584,1,158.56,33.75,1
SHP-104524,Mississauga ON,Quebec City QC,Contract Owner-Op,Standard,General Freight,Silver,9,592.2,1024.4,5,0,11.6,-2.0,6.7,1.9,,30.4,0.516,2,174.75,11.5,0
SHP-103139,Toronto ON,Montreal QC,QuebecExpress,Standard,General Freight,Bronze,8,863.8,461.2,3,0,14.82,67.0,4.0,3.1,Rain,75.9,0.727,0,163.64,17.2,1
SHP-102950,London ON,Regina SK,MapleFreight Fleet,Economy,General Freight,Bronze,9,234.9,599.7,3,0,3.97,-6.0,1.9,2.5,Clear,46.4,0.613,1,145.42,3.96,0
SHP-100026,Montreal QC,Sudbury ON,Contract Owner-Op,Express,Bulk,Bronze,11,308.5,1111.4,0,0,5.93,3.0,4.0,8.8,Rain,63.2,0.702,2,193.46,6.13,0
SHP-104342,Calgary AB,Hamilton ON,MapleFreight Fleet,Express,Refrigerated,Bronze,1,671.9,870.3,0,0,8.7,21.0,6.0,8.2,Clear,90.0,0.679,2,202.64,7.68,0
SHP-102342,Toronto ON,Sudbury ON,MapleFreight Fleet,Standard,Fragile,Gold,3,497.2,856.0,3,0,8.57,19.0,6.8,3.3,Snow,50.8,0.323,0,238.48,7.65,0
SHP-101343,Montreal QC,Calgary AB,MapleFreight Fleet,Standard,General Freight,Gold,3,852.5,1204.4,1,1,12.2,60.0,3.7,5.7,Clear,46.7,0.433,1,222.63,12.53,0
SHP-104813,Montreal QC,Calgary AB,NorthStar Carriers,Standard,General Freight,Bronze,8,759.7,1286.2,5,1,14.58,-20.0,5.7,3.5,Clear,80.5,0.711,1,177.46,21.44,1
SHP-104416,Montreal QC,Ottawa ON,QuebecExpress,Standard,General Freight,Silver,8,351.9,776.3,2,0,7.14,48.0,1.8,7.1,Fog,56.4,0.123,3,174.04,6.68,0
SHP-103585,Ottawa ON,Regina SK,NorthStar Carriers,Standard,Bulk,Silver,5,334.3,722.4,4,0,8.2,-20.0,1.9,1.1,Clear,100.0,0.342,0,298.35,7.71,0
SHP-100937,London ON,Ottawa ON,PrairieLine,Standard,General Freight,Silver,7,1423.6,1103.5,4,0,23.36,20.0,5.2,3.1,Clear,42.8,0.291,0,128.24,22.2,0
SHP-103786,Ottawa ON,Sudbury ON,QuebecExpress,Standard,Bulk,Silver,6,504.8,2276.9,4,0,10.5,107.0,10.2,1.2,Clear,61.8,0.498,5,53.58,10.7,0
SHP-103485,Winnipeg MB,Hamilton ON,Contract Owner-Op,Standard,Refrigerated,Gold,7,737.9,1409.3,1,0,11.45,104.0,11.9,3.4,Clear,51.2,0.166,0,161.1,10.37,0
SHP-101648,Ottawa ON,Toronto ON,NorthStar Carriers,Standard,Refrigerated,Silver,7,572.4,1065.5,5,0,12.03,-20.0,11.7,1.2,Storm,33.0,0.386,0,261.87,18.61,1
SHP-102082,Montreal QC,Calgary AB,NorthStar Carriers,Express,Hazardous,Bronze,11,414.8,2792.6,3,0,8.64,-12.0,4.4,8.1,Snow,46.2,0.414,1,277.54,8.28,0
SHP-100929,Calgary AB,Montreal QC,NorthStar Carriers,Express,Fragile,Bronze,2,707.3,226.3,0,0,8.48,-12.0,4.1,4.7,Clear,52.5,0.3,1,140.52,7.73,0
SHP-105763,Calgary AB,Ottawa ON,NorthStar Carriers,Standard,Bulk,Bronze,8,807.2,803.4,0,0,11.02,73.0,3.1,10.0,,57.3,0.426,1,266.75,10.12,0
SHP-102451,Toronto ON,Hamilton ON,MapleFreight Fleet,Standard,General Freight,Silver,6,583.7,1475.1,1,0,9.07,38.0,10.1,4.4,Fog,66.8,0.543,1,256.42,8.97,0
SHP-103250,Mississauga ON,Hamilton ON,PrairieLine,Standard,Refrigerated,Bronze,12,731.9,1437.9,3,0,13.37,45.0,4.4,3.4,Rain,86.0,0.628,0,217.35,19.91,1
SHP-104098,Mississauga ON,Quebec City QC,MapleFreight Fleet,Express,Fragile,Gold,4,372.2,286.0,0,1,5.5,56.0,1.4,4.1,Rain,52.0,0.174,2,94.2,5.77,0
SHP-105031,Toronto ON,Sudbury ON,Contract Owner-Op,Express,General Freight,Gold,2,309.6,519.8,0,0,2.91,29.0,1.4,3.3,Clear,62.4,0.63,1,224.35,3.04,0
SHP-100999,London ON,Ottawa ON,NorthStar Carriers,Standard,Bulk,Silver,7,360.2,421.5,1,0,5.19,93.0,17.6,1.9,Rain,64.6,0.215,1,273.79,5.39,0
SHP-102835,London ON,Toronto ON,NorthStar Carriers,Express,Fragile,Silver,1,175.5,159.8,0,0,3.55,-6.0,3.7,12.5,Clear,65.2,0.644,3,145.34,3.23,0
SHP-102773,Montreal QC,Hamilton ON,PrairieLine,Economy,General Freight,Silver,5,441.1,2303.1,2,0,7.64,16.0,4.5,4.8,Clear,93.7,0.023,2,218.18,7.9,0
SHP-102368,Mississauga ON,Hamilton ON,QuebecExpress,Express,Hazardous,Gold,1,617.0,1462.5,0,0,6.35,-20.0,6.9,8.0,Rain,57.7,0.0,3,157.28,5.74,0
SHP-104296,Ottawa ON,Toronto ON,QuebecExpress,Express,Fragile,Silver,12,461.6,997.0,4,0,11.02,47.0,6.3,10.7,Snow,32.0,0.587,2,246.89,17.06,1
SHP-105318,Ottawa ON,Edmonton AB,NorthStar Carriers,Standard,General Freight,Silver,10,564.7,2017.2,2,0,11.66,10.0,6.5,10.6,Clear,67.1,0.313,2,245.23,11.14,0
SHP-101684,Toronto ON,Hamilton ON,MapleFreight Fleet,Economy,General Freight,Silver,11,952.7,2259.9,3,0,17.06,56.0,4.8,1.7,Snow,58.7,0.41,1,92.74,19.61,1
SHP-100191,Toronto ON,Hamilton ON,NorthStar Carriers,Standard,General Freight,Bronze,9,1411.5,1509.7,2,0,20.75,-15.0,5.4,4.8,Clear,39.0,0.431,0,200.77,19.87,0
SHP-105356,Toronto ON,Calgary AB,MapleFreight Fleet,Standard,Refrigerated,Gold,12,724.9,465.0,5,1,11.58,-20.0,3.9,5.6,Rain,54.9,0.446,1,140.67,11.07,0
SHP-100452,Ottawa ON,Sudbury ON,Contract Owner-Op,Express,Bulk,Silver,1,800.3,715.0,0,0,10.31,15.0,4.4,8.8,Rain,36.8,0.766,1,290.0,10.41,0
SHP-104549,Toronto ON,Hamilton ON,MapleFreight Fleet,Express,Hazardous,Gold,9,299.9,307.5,3,0,6.42,-20.0,9.2,6.7,Clear,41.0,0.536,2,248.61,5.97,0
SHP-104660,Toronto ON,Toronto ON,MapleFreight Fleet,Standard,Bulk,Silver,6,880.7,590.5,4,0,16.39,25.0,11.8,2.8,Rain,60.3,0.31,1,182.59,15.71,0
SHP-101559,Mississauga ON,Regina SK,NorthStar Carriers,Standard,Fragile,Silver,10,681.9,530.1,5,0,12.56,-20.0,5.2,6.9,Clear,57.5,0.522,0,269.87,19.26,1
SHP-101396,Toronto ON,Sudbury ON,MapleFreight Fleet,Express,General Freight,Gold,1,349.6,340.1,2,0,5.82,30.0,5.3,3.0,Rain,91.3,0.686,0,210.41,5.3,0
SHP-102675,Montreal QC,Regina SK,NorthStar Carriers,Standard,General Freight,Silver,3,348.0,2166.0,1,0,5.0,26.0,4.9,4.5,Fog,49.1,0.562,1,154.34,4.91,0
SHP-105980,Mississauga ON,Edmonton AB,QuebecExpress,Economy,Hazardous,Silver,8,618.2,2112.7,0,0,8.16,-20.0,3.8,4.2,Fog,48.8,0.845,0,,7.59,0
SHP-100077,London ON,Winnipeg MB,NorthStar Carriers,Standard,Bulk,Gold,7,412.2,772.0,5,0,10.05,11.0,0.9,2.4,Rain,51.3,0.491,2,30.0,10.49,0
SHP-102471,Mississauga ON,Ottawa ON,MapleFreight Fleet,Standard,Hazardous,Gold,2,550.5,1085.3,1,0,6.09,-19.0,9.5,3.4,Snow,53.2,0.365,1,189.44,5.58,0
SHP-103338,Mississauga ON,Sudbury ON,QuebecExpress,Express,General Freight,Bronze,8,475.3,517.7,1,0,7.56,-4.0,9.6,1.0,Clear,50.5,0.731,1,297.71,7.23,0
SHP-102965,Montreal QC,Quebec City QC,Contract Owner-Op,Standard,General Freight,Silver,5,516.6,976.0,5,0,10.6,74.0,2.8,4.4,Rain,49.6,0.52,1,153.97,14.44,1
SHP-103084,Montreal QC,Quebec City QC,QuebecExpress,Economy,Bulk,Bronze,11,484.7,300.2,2,0,7.51,-5.0,16.6,3.7,Rain,60.7,0.492,0,222.89,7.89,0
SHP-102903,Ottawa ON,Sudbury ON,NorthStar Carriers,Standard,Refrigerated,Bronze,4,465.3,1013.3,3,0,7.95,26.0,0.4,1.9,Clear,47.4,0.526,2,,10.7,1
SHP-104706,Montreal QC,Montreal QC,Contract Owner-Op,Express,General Freight,Bronze,3,258.1,1057.0,0,0,4.77,-19.0,14.6,3.2,Rain,52.5,0.408,1,233.04,4.83,0
SHP-102734,London ON,Regina SK,QuebecExpress,Standard,General Freight,Silver,1,282.7,123.2,2,0,3.61,31.0,1.8,7.7,Snow,36.8,0.495,0,236.9,3.71,0
SHP-103667,Ottawa ON,Hamilton ON,MapleFreight Fleet,Express,General Freight,Gold,4,433.1,1136.3,3,0,8.72,75.0,3.2,3.1,Snow,42.1,0.442,3,297.88,8.17,0
SHP-100051,Mississauga ON,Montreal QC,NorthStar Carriers,Economy,General Freight,Bronze,8,697.5,964.2,1,1,9.93,11.0,13.9,8.5,Storm,32.4,0.496,0,279.15,14.36,1
SHP-103126,London ON,Toronto ON,MapleFreight Fleet,Express,General Freight,Gold,2,266.7,810.8,1,0,3.95,-15.0,9.2,8.4,Storm,59.2,0.702,0,228.56,4.14,0
SHP-104254,London ON,Edmonton AB,Contract Owner-Op,Economy,General Freight,Bronze,8,872.7,159.5,3,0,15.51,12.0,4.4,4.9,Rain,36.2,0.456,1,110.15,19.69,1
SHP-100245,Toronto ON,Calgary AB,PrairieLine,Express,Fragile,Silver,1,197.7,1290.2,0,0,3.4,26.0,12.0,10.8,Clear,,0.533,2,133.14,3.19,0
SHP-102564,Toronto ON,Toronto ON,PrairieLine,Economy,General Freight,Silver,11,1622.3,182.3,2,0,21.97,-6.0,9.7,4.7,Snow,56.2,0.492,2,200.77,25.7,1
SHP-101666,Montreal QC,Quebec City QC,QuebecExpress,Express,General Freight,Bronze,7,540.1,866.1,0,0,7.24,70.0,4.4,11.0,Clear,33.4,0.836,1,233.79,7.44,0
SHP-105294,Toronto ON,Hamilton ON,PrairieLine,Express,General Freight,Bronze,11,303.0,1420.8,4,1,6.82,9.0,4.4,9.4,Rain,39.1,0.545,1,263.09,6.23,0
SHP-101133,Montreal QC,Quebec City QC,PrairieLine,Economy,Bulk,Gold,8,1323.5,925.8,4,0,21.07,-20.0,6.8,4.2,Clear,48.3,0.38,2,179.92,22.04,0
SHP-100775,Toronto ON,Hamilton ON,QuebecExpress,Economy,General Freight,Bronze,8,389.7,445.9,4,0,8.3,-1.0,2.9,6.8,Rain,61.4,0.245,4,203.39,12.13,1
SHP-103655,Toronto ON,Toronto ON,PrairieLine,Standard,Hazardous,Gold,9,607.0,873.5,3,0,11.35,56.0,2.5,5.4,Snow,36.9,0.325,0,202.28,11.15,0
SHP-100297,London ON,Regina SK,MapleFreight Fleet,Express,General Freight,Silver,9,457.6,975.9,2,0,8.33,15.0,2.7,5.5,Snow,73.4,0.638,1,178.8,7.76,0
SHP-100063,Ottawa ON,Quebec City QC,MapleFreight Fleet,Standard,Hazardous,Bronze,6,1255.7,844.8,4,0,20.32,48.0,4.3,11.4,Clear,41.9,0.338,1,211.74,20.18,0
SHP-102033,Toronto ON,Hamilton ON,NorthStar Carriers,Express,General Freight,Silver,2,976.3,1026.1,0,0,14.89,70.0,18.4,5.3,Snow,76.5,0.469,1,200.25,22.21,1
SHP-101599,Toronto ON,Montreal QC,QuebecExpress,Standard,General Freight,Bronze,8,475.1,1591.9,5,0,10.05,47.0,9.7,1.4,Clear,62.7,0.091,1,127.06,12.5,1
SHP-102566,Toronto ON,Sudbury ON,Contract Owner-Op,Standard,Refrigerated,Bronze,7,484.1,1656.2,4,0,10.62,-10.0,8.7,4.2,Rain,74.8,0.351,1,131.5,10.73,0
SHP-100341,Mississauga ON,Ottawa ON,PrairieLine,Standard,General Freight,Bronze,7,707.8,368.0,5,0,13.12,-20.0,7.4,4.2,Fog,49.5,0.431,0,80.8,18.83,1
SHP-100147,Toronto ON,Montreal QC,MapleFreight Fleet,Standard,General Freight,Gold,7,785.6,435.8,5,0,14.12,15.0,5.8,3.4,Clear,64.1,0.0,2,162.82,12.84,0
SHP-105883,Montreal QC,Hamilton ON,MapleFreight Fleet,Express,General Freight,Bronze,12,457.9,329.2,0,0,6.07,39.0,13.0,3.2,Rain,53.6,0.199,3,157.8,5.96,0
SHP-104792,Winnipeg MB,Edmonton AB,NorthStar Carriers,Standard,Refrigerated,Bronze,6,300.6,1222.7,4,0,7.71,31.0,2.3,1.0,Rain,64.4,0.766,0,165.93,7.16,0
SHP-102602,Mississauga ON,Sudbury ON,QuebecExpress,Standard,General Freight,Bronze,9,805.0,143.9,0,0,12.22,61.0,32.1,2.3,Clear,57.4,0.568,2,217.04,12.39,0
SHP-102008,Ottawa ON,Calgary AB,MapleFreight Fleet,Standard,General Freight,Gold,10,554.4,1908.8,0,0,9.2,34.0,8.5,12.8,Clear,47.2,0.189,0,141.27,8.87,0
SHP-102831,Toronto ON,Regina SK,MapleFreight Fleet,Economy,Refrigerated,Silver,3,527.4,636.3,0,0,7.82,-20.0,6.9,4.9,Rain,59.3,0.807,1,180.51,7.22,0
SHP-105653,Toronto ON,Sudbury ON,Contract Owner-Op,Express,Hazardous,Silver,1,482.3,527.4,3,0,7.38,23.0,15.6,1.9,Snow,50.3,0.567,1,166.59,7.81,0
SHP-102880,Calgary AB,Sudbury ON,NorthStar Carriers,Express,General Freight,Bronze,9,1447.9,188.5,3,0,23.27,-20.0,8.1,1.4,Clear,24.2,0.416,3,231.11,24.31,0
SHP-104388,Mississauga ON,Edmonton AB,NorthStar Carriers,Express,General Freight,Bronze,7,176.2,489.4,1,0,2.02,9.0,21.7,3.6,Snow,67.5,0.481,0,257.81,2.13,0
SHP-103869,Montreal QC,Winnipeg MB,PrairieLine,Standard,Refrigerated,Bronze,10,413.3,801.0,1,0,6.2,46.0,3.1,0.3,Storm,51.2,0.539,2,184.48,5.77,0
SHP-100207,Calgary AB,Hamilton ON,PrairieLine,Standard,General Freight,Bronze,11,313.6,105.2,3,0,7.13,30.0,8.5,7.0,Fog,61.8,0.198,0,174.3,7.38,0
SHP-101230,Calgary AB,Montreal QC,MapleFreight Fleet,Standard,General Freight,Bronze,8,591.1,451.5,2,0,10.2,-4.0,6.3,4.7,Snow,70.0,0.501,0,212.71,8.98,0
SHP-101153,Montreal QC,Quebec City QC,MapleFreight Fleet,Standard,Bulk,Silver,2,338.1,302.2,1,0,6.81,27.0,8.3,4.4,Clear,,0.916,2,154.29,7.07,0
SHP-103361,Ottawa ON,Sudbury ON,QuebecExpress,Economy,Refrigerated,Gold,10,740.7,1620.5,0,0,9.97,-20.0,2.9,4.3,Clear,46.6,0.174,1,191.74,9.03,0
SHP-105327,Mississauga ON,Edmonton AB,NorthStar Carriers,Standard,Hazardous,Bronze,2,542.2,566.5,5,0,12.86,-9.0,10.0,2.3,Rain,64.6,0.232,0,133.03,12.14,0
SHP-103438,Ottawa ON,Hamilton ON,NorthStar Carriers,Express,Fragile,Bronze,2,1435.1,287.4,3,0,22.06,21.0,2.8,4.9,Clear,45.3,0.565,1,190.01,28.16,1
SHP-101838,Toronto ON,Hamilton ON,QuebecExpress,Standard,Fragile,Silver,5,1034.2,715.0,1,0,14.32,-20.0,5.6,7.5,Clear,59.9,0.553,0,208.97,13.87,0
SHP-105706,Winnipeg MB,Edmonton AB,MapleFreight Fleet,Economy,Fragile,Bronze,9,578.5,597.2,1,0,7.78,116.0,2.3,6.6,Rain,23.5,0.694,1,204.17,7.21,0
SHP-100912,Calgary AB,Calgary AB,MapleFreight Fleet,Standard,General Freight,Gold,2,833.7,1262.9,5,0,13.43,-20.0,,16.0,Fog,85.3,0.532,3,129.95,13.4,0
SHP-105761,Mississauga ON,Montreal QC,NorthStar Carriers,Standard,Refrigerated,Bronze,6,303.7,68.9,4,0,7.92,31.0,8.0,2.5,Clear,43.0,0.723,1,235.19,11.98,1
SHP-103134,Toronto ON,Ottawa ON,NorthStar Carriers,Express,Bulk,Bronze,3,1560.7,1064.0,4,0,25.85,50.0,3.4,8.4,,69.8,0.825,0,165.16,34.0,1
SHP-102139,Ottawa ON,Calgary AB,MapleFreight Fleet,Economy,Fragile,Gold,3,404.6,90.3,5,0,9.48,80.0,0.9,1.5,Rain,96.6,0.576,1,245.61,14.17,1
SHP-104359,Winnipeg MB,Hamilton ON,QuebecExpress,Express,General Freight,Silver,2,874.2,726.6,0,0,12.21,-20.0,1.7,3.7,Rain,17.3,0.479,0,134.87,12.43,0
SHP-102178,Ottawa ON,Regina SK,MapleFreight Fleet,Express,General Freight,Bronze,11,122.1,317.4,2,0,4.08,26.0,10.2,1.4,Rain,54.0,0.706,2,150.55,4.23,0
SHP-101143,Ottawa ON,Hamilton ON,MapleFreight Fleet,Standard,Fragile,Bronze,7,1287.1,1574.6,3,0,17.26,69.0,5.9,1.0,Clear,15.1,0.384,0,,16.12,0
SHP-105694,Mississauga ON,Winnipeg MB,MapleFreight Fleet,Express,Refrigerated,Gold,5,361.1,370.4,3,0,5.17,8.0,8.7,1.4,Clear,44.1,0.541,1,191.81,5.31,0
SHP-102940,Montreal QC,Winnipeg MB,QuebecExpress,economy,Hazardous,Silver,8,526.5,1342.8,4,0,9.01,7.0,10.9,6.3,Clear,76.2,0.648,1,69.66,8.44,0
SHP-101828,London ON,Quebec City QC,Contract Owner-Op,Express,General Freight,Bronze,3,1437.9,400.8,4,0,21.39,-20.0,2.6,7.4,Storm,40.1,0.268,0,208.65,22.15,0
SHP-100379,Montreal QC,Montreal QC,Contract Owner-Op,Standard,Refrigerated,Silver,1,449.6,681.9,1,0,5.9,-8.0,12.5,5.4,Clear,71.3,0.809,0,124.13,5.29,0
SHP-103106,Ottawa ON,Winnipeg MB,QuebecExpress,Standard,Bulk,Bronze,5,1292.4,224.0,5,0,20.6,56.0,2.8,4.9,Clear,29.0,0.462,0,244.33,18.91,0
SHP-105493,Montreal QC,Calgary AB,QuebecExpress,Express,Bulk,Gold,4,322.0,1218.3,2,0,5.61,26.0,6.7,4.1,Rain,36.4,0.366,1,52.59,5.44,0
SHP-105991,Montreal QC,Toronto ON,MapleFreight Fleet,Standard,General Freight,Silver,4,723.0,508.2,3,0,11.77,-20.0,7.1,5.1,Clear,54.3,0.748,1,202.94,10.75,0
SHP-101106,Calgary AB,Hamilton ON,NorthStar Carriers,Standard,Fragile,Bronze,4,828.4,1078.2,1,0,11.49,80.0,,3.8,Storm,54.8,0.233,4,237.68,11.65,0
SHP-105265,Toronto ON,Montreal QC,MapleFreight Fleet,Economy,General Freight,Bronze,12,369.4,663.7,0,0,6.11,-20.0,2.2,1.4,Rain,50.3,0.492,1,249.1,5.97,0
SHP-105116,Montreal QC,Toronto ON,MapleFreight Fleet,Express,Fragile,Bronze,1,586.4,708.1,4,0,11.04,74.0,6.1,2.4,Rain,82.4,0.356,2,152.56,14.0,1
SHP-103829,Montreal QC,Ottawa ON,NorthStar Carriers,Standard,Hazardous,Bronze,7,259.1,1064.2,4,0,5.83,34.0,3.4,3.1,Fog,34.4,0.258,1,91.22,5.3,0
SHP-100540,Montreal QC,Calgary AB,NorthStar Carriers,Standard,General Freight,Bronze,9,489.4,412.2,0,0,6.49,42.0,5.0,4.7,Clear,29.4,0.577,2,158.54,5.78,0
SHP-104740,Toronto ON,Hamilton ON,MapleFreight Fleet,Economy,Fragile,Silver,9,1241.0,1526.9,5,0,20.35,56.0,6.2,2.5,Clear,40.0,0.216,0,93.15,18.02,0
SHP-100529,Mississauga ON,Ottawa ON,MapleFreight Fleet,Economy,Fragile,Silver,5,359.7,702.1,0,0,4.66,13.0,2.5,3.0,Clear,53.0,0.48,0,267.29,4.48,0
SHP-100495,Ottawa ON,Montreal QC,PrairieLine,Standard,Refrigerated,Silver,11,396.9,336.7,1,0,7.43,49.0,10.5,2.7,Snow,61.7,0.137,0,140.57,6.87,0
SHP-101829,Mississauga ON,Calgary AB,NorthStar Carriers,Standard,Refrigerated,Gold,6,732.3,301.2,5,0,13.87,4.0,4.0,1.1,Rain,71.1,0.538,2,175.76,12.58,0
SHP-102670,Toronto ON,Calgary AB,PrairieLine,Express,General Freight,Silver,3,413.8,1081.8,1,1,7.62,35.0,7.1,1.7,Rain,76.7,0.614,0,199.08,6.85,0
SHP-102584,Calgary AB,Calgary AB,MapleFreight Fleet,Express,General Freight,Silver,12,507.3,1129.8,2,0,10.37,101.0,6.1,4.9,Clear,79.6,0.342,2,195.07,9.82,0
SHP-102918,Calgary AB,Calgary AB,MapleFreight Fleet,Standard,General Freight,Silver,8,391.6,1425.0,4,1,4.48,16.0,0.9,1.2,Clear,68.3,0.516,0,204.5,4.09,0
SHP-105429,Toronto ON,Winnipeg MB,NorthStar Carriers,Standard,General Freight,Gold,2,960.1,534.1,3,1,13.87,-8.0,9.5,7.0,Fog,50.0,0.122,0,179.2,13.04,0
SHP-100434,Montreal QC,Toronto ON,MapleFreight Fleet,Standard,General Freight,Gold,2,399.5,1451.6,5,0,8.33,-10.0,17.2,5.3,Fog,36.7,0.411,2,241.25,13.1,1
SHP-102661,Mississauga ON,Edmonton AB,MapleFreight Fleet,Standard,Fragile,Bronze,1,719.8,852.6,5,0,11.91,-20.0,7.5,10.0,Rain,80.4,0.365,3,198.3,11.25,0
SHP-101942,Winnipeg MB,Montreal QC,Contract Owner-Op,Economy,Hazardous,Silver,10,434.2,1614.2,2,0,8.1,-20.0,9.4,1.9,Rain,59.1,0.373,0,73.29,8.58,0
SHP-100295,Winnipeg MB,Calgary AB,MapleFreight Fleet,Standard,General Freight,Gold,3,891.2,768.4,5,0,15.33,-9.0,6.4,7.1,Clear,73.5,0.482,0,136.3,13.59,0
SHP-100399,Calgary AB,Ottawa ON,Contract Owner-Op,Standard,Fragile,Bronze,3,948.4,537.8,2,0,15.02,9.0,5.2,1.9,Clear,34.2,0.62,4,199.9,15.19,0
SHP-103514,Toronto ON,Winnipeg MB,Contract Owner-Op,Standard,General Freight,Bronze,6,748.0,348.8,4,0,12.92,47.0,7.5,4.0,Clear,42.2,0.325,1,142.71,16.83,1
SHP-103200,Montreal QC,Montreal QC,NorthStar Carriers,Economy,General Freight,Bronze,10,525.9,991.0,3,0,9.5,19.0,11.8,8.5,Storm,51.9,0.753,1,163.83,8.37,0
SHP-100158,Mississauga ON,Hamilton ON,MapleFreight Fleet,Standard,General Freight,Silver,5,886.9,597.6,2,0,16.07,-9.0,10.2,12.3,,41.2,0.649,1,165.24,16.93,0
SHP-100646,Winnipeg MB,Hamilton ON,MapleFreight Fleet,Economy,General Freight,Bronze,5,656.0,427.3,2,0,11.83,1.0,8.6,14.4,Rain,66.5,0.283,2,135.69,12.25,0
SHP-104007,Mississauga ON,Sudbury ON,PrairieLine,Express,Hazardous,Gold,6,268.0,3430.7,5,0,7.79,-20.0,16.3,6.9,Rain,42.6,0.248,1,184.54,7.42,0
SHP-105956,Ottawa ON,Montreal QC,PrairieLine,Standard,Hazardous,Gold,3,321.4,258.7,0,0,6.9,39.0,4.4,4.0,Snow,60.7,0.291,0,182.34,6.48,0
SHP-105284,Toronto ON,Sudbury ON,MapleFreight Fleet,Standard,Bulk,Silver,2,683.0,498.4,4,0,12.5,-10.0,6.8,2.7,Clear,42.9,0.365,4,255.31,13.12,0
SHP-105349,Toronto ON,Calgary AB,MapleFreight Fleet,Standard,Fragile,Bronze,12,400.7,481.3,0,0,5.0,34.0,1.1,1.1,Clear,54.2,0.134,1,218.85,4.9,0
SHP-102054,Toronto ON,Winnipeg MB,NorthStar Carriers,standard,General Freight,Silver,5,432.0,434.3,1,0,7.22,42.0,14.1,2.0,Clear,13.2,0.623,1,100.77,6.7,0
SHP-101921,Montreal QC,Quebec City QC,MapleFreight Fleet,Standard,Fragile,Silver,10,1201.3,1264.5,0,0,18.29,-8.0,2.5,4.7,Clear,86.0,0.109,2,290.24,18.93,0
SHP-102652,London ON,Toronto ON,NorthStar Carriers,Express,Bulk,Silver,5,585.2,1371.7,5,0,10.31,-20.0,6.5,3.6,Snow,45.4,0.0,4,106.14,9.64,0
SHP-104951,Calgary AB,Sudbury ON,MapleFreight Fleet,Standard,General Freight,Silver,1,292.3,1493.2,1,0,8.03,41.0,3.8,7.9,Rain,57.2,0.555,0,92.01,9.96,1
SHP-103678,Mississauga ON,Edmonton AB,QuebecExpress,Economy,Fragile,Gold,11,239.5,456.7,3,0,7.25,26.0,2.3,2.7,Rain,79.9,0.347,3,204.49,7.02,0
SHP-100742,London ON,Sudbury ON,MapleFreight Fleet,Economy,General Freight,Bronze,11,236.1,889.3,2,0,4.91,28.0,7.1,1.5,Snow,38.0,0.182,3,,4.66,0
SHP-101007,Mississauga ON,Regina SK,MapleFreight Fleet,Standard,Refrigerated,Bronze,5,386.5,842.5,0,0,4.98,4.0,5.3,5.1,Clear,81.0,0.242,1,242.14,4.75,0
SHP-101136,Toronto ON,Winnipeg MB,Contract Owner-Op,Express,General Freight,Gold,1,511.0,1015.1,1,0,8.45,-20.0,3.1,5.2,Rain,66.2,0.462,2,144.38,7.98,0
SHP-105974,Montreal QC,Ottawa ON,QuebecExpress,Standard,General Freight,Gold,6,253.1,1107.0,5,1,6.74,6.0,12.7,3.2,Clear,54.1,0.288,1,362.34,7.03,0
SHP-104015,Mississauga ON,Montreal QC,MapleFreight Fleet,Express,Refrigerated,Bronze,2,716.9,450.8,2,0,12.18,-20.0,4.1,9.0,Clear,69.2,0.607,0,161.84,12.35,0
SHP-104762,Winnipeg MB,Edmonton AB,NorthStar Carriers,Economy,General Freight,Silver,9,184.8,412.4,3,0,2.55,15.0,8.0,7.9,Clear,73.3,0.341,2,236.99,3.12,1
SHP-105783,Toronto ON,Quebec City QC,PrairieLine,Economy,Refrigerated,Gold,7,577.3,674.2,5,0,12.03,44.0,5.4,9.6,Clear,9.3,0.438,2,,11.14,0
SHP-101579,London ON,Quebec City QC,QuebecExpress,Standard,Hazardous,Silver,4,555.5,184.9,3,0,8.25,46.0,6.2,9.2,Snow,86.2,0.679,3,259.54,13.18,1
SHP-103064,Toronto ON,Edmonton AB,MapleFreight Fleet,Standard,General Freight,Bronze,3,966.6,2339.9,0,0,13.92,17.0,12.6,6.5,Rain,62.7,0.575,1,125.08,14.46,0
SHP-100966,Montreal QC,Quebec City QC,MapleFreight Fleet,Standard,General Freight,Silver,12,417.3,1406.1,4,0,8.99,27.0,4.7,1.9,Clear,87.1,0.568,1,137.4,8.61,0
SHP-105487,Mississauga ON,Winnipeg MB,PrairieLine,Express,Refrigerated,Silver,3,465.1,1547.8,0,0,5.43,45.0,3.1,6.3,Rain,82.4,0.446,1,172.74,5.48,0
SHP-105576,Montreal QC,Quebec City QC,QuebecExpress,Express,Hazardous,Gold,9,908.3,1987.0,5,0,15.34,58.0,8.8,5.0,Clear,48.3,0.0,0,228.88,14.55,0
SHP-101079,Mississauga ON,Winnipeg MB,PrairieLine,Economy,Refrigerated,Silver,9,545.9,615.6,5,0,12.07,-20.0,14.9,8.4,Clear,38.7,0.141,1,144.23,10.69,0
SHP-100334,Toronto ON,Regina SK,MapleFreight Fleet,Express,General Freight,Bronze,8,448.5,335.7,4,0,8.77,5.0,9.6,4.9,Rain,69.8,0.364,3,211.45,9.07,0
SHP-104817,Calgary AB,Calgary AB,MapleFreight Fleet,Standard,Fragile,Bronze,7,623.8,1375.2,2,0,8.12,17.0,12.3,7.6,Storm,65.1,0.622,1,179.48,7.22,0
SHP-104967,Mississauga ON,Toronto ON,QuebecExpress,Standard,Hazardous,Gold,12,658.9,1147.6,2,1,12.43,79.0,7.7,2.8,Clear,23.1,0.35,4,,11.2,0
SHP-105193,Winnipeg MB,Winnipeg MB,Contract Owner-Op,Standard,Bulk,Silver,3,500.0,1910.4,1,0,7.45,48.0,5.8,6.6,Clear,49.5,0.56,5,230.67,7.59,0
SHP-103368,Ottawa ON,Calgary AB,PrairieLine,Standard,Hazardous,Bronze,6,991.7,385.1,5,0,18.07,32.0,4.6,2.9,Storm,33.2,0.832,1,235.72,22.21,1
SHP-100923,Montreal QC,Regina SK,NorthStar Carriers,Standard,Fragile,Silver,6,270.6,733.0,5,0,7.57,-7.0,2.4,3.6,Snow,51.2,0.034,2,108.08,7.22,0
SHP-100403,Toronto ON,Montreal QC,MapleFreight Fleet,Economy,Fragile,Bronze,6,610.2,585.2,2,0,11.15,22.0,2.9,8.8,Rain,71.4,0.489,2,177.85,15.04,1
SHP-101252,Toronto ON,Hamilton ON,PrairieLine,Economy,Hazardous,Bronze,8,262.7,2117.0,5,0,8.4,68.0,2.2,0.4,Snow,59.4,0.564,0,157.92,8.07,0
SHP-104940,Winnipeg MB,Sudbury ON,MapleFreight Fleet,Economy,General Freight,Bronze,10,614.1,1168.8,4,0,11.87,34.0,8.3,12.4,Rain,63.2,0.37,3,128.46,13.43,1
SHP-103379,Winnipeg MB,Calgary AB,MapleFreight Fleet,Express,General Freight,Bronze,5,905.7,618.4,1,0,13.78,95.0,4.8,12.8,Snow,41.1,0.423,1,297.43,13.95,0
SHP-100408,Calgary AB,Hamilton ON,NorthStar Carriers,Express,Fragile,Bronze,11,962.5,970.7,3,0,16.76,19.0,1.8,2.0,Clear,66.3,0.548,0,129.73,15.72,0
SHP-101297,Ottawa ON,Calgary AB,PrairieLine,Economy,General Freight,Silver,7,380.9,542.9,2,0,4.26,20.0,5.2,3.8,Clear,57.9,0.333,2,149.29,4.25,0
SHP-105591,Winnipeg MB,Edmonton AB,NorthStar Carriers,Standard,General Freight,Silver,11,474.6,1634.3,0,0,7.8,18.0,12.2,1.2,Rain,,0.196,1,163.85,7.18,0
SHP-101260,London ON,Hamilton ON,MapleFreight Fleet,Standard,Refrigerated,Bronze,1,440.5,246.3,2,0,5.82,55.0,11.4,1.4,Clear,38.4,0.726,1,136.94,5.99,0
SHP-102365,Winnipeg MB,Winnipeg MB,NorthStar Carriers,Standard,Hazardous,Bronze,8,948.4,156.8,2,0,15.09,-20.0,1.8,4.9,Clear,38.7,0.0,0,,15.0,0
SHP-101103,Mississauga ON,Winnipeg MB,MapleFreight Fleet,Standard,Fragile,Gold,8,882.7,69.2,3,0,14.96,-20.0,2.2,7.7,Fog,59.6,0.338,3,247.05,14.37,0
SHP-101908,Winnipeg MB,Ottawa ON,MapleFreight Fleet,Standard,Fragile,Silver,2,1070.7,738.0,5,0,19.66,-20.0,16.6,5.4,Snow,54.4,0.088,2,126.85,18.83,0
SHP-103380,Winnipeg MB,Winnipeg MB,MapleFreight Fleet,Express,Bulk,Silver,10,663.0,372.3,1,0,9.51,2.0,25.0,12.1,Clear,76.1,0.606,1,211.43,9.11,0
SHP-103881,Toronto ON,Edmonton AB,NorthStar Carriers,Standard,General Freight,Silver,11,1947.9,938.2,1,0,29.12,40.0,4.2,7.1,Rain,46.7,0.556,3,137.03,34.16,1
SHP-101017,Montreal QC,Sudbury ON,Contract Owner-Op,Express,General Freight,Gold,1,1361.9,1441.4,3,0,21.07,42.0,8.1,11.8,Clear,52.8,0.452,5,176.05,29.46,1
SHP-100616,Winnipeg MB,Edmonton AB,MapleFreight Fleet,Standard,Fragile,Silver,5,268.0,277.3,4,0,6.73,56.0,0.8,8.6,Clear,62.4,0.409,3,202.78,6.81,0
SHP-100314,Winnipeg MB,Montreal QC,MapleFreight Fleet,Standard,Fragile,Bronze,12,487.3,532.2,1,0,7.48,-20.0,7.7,2.1,Snow,11.3,0.066,0,184.64,6.81,0
SHP-102302,Toronto ON,Edmonton AB,MapleFreight Fleet,Standard,Bulk,Gold,2,1018.8,644.2,4,0,17.73,20.0,8.3,2.3,Snow,56.5,0.667,0,261.02,20.79,1
SHP-100680,Calgary AB,Quebec City QC,MapleFreight Fleet,Standard,General Freight,Bronze,3,665.7,466.5,1,0,12.02,85.0,4.8,7.3,Clear,55.4,0.155,2,86.12,10.94,0
SHP-103196,Mississauga ON,Montreal QC,Contract Owner-Op,Standard,Refrigerated,Silver,4,376.0,341.2,0,0,4.49,13.0,7.4,13.2,Clear,26.7,0.303,0,191.68,4.3,0
SHP-101622,Calgary AB,Calgary AB,Contract Owner-Op,Express,Fragile,Silver,1,548.5,501.5,3,0,9.7,100.0,3.1,5.1,Clear,60.5,0.425,1,102.67,12.34,1
SHP-100860,Toronto ON,Ottawa ON,MapleFreight Fleet,Express,General Freight,Bronze,10,231.6,1640.9,2,0,6.51,9.0,14.4,13.6,Rain,72.9,0.522,1,,6.75,0
SHP-102023,Ottawa ON,Toronto ON,MapleFreight Fleet,Economy,General Freight,Gold,3,583.2,769.3,0,1,8.88,-20.0,25.3,8.4,Storm,61.2,0.256,0,116.41,8.15,0
SHP-102078,Winnipeg MB,Regina SK,MapleFreight Fleet,Standard,Bulk,Gold,6,653.7,4218.9,2,1,9.08,38.0,6.1,2.6,Snow,,0.506,1,147.37,9.08,0
SHP-105673,Mississauga ON,Hamilton ON,MapleFreight Fleet,Standard,Hazardous,Silver,9,582.3,813.7,3,0,10.37,-15.0,5.2,1.0,Snow,33.5,0.086,1,109.26,9.26,0
SHP-105130,Ottawa ON,Sudbury ON,MapleFreight Fleet,Standard,Refrigerated,Silver,7,1620.3,1962.5,3,0,23.28,31.0,,14.8,Clear,43.4,0.672,1,180.52,23.59,0
SHP-104335,Ottawa ON,Winnipeg MB,Contract Owner-Op,Standard,General Freight,Bronze,10,600.0,1004.6,5,0,13.27,24.0,4.2,1.9,Clear,73.7,0.323,1,162.24,14.05,0
SHP-105755,Winnipeg MB,Ottawa ON,PrairieLine,Standard,General Freight,Silver,3,226.2,1178.5,2,0,5.66,-4.0,4.7,3.2,Rain,48.0,0.4,1,157.73,5.55,0
SHP-105476,Montreal QC,Quebec City QC,NorthStar Carriers,Express,Fragile,Silver,4,592.1,618.6,2,0,8.53,-18.0,6.3,2.7,Snow,70.6,0.637,0,104.79,7.67,0
SHP-103571,Calgary AB,Toronto ON,QuebecExpress,Standard,General Freight,Silver,11,427.7,1025.8,3,0,8.2,5.0,6.2,1.9,Rain,,0.38,0,74.16,8.2,0
SHP-101172,Winnipeg MB,Sudbury ON,NorthStar Carriers,Standard,Hazardous,Silver,5,880.4,1103.3,1,1,12.81,3.0,1.8,1.3,Clear,47.6,0.381,1,121.85,12.58,0
SHP-104375,Calgary AB,Ottawa ON,MapleFreight Fleet,Express,Hazardous,Gold,3,330.5,395.3,3,0,6.9,33.0,4.3,2.7,Storm,62.4,0.46,1,128.75,6.31,0
SHP-101164,Mississauga ON,Regina SK,Contract Owner-Op,Standard,General Freight,Gold,3,476.6,579.1,5,0,10.03,96.0,12.7,3.4,Clear,56.8,0.596,1,62.56,15.96,1
SHP-105994,Toronto ON,Sudbury ON,MapleFreight Fleet,Standard,Hazardous,Bronze,12,395.7,709.9,4,0,9.54,-20.0,2.2,12.4,Clear,44.0,0.214,1,230.97,9.47,0
SHP-103501,Mississauga ON,Hamilton ON,MapleFreight Fleet,Standard,General Freight,Gold,3,942.4,266.7,4,1,14.74,39.0,0.9,5.8,Clear,39.0,0.561,2,126.25,21.45,1
SHP-103214,Toronto ON,Hamilton ON,PrairieLine,Standard,General Freight,Silver,9,594.2,605.1,0,0,8.01,0.0,2.5,9.2,Clear,44.1,0.6,1,220.98,10.69,1
SHP-104486,Toronto ON,Edmonton AB,NorthStar Carriers,Standard,General Freight,Silver,1,772.2,1227.4,3,0,14.04,-5.0,9.9,11.9,Clear,74.7,0.968,2,202.99,17.79,1
SHP-101284,Mississauga ON,Hamilton ON,PrairieLine,Standard,Refrigerated,Gold,7,235.3,1339.5,0,0,4.89,6.0,1.7,9.7,Clear,50.4,0.237,2,167.11,4.75,0
SHP-101498,Mississauga ON,Montreal QC,MapleFreight Fleet,Express,Bulk,Silver,11,521.5,1186.7,1,0,7.99,-12.0,6.0,8.1,Clear,49.4,0.387,0,30.0,8.25,0
SHP-104883,Ottawa ON,Montreal QC,NorthStar Carriers,Standard,Fragile,Bronze,9,542.7,725.7,5,0,9.14,-20.0,6.5,5.9,Snow,50.1,0.754,1,,8.16,0
SHP-100532,Toronto ON,Montreal QC,QuebecExpress,Standard,Bulk,Silver,1,384.4,435.8,5,0,9.62,49.0,3.2,0.9,Clear,100.0,0.202,0,214.26,9.59,0
SHP-102321,Toronto ON,Montreal QC,NorthStar Carriers,Standard,General Freight,Silver,7,1220.3,917.7,5,0,20.07,-8.0,8.9,1.3,Clear,34.2,0.568,2,204.02,20.75,0
SHP-102872,Ottawa ON,Calgary AB,PrairieLine,Express,Hazardous,Silver,3,572.6,1470.9,5,0,11.7,26.0,11.3,5.7,Clear,61.3,0.147,2,189.1,12.24,0
SHP-102820,London ON,Regina SK,QuebecExpress,Economy,General Freight,Silver,4,1034.8,552.1,4,0,18.72,-20.0,8.8,4.7,Clear,81.3,0.327,1,164.02,17.38,0
SHP-102684,Calgary AB,Calgary AB,NorthStar Carriers,Economy,General Freight,Bronze,9,612.7,880.5,5,0,12.53,51.0,6.3,6.6,Clear,62.3,0.665,0,114.93,15.67,1
SHP-104899,Winnipeg MB,Sudbury ON,PrairieLine,Standard,Bulk,Gold,9,892.4,598.8,2,0,13.07,2.0,1.9,1.9,Clear,79.2,0.348,0,111.95,13.23,0
SHP-101848,Winnipeg MB,Montreal QC,MapleFreight Fleet,Express,General Freight,Bronze,12,377.7,832.3,0,0,2.51,-20.0,13.5,11.1,Clear,56.5,0.517,0,99.83,2.43,0
SHP-104089,Ottawa ON,Calgary AB,PrairieLine,Express,General Freight,Bronze,4,409.7,293.4,4,0,9.37,-2.0,1.9,6.0,Clear,50.2,0.598,1,278.21,8.38,0
SHP-100637,Mississauga ON,Toronto ON,Contract Owner-Op,Economy,Fragile,Silver,1,1270.6,1321.4,5,0,19.59,97.0,2.8,3.3,Clear,61.1,0.301,0,,22.79,1
SHP-102730,Ottawa ON,Montreal QC,MapleFreight Fleet,Standard,Fragile,Silver,1,466.4,1532.3,2,0,9.94,-17.0,14.9,7.7,Clear,54.8,0.129,2,122.39,10.02,0
SHP-105225,Toronto ON,Sudbury ON,Contract Owner-Op,Standard,Bulk,Silver,11,781.1,591.5,5,0,12.96,-7.0,4.4,4.3,Rain,12.6,0.061,0,190.69,13.53,0
SHP-101859,London ON,Edmonton AB,NorthStar Carriers,Standard,General Freight,Silver,3,490.1,2117.1,5,0,10.1,64.0,1.2,1.2,Clear,34.9,0.499,1,228.33,12.42,1
SHP-105386,London ON,Hamilton ON,QuebecExpress,Standard,General Freight,Silver,10,264.4,224.2,5,0,9.56,6.0,4.0,3.0,Rain,69.2,0.182,1,143.89,9.78,0
SHP-105503,Calgary AB,Winnipeg MB,QuebecExpress,Standard,General Freight,Silver,9,406.6,267.5,0,0,5.23,11.0,12.1,5.1,Clear,62.0,0.229,0,177.15,4.77,0
SHP-101411,Winnipeg MB,Quebec City QC,MapleFreight Fleet,Economy,General Freight,Silver,7,391.7,433.8,0,1,2.9,-19.0,4.3,2.1,Clear,64.8,0.358,1,176.76,2.75,0
SHP-103354,Montreal QC,Hamilton ON,PrairieLine,Standard,Hazardous,Bronze,6,533.5,1855.6,4,0,9.39,-5.0,7.3,3.7,Rain,59.0,0.288,1,125.53,9.46,0
SHP-104221,London ON,Toronto ON,MapleFreight Fleet,Standard,Fragile,Bronze,8,925.6,247.5,5,0,13.17,35.0,9.5,5.5,Fog,30.9,0.362,2,216.73,12.54,0
SHP-105442,Toronto ON,Quebec City QC,PrairieLine,Express,Fragile,Bronze,9,481.5,1120.8,1,0,7.24,37.0,,1.6,Fog,45.1,0.446,1,118.0,7.17,0
SHP-104661,Mississauga ON,Montreal QC,NorthStar Carriers,Standard,Fragile,Bronze,7,616.3,1599.1,2,0,9.24,32.0,3.6,2.0,Fog,42.3,0.258,1,143.31,9.04,0
SHP-103067,Toronto ON,Ottawa ON,Contract Owner-Op,Standard,Refrigerated,Silver,11,271.3,690.8,2,0,4.81,13.0,,5.6,Clear,64.3,0.316,1,286.37,4.33,0
SHP-101055,Calgary AB,Regina SK,Contract Owner-Op,Economy,General Freight,Bronze,12,835.4,830.4,2,1,12.39,-13.0,11.8,7.6,Snow,69.9,0.283,2,277.06,18.52,1
SHP-101314,Ottawa ON,Calgary AB,MapleFreight Fleet,Economy,General Freight,Bronze,2,588.1,1232.6,4,0,10.26,-20.0,11.0,12.7,Rain,37.3,0.226,0,161.08,11.96,1
SHP-102991,Montreal QC,Sudbury ON,QuebecExpress,Standard,General Freight,Gold,5,537.6,223.3,3,0,10.54,-9.0,6.5,3.0,Clear,41.6,1.0,0,110.66,10.37,0
SHP-102401,Toronto ON,Montreal QC,MapleFreight Fleet,Economy,General Freight,Silver,5,565.1,146.1,5,0,12.26,-17.0,4.8,5.1,Snow,14.4,0.569,0,139.26,11.39,0
SHP-102822,Calgary AB,Ottawa ON,PrairieLine,Express,General Freight,Silver,4,1156.0,600.1,2,1,17.44,47.0,6.2,1.9,Snow,79.2,0.855,0,191.66,22.74,1
SHP-104009,Ottawa ON,Ottawa ON,MapleFreight Fleet,Standard,Fragile,Bronze,9,444.4,1352.1,5,1,10.68,24.0,6.6,7.8,Rain,71.7,0.409,2,191.19,11.18,0
SHP-101072,Calgary AB,Sudbury ON,MapleFreight Fleet,Express,Refrigerated,Silver,10,356.3,581.9,5,0,7.39,3.0,20.7,0.6,Clear,17.1,0.465,0,99.03,7.58,0
SHP-104771,Calgary AB,Edmonton AB,Contract Owner-Op,Express,General Freight,Bronze,8,999.1,1608.2,2,0,14.42,-7.0,7.5,4.6,Rain,50.4,0.299,3,140.8,13.05,0
SHP-104103,Winnipeg MB,Toronto ON,NorthStar Carriers,Standard,General Freight,Bronze,9,536.3,833.6,4,0,11.64,14.0,9.5,9.6,Snow,79.2,0.418,0,221.04,13.08,1
SHP-105534,Calgary AB,Sudbury ON,Contract Owner-Op,Economy,Hazardous,Bronze,5,1108.4,673.8,0,0,14.16,70.0,4.8,8.2,Rain,76.8,0.471,1,238.38,16.55,1
SHP-100057,Calgary AB,Ottawa ON,NorthStar Carriers,Standard,General Freight,Silver,4,731.3,2136.0,4,0,12.66,10.0,8.0,2.8,Clear,5.0,0.316,1,235.6,11.75,0
SHP-103353,Toronto ON,Winnipeg MB,PrairieLine,Standard,General Freight,Silver,8,977.9,2420.7,3,0,15.9,13.0,4.6,6.1,Snow,55.8,0.545,1,115.29,15.53,0
SHP-102264,Toronto ON,Calgary AB,NorthStar Carriers,Economy,Hazardous,Gold,10,786.1,875.3,5,0,13.39,-3.0,12.6,6.8,Clear,62.6,0.273,0,252.88,12.69,0
SHP-101925,Calgary AB,Quebec City QC,MapleFreight Fleet,Standard,General Freight,Bronze,11,440.1,527.6,1,0,7.37,12.0,10.5,4.8,Clear,41.8,0.636,0,137.26,7.69,0
SHP-105643,London ON,Montreal QC,MapleFreight Fleet,Standard,Hazardous,Silver,5,1296.7,1301.9,5,0,23.08,-20.0,11.7,9.6,Clear,61.5,0.0,0,199.64,21.02,0
SHP-104344,Toronto ON,Hamilton ON,NorthStar Carriers,Express,General Freight,Bronze,6,734.8,2292.8,4,0,11.88,-20.0,6.8,6.0,Snow,69.6,0.406,0,241.56,11.97,0
SHP-104794,Mississauga ON,Quebec City QC,NorthStar Carriers,Economy,Hazardous,Bronze,11,203.5,1373.2,4,0,5.18,-7.0,8.2,1.0,Snow,58.1,0.507,1,186.09,5.17,0
SHP-103794,Montreal QC,Quebec City QC,Contract Owner-Op,Express,General Freight,Bronze,11,602.9,178.2,4,0,10.78,4.0,2.0,7.9,Rain,49.2,0.697,5,125.1,13.04,1
SHP-104911,Ottawa ON,Toronto ON,MapleFreight Fleet,Standard,General Freight,Bronze,6,617.3,105.4,2,0,9.1,-19.0,9.5,3.5,Clear,71.6,0.438,1,128.39,8.73,0
SHP-102971,Calgary AB,Ottawa ON,Contract Owner-Op,Standard,General Freight,Bronze,11,368.6,1119.3,3,0,7.59,17.0,1.9,7.7,Clear,41.6,0.554,1,,7.32,0
SHP-104784,Calgary AB,Edmonton AB,PrairieLine,Standard,General Freight,Bronze,1,704.2,1341.1,5,0,14.18,56.0,5.7,6.1,Clear,76.5,0.553,1,229.2,12.92,0
SHP-101186,Calgary AB,Regina SK,NorthStar Carriers,Express,Bulk,Gold,9,1083.1,485.6,5,0,17.55,55.0,1.7,7.1,Clear,79.3,0.42,3,189.64,24.16,1
SHP-105330,Calgary AB,Montreal QC,MapleFreight Fleet,Standard,General Freight,Silver,5,133.7,602100.0,3,0,2.61,5.0,1.9,2.3,Clear,51.9,0.685,3,112.07,2.32,0
SHP-104046,Montreal QC,Edmonton AB,QuebecExpress,Standard,Fragile,Silver,10,242.3,1497.2,4,0,5.02,17.0,6.4,6.8,Rain,58.9,0.333,4,249.6,4.72,0
SHP-105150,Calgary AB,Quebec City QC,MapleFreight Fleet,Standard,Refrigerated,Gold,4,160.9,1902.2,0,0,2.76,-20.0,4.5,3.4,Fog,51.4,0.534,3,229.55,2.45,0
SHP-103375,Mississauga ON,Winnipeg MB,MapleFreight Fleet,Economy,Bulk,Gold,11,715.9,971.8,1,0,10.64,-20.0,1.2,0.8,Fog,46.9,0.746,1,136.04,9.9,0
SHP-103391,Montreal QC,Edmonton AB,NorthStar Carriers,Economy,Refrigerated,Silver,9,552.1,766.0,5,0,10.91,50.0,2.1,11.2,Rain,40.9,0.679,0,160.0,10.98,0
SHP-100359,Toronto ON,Winnipeg MB,PrairieLine,Economy,General Freight,Bronze,2,539.5,1041.0,3,0,10.37,37.0,12.3,6.8,,76.3,0.344,2,179.99,10.82,0
SHP-103293,Winnipeg MB,Hamilton ON,NorthStar Carriers,Express,General Freight,Gold,12,955.0,2268.7,2,0,15.59,12.0,3.5,4.2,Rain,49.8,0.436,2,151.69,14.88,0
SHP-103931,Mississauga ON,Quebec City QC,QuebecExpress,Economy,Fragile,Bronze,3,573.0,1630.1,2,0,9.1,1.0,0.4,2.5,Clear,67.1,0.639,0,143.33,9.36,0
SHP-100673,Toronto ON,Hamilton ON,PrairieLine,Standard,General Freight,Bronze,8,796.2,615.8,2,0,13.35,-5.0,4.0,8.4,Fog,43.0,0.777,4,125.02,13.2,0
SHP-103775,Montreal QC,Regina SK,QuebecExpress,Express,General Freight,Silver,12,465.8,658.3,4,0,9.23,26.0,7.4,4.6,Rain,5.0,0.54,0,199.02,8.56,0
SHP-103885,Toronto ON,Hamilton ON,MapleFreight Fleet,Express,Hazardous,Bronze,7,533.5,849.9,0,0,8.8,6.0,6.4,12.4,Clear,70.6,0.58,2,169.61,8.11,0
SHP-101744,London ON,Sudbury ON,Contract Owner-Op,Express,General Freight,Gold,8,279.4,365.2,3,0,6.36,4.0,2.7,15.2,Snow,61.1,0.787,4,268.46,7.98,1
SHP-102185,Calgary AB,Toronto ON,QuebecExpress,Standard,Refrigerated,Gold,12,671.0,252.0,1,0,10.99,14.0,6.7,3.4,Rain,53.3,0.424,0,219.51,10.19,0
SHP-100293,Winnipeg MB,Regina SK,MapleFreight Fleet,Express,General Freight,Silver,8,613.1,201.4,2,0,8.71,13.0,4.8,5.2,Rain,49.2,0.433,0,157.97,8.73,0
SHP-100086,Ottawa ON,Calgary AB,NorthStar Carriers,Standard,Fragile,Bronze,5,584.3,2117.0,3,0,9.48,21.0,12.9,7.8,Clear,45.5,0.517,3,164.18,10.03,0
SHP-105180,Montreal QC,Winnipeg MB,Contract Owner-Op,Standard,General Freight,Silver,6,518.8,1079.3,2,0,8.47,48.0,8.0,3.6,Clear,64.2,0.419,0,234.24,8.45,0
SHP-100944,London ON,Winnipeg MB,NorthStar Carriers,Economy,Fragile,Gold,4,1284.3,2091.1,1,1,18.04,6.0,0.4,7.1,Rain,61.5,0.218,1,161.86,27.69,1
SHP-100131,London ON,Edmonton AB,NorthStar Carriers,standard,General Freight,Silver,1,271.8,1208.5,3,1,5.34,37.0,3.0,1.5,Clear,48.5,0.33,1,304.27,5.3,0
SHP-100156,London ON,Montreal QC,MapleFreight Fleet,Express,Bulk,Silver,12,613.9,1054.4,3,0,9.61,18.0,9.0,1.8,Clear,52.8,0.25,1,133.08,9.07,0
SHP-101524,Ottawa ON,Ottawa ON,QuebecExpress,Express,Bulk,Bronze,8,1238.8,752.6,1,0,19.1,13.0,5.7,6.3,Rain,27.1,0.469,3,141.54,19.06,0
SHP-104001,Calgary AB,Hamilton ON,MapleFreight Fleet,Standard,Bulk,Silver,7,402.0,847.5,0,0,3.94,29.0,4.4,7.2,Snow,70.7,0.454,1,181.29,4.05,0
SHP-105129,Toronto ON,Calgary AB,PrairieLine,Standard,General Freight,Silver,8,660.8,454.0,3,0,10.8,-12.0,8.0,6.1,Clear,60.1,0.405,3,134.71,9.54,0
SHP-100218,Winnipeg MB,Edmonton AB,NorthStar Carriers,Economy,General Freight,Bronze,5,557.6,354.9,4,0,7.99,46.0,5.5,8.5,Clear,55.3,0.273,2,164.92,7.26,0
SHP-105647,Montreal QC,Toronto ON,MapleFreight Fleet,Standard,General Freight,Silver,4,684.1,625.4,3,0,10.76,-20.0,6.4,3.9,Clear,51.6,0.299,0,189.92,11.24,0
SHP-102967,Ottawa ON,Quebec City QC,NorthStar Carriers,Standard,Fragile,Silver,6,1024.5,1336.6,1,0,13.37,80.0,12.2,4.8,Clear,52.5,0.427,1,105.3,13.25,0
SHP-105802,Toronto ON,Ottawa ON,Contract Owner-Op,Standard,General Freight,Bronze,3,275.2,921.2,3,0,3.95,80.0,14.9,2.5,Fog,67.1,0.331,3,80.23,3.49,0
SHP-102875,Montreal QC,Toronto ON,MapleFreight Fleet,express,Fragile,Silver,9,424.2,920.8,3,0,7.24,69.0,6.2,1.6,Storm,60.2,0.162,1,180.74,7.01,0
SHP-100261,Toronto ON,Montreal QC,NorthStar Carriers,economy,Refrigerated,Bronze,1,1255.6,286.1,0,1,18.72,2.0,11.3,2.7,Fog,56.0,0.282,1,215.02,17.69,0
SHP-104314,Montreal QC,Toronto ON,QuebecExpress,Standard,General Freight,Silver,2,625.5,1014.7,3,0,11.37,-20.0,4.9,9.4,Clear,,0.716,2,110.92,10.08,0
SHP-103725,Montreal QC,Sudbury ON,NorthStar Carriers,Economy,Bulk,Gold,8,568.0,310.1,5,0,12.4,-20.0,4.0,9.6,Clear,40.8,0.349,0,,11.26,0
SHP-105822,Ottawa ON,Quebec City QC,Contract Owner-Op,Economy,Hazardous,Bronze,2,930.7,1777.7,3,0,13.54,34.0,7.6,10.6,Rain,52.2,0.503,2,163.88,17.98,1
SHP-103876,Montreal QC,Ottawa ON,QuebecExpress,Express,General Freight,Silver,10,190.9,262.3,1,0,2.31,11.0,4.4,2.5,Storm,56.3,0.688,0,207.47,2.23,0
SHP-105447,Mississauga ON,Calgary AB,Contract Owner-Op,Standard,Hazardous,Silver,5,419.3,232.5,4,0,8.56,59.0,1.7,6.9,Rain,39.5,0.246,1,117.74,8.03,0
SHP-105278,Ottawa ON,Montreal QC,Contract Owner-Op,Economy,Bulk,Silver,12,684.8,1466.5,1,0,8.32,28.0,12.2,8.4,Clear,87.6,0.443,2,231.42,8.25,0
SHP-102224,Calgary AB,Quebec City QC,MapleFreight Fleet,Standard,Bulk,Silver,9,495.2,3993.1,3,0,8.3,-20.0,2.6,1.8,Clear,20.1,0.463,0,251.7,8.23,0
SHP-100468,Winnipeg MB,Winnipeg MB,MapleFreight Fleet,Standard,General Freight,Bronze,9,1468.4,642.1,0,0,19.07,3.0,2.3,4.7,Clear,67.3,0.357,0,154.78,17.63,0
SHP-100477,Ottawa ON,Regina SK,NorthStar Carriers,Express,Refrigerated,Silver,9,815.6,700.7,0,0,13.03,-13.0,3.3,3.3,Rain,27.1,0.691,2,258.79,12.44,0
SHP-103666,Montreal QC,Hamilton ON,MapleFreight Fleet,Standard,Fragile,Bronze,12,674.7,1405.0,0,0,9.82,16.0,4.4,3.6,Clear,75.6,0.204,1,207.25,9.13,0
SHP-103871,Calgary AB,Toronto ON,MapleFreight Fleet,Express,General Freight,Bronze,8,204.4,799.3,3,0,5.12,33.0,3.5,2.9,Fog,59.2,0.453,1,143.27,5.0,0
SHP-100500,Toronto ON,Sudbury ON,MapleFreight Fleet,Express,General Freight,Gold,4,1204.4,508.0,0,0,16.45,53.0,10.8,11.5,Rain,57.5,0.185,1,181.93,16.23,0
SHP-100499,Montreal QC,Winnipeg MB,PrairieLine,Standard,General Freight,Silver,10,291.7,44.6,3,0,8.28,47.0,5.7,7.3,Clear,39.6,0.234,3,144.25,7.78,0
SHP-101276,Montreal QC,Calgary AB,MapleFreight Fleet,Standard,Bulk,Silver,8,660.2,618.1,4,0,12.87,-20.0,,0.8,Rain,57.3,0.342,3,274.06,11.92,0
SHP-104183,Toronto ON,Toronto ON,NorthStar Carriers,Standard,Bulk,Bronze,5,824.4,891.4,4,0,15.53,5.0,3.8,7.4,Clear,39.5,0.345,0,168.85,13.92,0
SHP-105210,Ottawa ON,Hamilton ON,Contract Owner-Op,Economy,Fragile,Silver,11,291.3,564.5,2,0,7.22,26.0,1.5,1.8,Clear,42.5,0.722,3,221.11,6.9,0
SHP-103822,Ottawa ON,Ottawa ON,PrairieLine,Express,Refrigerated,Bronze,10,924.1,1580.1,3,0,12.48,-20.0,4.0,19.1,Rain,77.0,0.201,2,146.08,12.64,0
SHP-102972,Calgary AB,Ottawa ON,NorthStar Carriers,Economy,General Freight,Gold,8,250.2,764.5,4,0,8.29,-7.0,4.2,3.0,Clear,53.7,0.578,0,315.76,7.48,0
SHP-105958,Montreal QC,Quebec City QC,PrairieLine,Standard,Fragile,Silver,12,336.9,920.9,5,0,8.38,64.0,7.2,4.4,Clear,61.4,0.312,1,224.32,8.78,0
SHP-102374,Ottawa ON,Montreal QC,MapleFreight Fleet,Economy,Refrigerated,Bronze,3,2115.6,1120.7,5,0,33.6,30.0,6.7,4.8,,39.5,0.003,2,,34.24,0
SHP-100697,London ON,Regina SK,MapleFreight Fleet,Economy,Bulk,Bronze,2,295.6,804.8,3,0,7.42,75.0,14.6,5.6,Clear,57.6,0.623,1,74.18,7.17,0
SHP-103422,Montreal QC,Ottawa ON,NorthStar Carriers,Express,Hazardous,Gold,4,950.2,1075.5,4,1,17.94,26.0,8.0,3.2,Rain,30.5,0.517,1,173.98,16.87,0
SHP-103530,Mississauga ON,Sudbury ON,MapleFreight Fleet,Express,General Freight,Gold,7,759.0,815.7,5,0,12.86,111.0,8.2,5.9,Rain,68.2,0.512,0,160.53,18.38,1
SHP-100180,Toronto ON,Calgary AB,MapleFreight Fleet,Express,General Freight,Silver,6,632.3,1658.9,0,0,8.29,86.0,7.2,0.8,Clear,15.4,0.343,0,182.84,7.89,0
SHP-105984,Montreal QC,Edmonton AB,MapleFreight Fleet,Standard,Fragile,Silver,1,654.5,2381.8,4,0,13.3,6.0,8.6,4.9,Storm,64.9,0.32,0,185.23,13.75,0
SHP-103494,Toronto ON,Regina SK,MapleFreight Fleet,Standard,General Freight,Silver,3,290.3,606.1,3,0,5.26,-20.0,16.7,1.2,Rain,35.0,0.64,1,91.82,5.12,0
SHP-101555,Montreal QC,Edmonton AB,NorthStar Carriers,Standard,General Freight,Silver,1,654.9,230.7,0,1,7.92,97.0,2.8,4.2,Rain,65.8,0.429,1,98.25,7.92,0
SHP-103324,Toronto ON,Winnipeg MB,MapleFreight Fleet,express,General Freight,Bronze,5,433.9,2174.1,5,0,10.11,80.0,11.9,3.4,,87.9,0.905,1,251.08,10.64,0
SHP-105977,Mississauga ON,Hamilton ON,NorthStar Carriers,Standard,Hazardous,Bronze,11,521.4,2041.1,1,0,8.0,19.0,7.5,6.9,Snow,54.7,0.33,0,,8.0,0
SHP-102990,Toronto ON,Ottawa ON,PrairieLine,Standard,General Freight,Bronze,12,331.0,857.3,1,0,3.0,-8.0,22.8,3.6,Clear,58.3,0.281,1,45.96,3.0,0
SHP-101547,Mississauga ON,Quebec City QC,NorthStar Carriers,Economy,General Freight,Gold,3,912.3,1503.2,5,0,16.78,18.0,1.3,6.9,Clear,48.7,0.58,3,122.5,26.06,1
SHP-104481,Toronto ON,Ottawa ON,QuebecExpress,Standard,General Freight,Bronze,9,521.5,1786.0,5,0,11.71,37.0,4.2,3.7,Clear,64.1,0.188,1,128.37,16.89,1
SHP-102830,Montreal QC,Quebec City QC,MapleFreight Fleet,Standard,Refrigerated,Silver,9,754.2,1560.7,2,0,12.85,39.0,0.7,4.3,Rain,77.4,0.559,1,219.92,12.56,0
SHP-101503,Toronto ON,Calgary AB,Contract Owner-Op,Economy,Fragile,Silver,5,800.1,1885.5,3,1,14.2,73.0,3.2,1.5,Snow,38.9,0.299,1,265.76,16.35,1
SHP-101409,Calgary AB,Montreal QC,QuebecExpress,Standard,General Freight,Silver,11,1127.8,1033.5,5,0,21.06,-20.0,6.4,5.8,Clear,65.3,0.377,4,159.28,20.36,0
SHP-100848,Toronto ON,Calgary AB,NorthStar Carriers,Standard,General Freight,Bronze,9,547.2,636.0,3,0,10.28,17.0,7.7,2.7,Clear,52.7,0.585,2,130.1,10.13,0
SHP-100317,Calgary AB,Winnipeg MB,MapleFreight Fleet,Express,General Freight,Bronze,10,234.2,1135.5,1,0,4.84,58.0,4.8,7.0,Clear,49.6,0.48,0,137.54,4.91,0
SHP-105905,Ottawa ON,Regina SK,PrairieLine,Standard,Refrigerated,Silver,11,486.9,632.2,1,0,7.94,39.0,2.2,7.1,Clear,28.4,0.295,1,243.05,7.53,0
SHP-104922,Toronto ON,Toronto ON,PrairieLine,Standard,General Freight,Gold,2,470.7,1592.9,3,0,9.26,26.0,6.7,10.7,Rain,59.2,0.801,0,100.38,13.61,1
SHP-104587,Toronto ON,Sudbury ON,MapleFreight Fleet,Standard,Bulk,Silver,7,718.0,607.5,4,0,12.23,88.0,14.5,12.0,Clear,82.4,0.648,1,195.74,12.72,0
SHP-104915,Toronto ON,Hamilton ON,NorthStar Carriers,Standard,General Freight,Bronze,1,748.6,952.1,2,0,11.82,25.0,3.3,2.7,Rain,67.6,0.331,0,,15.45,1
SHP-100292,Toronto ON,Sudbury ON,Contract Owner-Op,Standard,Fragile,Silver,3,1125.1,819.6,2,1,15.8,-7.0,4.4,4.5,Rain,65.6,0.454,1,201.77,24.35,1
SHP-103212,Montreal QC,Montreal QC,MapleFreight Fleet,Standard,General Freight,Bronze,7,336.5,2134.9,0,0,5.68,24.0,8.4,4.3,Clear,33.7,0.596,0,40.12,6.02,0
SHP-102791,Toronto ON,Hamilton ON,NorthStar Carriers,Standard,Fragile,Gold,3,639.7,1303.3,5,0,11.84,20.0,4.0,4.7,Clear,60.9,0.1,1,232.52,12.02,0
SHP-102954,Montreal QC,Calgary AB,NorthStar Carriers,Standard,Refrigerated,Bronze,2,1052.5,1569.3,1,0,13.47,-20.0,1.9,1.4,Storm,48.1,0.58,4,209.75,16.23,1
SHP-105439,Montreal QC,Quebec City QC,QuebecExpress,Economy,Refrigerated,Gold,9,799.7,1633.2,1,0,11.61,-20.0,1.5,6.1,Clear,61.3,0.032,1,127.58,11.33,0
SHP-100796,Montreal QC,Quebec City QC,PrairieLine,Standard,Bulk,Silver,4,453.6,895800.0,1,0,8.4,65.0,5.5,5.7,Rain,61.1,0.583,1,230.68,7.5,0
SHP-102097,Toronto ON,Montreal QC,MapleFreight Fleet,Standard,General Freight,Silver,12,157.3,462.4,5,0,6.19,44.0,3.8,2.5,Clear,38.6,0.425,4,267.93,5.53,0
SHP-104605,Mississauga ON,Calgary AB,MapleFreight Fleet,Express,Fragile,Silver,6,184.0,926.4,2,0,3.95,-20.0,4.0,1.2,Clear,24.6,0.517,6,96.37,3.65,0
SHP-105891,Montreal QC,Toronto ON,NorthStar Carriers,Standard,General Freight,Bronze,1,555.7,2403.9,1,0,5.91,7.0,10.1,17.3,Storm,45.9,0.622,1,204.31,8.5,1
SHP-100289,Winnipeg MB,Edmonton AB,Contract Owner-Op,Standard,Hazardous,Gold,3,1122.3,300.1,0,0,14.57,-2.0,0.7,5.2,Clear,64.3,0.56,1,196.94,18.15,1
SHP-103436,Ottawa ON,Winnipeg MB,PrairieLine,Express,General Freight,Gold,10,745.6,473.2,1,0,9.25,-20.0,4.5,8.6,Snow,26.8,0.422,1,187.37,8.33,0
SHP-100854,Toronto ON,Sudbury ON,Contract Owner-Op,Standard,General Freight,Gold,2,770.9,941.9,3,0,13.36,95.0,4.9,2.7,Rain,41.9,0.332,0,188.92,13.07,0
SHP-104431,Calgary AB,Toronto ON,Contract Owner-Op,Standard,General Freight,Silver,10,379.9,1031.4,3,1,6.19,-5.0,14.9,4.1,Clear,82.9,0.568,1,186.25,5.6,0
SHP-102230,Montreal QC,Hamilton ON,NorthStar Carriers,Express,Bulk,Bronze,12,792.0,2268.1,3,0,15.55,29.0,8.2,2.9,Clear,46.8,0.43,0,143.07,14.65,0
SHP-103709,London ON,Hamilton ON,NorthStar Carriers,Express,General Freight,Gold,9,364.0,620.8,1,0,8.76,10.0,3.2,10.0,Storm,55.7,0.542,1,197.37,8.65,0
SHP-103573,Montreal QC,Edmonton AB,PrairieLine,Economy,Fragile,Silver,10,1048.0,125.4,1,1,15.53,66.0,6.4,2.0,Snow,47.8,0.0,2,145.33,14.09,0
SHP-100801,London ON,Hamilton ON,MapleFreight Fleet,Standard,Hazardous,Silver,8,453.2,319.6,0,0,6.28,42.0,3.1,8.6,Rain,52.1,0.557,2,124.44,6.28,0
SHP-105620,Mississauga ON,Montreal QC,PrairieLine,Express,Fragile,Silver,7,820.8,330.7,3,0,13.76,-20.0,16.7,5.0,Storm,65.0,0.613,1,108.42,12.29,0
SHP-100740,Toronto ON,Regina SK,NorthStar Carriers,Express,General Freight,Silver,2,635.7,348.6,4,0,12.5,58.0,2.2,15.6,Snow,78.9,0.678,0,153.46,18.61,1
SHP-102212,Calgary AB,Winnipeg MB,NorthStar Carriers,Economy,General Freight,Bronze,4,904.9,1430.1,4,0,16.39,18.0,11.5,11.5,Rain,75.3,0.65,1,185.68,25.49,1
SHP-103335,London ON,Sudbury ON,MapleFreight Fleet,Express,Fragile,Silver,7,1949.9,1601.6,1,1,26.76,30.0,3.5,6.7,Fog,73.6,1.0,1,259.61,37.32,1
SHP-105333,Toronto ON,Winnipeg MB,NorthStar Carriers,Standard,General Freight,Bronze,8,543.6,791.2,0,1,5.87,78.0,0.7,2.2,Clear,77.3,0.428,1,,6.2,0
SHP-105861,Ottawa ON,Toronto ON,Contract Owner-Op,Economy,Fragile,Silver,1,1034.7,433.7,0,0,14.54,6.0,9.0,5.1,Fog,50.0,0.556,0,122.08,22.69,1
SHP-103022,Mississauga ON,Regina SK,Contract Owner-Op,standard,General Freight,Bronze,1,404.4,570.1,2,0,7.42,-10.0,7.3,3.5,Snow,64.8,0.43,3,149.4,7.53,0
SHP-104595,Ottawa ON,Ottawa ON,MapleFreight Fleet,Express,Refrigerated,Bronze,9,580.5,1111.7,5,0,12.11,24.0,10.0,2.9,Snow,25.5,0.496,1,119.68,12.57,0
SHP-101346,Montreal QC,Winnipeg MB,MapleFreight Fleet,Standard,Fragile,Gold,10,1132.8,1783.7,4,0,17.21,28.0,7.6,3.1,Clear,77.7,0.537,2,198.55,16.57,0
SHP-103821,Toronto ON,Regina SK,Contract Owner-Op,Standard,General Freight,Bronze,3,685.9,1186.5,4,0,13.87,-20.0,4.4,4.0,Clear,39.5,0.715,0,172.8,14.49,0
SHP-100503,Calgary AB,Quebec City QC,PrairieLine,Economy,Fragile,Bronze,11,379.1,157.3,1,0,6.94,-20.0,2.1,0.2,Storm,15.0,0.719,3,216.16,6.36,0
SHP-101452,Toronto ON,Ottawa ON,Contract Owner-Op,Standard,Fragile,Silver,10,274.3,397.1,2,1,6.61,95.0,6.3,1.9,Clear,59.5,0.64,2,182.46,6.86,0
SHP-104499,Toronto ON,Sudbury ON,MapleFreight Fleet,Standard,General Freight,Silver,12,205.5,1208.0,1,0,4.15,76.0,10.3,1.1,Clear,54.8,0.08,2,73.19,4.08,0
SHP-104596,Calgary AB,Winnipeg MB,NorthStar Carriers,Economy,Bulk,Gold,8,892.5,1082.3,2,0,11.06,22.0,9.0,1.1,Clear,,0.32,1,165.67,10.53,0
SHP-103696,Montreal QC,Montreal QC,MapleFreight Fleet,Economy,General Freight,Silver,7,507.0,124.5,0,0,5.48,45.0,2.3,8.7,Clear,65.4,0.363,1,140.0,5.24,0
SHP-104131,Toronto ON,Quebec City QC,PrairieLine,Economy,General Freight,Silver,11,611.2,1762.5,3,1,9.06,37.0,3.9,5.3,Rain,55.9,0.525,2,212.22,12.3,1
SHP-105036,Calgary AB,Ottawa ON,Contract Owner-Op,Standard,Refrigerated,Silver,2,354.1,1354.7,3,0,5.74,88.0,7.0,2.3,Rain,83.0,0.488,2,102.0,8.33,1
SHP-104528,Ottawa ON,Toronto ON,MapleFreight Fleet,Standard,General Freight,Bronze,11,638.8,475.3,1,0,8.97,4.0,5.4,7.4,Clear,48.3,0.163,2,138.62,9.31,0
SHP-105745,Montreal QC,Calgary AB,NorthStar Carriers,Standard,Fragile,Gold,6,515.9,445.6,5,0,11.15,28.0,4.9,6.7,Clear,63.3,0.471,0,185.64,11.41,0
SHP-105938,Mississauga ON,Regina SK,PrairieLine,Express,Fragile,Silver,9,767.5,2042.3,1,0,9.33,64.0,6.6,4.0,Clear,28.6,0.313,1,56.15,12.65,1
SHP-105206,Mississauga ON,Regina SK,QuebecExpress,Standard,General Freight,Gold,1,585.2,322900.0,3,0,11.47,57.0,7.8,2.8,Clear,54.1,0.429,1,154.84,11.79,0
SHP-101087,Toronto ON,Winnipeg MB,NorthStar Carriers,Standard,Hazardous,Silver,12,898.2,329.5,2,0,12.16,110.0,1.9,9.0,Snow,94.0,0.627,1,108.03,14.85,1
SHP-104467,Mississauga ON,Calgary AB,MapleFreight Fleet,Standard,General Freight,Bronze,12,906.9,1693.5,5,1,15.67,9.0,2.7,7.9,Fog,50.7,0.567,0,255.21,15.64,0
SHP-101368,Montreal QC,Ottawa ON,MapleFreight Fleet,Standard,General Freight,Silver,9,780.7,864.5,4,0,14.05,33.0,5.2,3.4,Rain,29.5,0.336,2,220.69,14.69,0
SHP-105433,Toronto ON,Ottawa ON,QuebecExpress,Express,General Freight,Silver,12,935.7,999.0,5,0,15.83,7.0,9.8,1.6,Rain,53.4,0.369,2,117.48,15.33,0
SHP-100579,Winnipeg MB,Edmonton AB,MapleFreight Fleet,Express,Fragile,Bronze,7,370.5,959.4,3,0,6.64,39.0,7.6,5.2,Clear,68.1,0.38,1,187.22,5.91,0
SHP-105614,Ottawa ON,Regina SK,NorthStar Carriers,Express,Refrigerated,Bronze,6,212.5,772.4,4,0,7.78,7.0,11.0,3.7,Rain,47.1,0.138,3,150.06,7.48,0
SHP-100328,London ON,Winnipeg MB,NorthStar Carriers,Standard,Bulk,Bronze,10,393.2,133.6,5,1,10.03,30.0,3.5,5.9,Snow,93.3,0.509,1,234.09,8.96,0
SHP-104304,Montreal QC,Sudbury ON,NorthStar Carriers,Standard,General Freight,Silver,12,727.3,1325.7,3,0,11.74,-12.0,3.8,2.4,Rain,34.4,0.024,1,216.88,10.66,0
SHP-104769,Ottawa ON,Quebec City QC,MapleFreight Fleet,Express,General Freight,Silver,4,585.0,503.9,5,0,10.81,45.0,9.6,3.2,Rain,61.6,0.081,0,202.02,11.3,0
SHP-100815,Mississauga ON,Calgary AB,MapleFreight Fleet,Economy,Bulk,Bronze,1,502.5,1722.1,2,0,8.96,5.0,3.4,3.9,Rain,72.7,0.479,0,151.15,8.92,0
SHP-103452,Toronto ON,Ottawa ON,MapleFreight Fleet,Express,General Freight,Bronze,6,383.8,1384.0,0,0,6.4,11.0,14.3,3.8,Clear,46.4,0.304,1,202.93,6.38,0
SHP-100451,Montreal QC,Edmonton AB,MapleFreight Fleet,Express,General Freight,Silver,1,456.3,2357.9,4,0,8.78,-5.0,3.9,7.7,Storm,76.3,0.208,0,282.89,8.17,0
SHP-103937,Toronto ON,Edmonton AB,MapleFreight Fleet,Standard,General Freight,Bronze,10,311.1,1640.5,2,0,5.15,5.0,1.9,2.0,Fog,58.9,0.574,2,183.94,5.06,0
SHP-101502,Winnipeg MB,Hamilton ON,NorthStar Carriers,Economy,Bulk,Gold,7,978.5,716.2,4,0,16.15,48.0,4.2,2.2,Rain,85.4,0.561,2,188.1,25.02,1
SHP-100474,Montreal QC,Sudbury ON,Contract Owner-Op,Economy,Bulk,Silver,5,436.8,724.8,1,0,5.68,34.0,2.7,0.7,Clear,37.2,0.55,4,205.02,5.29,0
SHP-103917,Toronto ON,Ottawa ON,MapleFreight Fleet,Economy,General Freight,Bronze,6,469.2,2759.3,4,0,8.36,35.0,4.2,4.4,Fog,,0.375,0,160.51,8.57,0
SHP-100703,Montreal QC,Quebec City QC,MapleFreight Fleet,Standard,Fragile,Silver,4,454.2,553.9,0,0,6.42,4.0,,1.1,Fog,50.5,0.2,3,139.2,6.72,0
SHP-103406,Ottawa ON,Sudbury ON,PrairieLine,Standard,Refrigerated,Bronze,5,318.6,780.6,5,0,8.56,76.0,3.9,3.4,Storm,87.7,0.194,3,84.61,11.75,1
SHP-102350,Ottawa ON,Sudbury ON,PrairieLine,Standard,Bulk,Gold,9,852.3,757.2,5,0,13.99,21.0,2.5,4.8,Clear,19.9,0.714,0,157.02,12.71,0
SHP-100741,Mississauga ON,Edmonton AB,MapleFreight Fleet,Standard,General Freight,Bronze,9,208.6,468.2,0,0,4.33,29.0,21.1,2.9,Clear,12.4,0.243,2,258.25,4.33,0
SHP-105463,Winnipeg MB,Quebec City QC,QuebecExpress,Standard,Refrigerated,Silver,2,472.8,1049.8,1,0,8.06,6.0,9.1,1.6,Clear,31.4,0.853,1,96.32,7.41,0
SHP-101674,Calgary AB,Sudbury ON,QuebecExpress,Standard,General Freight,Gold,7,420.4,563.1,1,0,7.58,15.0,5.6,2.3,Fog,62.0,0.447,1,63.9,6.87,0
SHP-105833,London ON,Toronto ON,MapleFreight Fleet,Standard,Refrigerated,Silver,10,700.7,873.1,0,0,8.54,-10.0,5.1,1.4,Snow,71.1,0.033,0,198.57,8.23,0
SHP-102563,Calgary AB,Hamilton ON,PrairieLine,Standard,Hazardous,Gold,9,271.3,1147.7,1,0,5.22,33.0,6.4,1.9,Rain,45.3,0.654,1,138.96,4.88,0
SHP-100795,Toronto ON,Hamilton ON,PrairieLine,Standard,General Freight,Bronze,10,363.7,549.9,1,0,2.49,4.0,8.5,7.0,Clear,60.7,0.256,3,103.47,2.57,0
SHP-103421,Ottawa ON,Quebec City QC,MapleFreight Fleet,Express,Hazardous,Gold,10,704.8,613.0,3,0,12.09,-3.0,8.6,2.9,Clear,72.9,0.348,1,109.22,10.75,0
SHP-100411,Ottawa ON,Hamilton ON,NorthStar Carriers,Standard,Fragile,Bronze,8,940.5,1605.9,5,0,17.24,61.0,0.9,5.8,Clear,47.4,0.809,1,156.34,23.73,1
SHP-104487,Montreal QC,Sudbury ON,Contract Owner-Op,Standard,Refrigerated,Gold,2,218.8,877.1,2,1,4.61,49.0,7.3,8.2,Clear,64.0,0.308,2,199.29,7.26,1
SHP-102548,Toronto ON,Quebec City QC,PrairieLine,Standard,Refrigerated,Silver,5,630.9,1790.1,5,0,13.18,26.0,13.1,7.1,Fog,57.2,0.462,1,122.41,20.82,1
SHP-100361,Mississauga ON,Toronto ON,NorthStar Carriers,Express,General Freight,Bronze,10,801.0,1205.8,5,0,13.21,21.0,12.8,2.9,Rain,39.3,0.614,1,305.27,13.24,0
SHP-103317,Toronto ON,Sudbury ON,QuebecExpress,Express,General Freight,Bronze,9,744.4,1031.4,5,0,13.98,-20.0,17.2,2.4,Snow,80.4,0.442,3,186.08,12.6,0
SHP-105191,Ottawa ON,Hamilton ON,PrairieLine,Express,General Freight,Bronze,10,688.0,785.8,2,0,9.99,-20.0,10.4,5.2,Clear,50.6,0.36,1,83.0,9.49,0
SHP-101955,Toronto ON,Regina SK,MapleFreight Fleet,Standard,General Freight,Silver,2,427.2,700.9,0,1,4.82,-6.0,5.3,4.4,Clear,21.0,0.74,3,211.26,4.38,0
SHP-100383,Montreal QC,Hamilton ON,MapleFreight Fleet,Express,Refrigerated,Bronze,8,928.9,294.4,3,0,15.82,39.0,7.6,10.7,Fog,69.2,0.457,0,256.74,15.21,0
SHP-105588,Toronto ON,Ottawa ON,NorthStar Carriers,Standard,Hazardous,Bronze,8,732.3,1524.8,1,0,10.82,1.0,5.9,1.8,Snow,47.5,0.39,1,213.25,10.29,0
SHP-102428,Mississauga ON,Winnipeg MB,MapleFreight Fleet,Express,Bulk,Silver,1,658.8,297.2,1,0,8.74,84.0,1.4,2.5,Clear,76.8,0.431,2,147.35,7.96,0
SHP-105873,Winnipeg MB,Sudbury ON,PrairieLine,express,Fragile,Bronze,5,648.8,749.9,1,1,10.22,-1.0,7.0,3.6,Rain,18.3,0.493,4,183.67,10.71,0
SHP-104279,Toronto ON,Montreal QC,Contract Owner-Op,Standard,Hazardous,Gold,12,361.8,400.3,5,0,8.37,10.0,4.1,2.2,Rain,69.6,0.615,1,234.85,9.54,1
SHP-103684,Toronto ON,Ottawa ON,QuebecExpress,Standard,Hazardous,Bronze,8,739.1,1596.2,5,0,16.3,2.0,2.3,7.3,Clear,39.1,0.28,0,172.39,16.8,0
SHP-103132,Calgary AB,Calgary AB,MapleFreight Fleet,Standard,Bulk,Gold,7,657.5,1015.2,5,0,12.58,61.0,15.2,1.4,Snow,58.9,0.714,1,190.8,12.83,0
SHP-105753,Winnipeg MB,Winnipeg MB,Contract Owner-Op,Standard,Hazardous,Silver,9,978.5,252.2,4,1,17.27,9.0,4.9,2.3,Rain,48.3,0.227,2,244.31,16.87,0
SHP-100875,Montreal QC,Toronto ON,MapleFreight Fleet,Economy,Bulk,Silver,10,1043.3,1063.7,1,0,13.76,49.0,9.1,4.6,Rain,43.0,0.0,1,195.01,13.78,0
SHP-103369,Calgary AB,Edmonton AB,Contract Owner-Op,Standard,Refrigerated,Silver,2,1112.5,476.1,1,0,14.89,-18.0,1.3,4.0,Clear,84.1,0.554,0,110.52,14.78,0
SHP-103160,Mississauga ON,Calgary AB,NorthStar Carriers,Economy,General Freight,Bronze,12,1198.1,775.0,5,0,22.07,-5.0,0.9,0.8,Clear,71.0,0.292,1,157.62,23.2,0
SHP-104563,Toronto ON,Edmonton AB,MapleFreight Fleet,Standard,General Freight,Bronze,5,1242.6,778.4,0,0,17.76,71.0,8.7,11.8,Clear,32.9,0.562,1,163.74,17.31,0
SHP-102841,Winnipeg MB,Calgary AB,Contract Owner-Op,Economy,General Freight,Silver,5,391.5,287.1,1,0,5.48,21.0,4.6,4.3,Rain,,0.768,0,92.06,5.06,0
SHP-105136,Montreal QC,Quebec City QC,NorthStar Carriers,Economy,General Freight,Bronze,2,445.3,391.1,2,0,6.96,-20.0,7.6,2.6,Storm,66.2,0.338,1,207.14,7.18,0
SHP-102938,London ON,Sudbury ON,MapleFreight Fleet,Standard,Fragile,Bronze,2,490.8,610.6,0,0,7.42,19.0,1.8,6.0,Rain,45.7,0.502,1,114.62,7.16,0
SHP-101983,Winnipeg MB,Regina SK,QuebecExpress,Express,General Freight,Bronze,8,556.5,607.7,2,0,12.9,-20.0,1.4,6.5,Fog,49.0,0.472,1,172.25,12.96,0
SHP-100620,Ottawa ON,Edmonton AB,MapleFreight Fleet,Express,General Freight,Bronze,6,501.8,749.3,4,0,8.76,14.0,8.6,5.0,Rain,54.1,0.346,1,131.36,8.97,0
SHP-100427,Montreal QC,Sudbury ON,NorthStar Carriers,Standard,Bulk,Gold,10,1334.5,820.9,5,0,23.55,52.0,2.6,7.6,Clear,75.9,0.506,1,161.18,32.16,1
SHP-100282,Mississauga ON,Quebec City QC,Contract Owner-Op,Standard,Refrigerated,Bronze,6,198.0,812.0,5,0,5.22,7.0,,3.6,Storm,52.5,0.689,1,233.94,5.13,0
SHP-100785,Ottawa ON,Quebec City QC,PrairieLine,Economy,General Freight,Silver,4,355.3,574.3,2,0,5.55,25.0,8.2,2.4,Clear,30.9,0.625,3,,5.64,0
SHP-103187,Toronto ON,Hamilton ON,QuebecExpress,Standard,General Freight,Gold,3,760.2,163.0,0,0,10.81,43.0,9.9,4.4,Snow,20.5,0.698,1,113.99,14.2,1
SHP-102721,Ottawa ON,Hamilton ON,MapleFreight Fleet,Standard,General Freight,Bronze,7,987.7,423.3,4,1,14.61,-20.0,2.1,2.1,Clear,27.0,0.41,1,225.42,18.17,1
SHP-105850,Ottawa ON,Hamilton ON,MapleFreight Fleet,Standard,General Freight,Silver,8,208.3,1387.3,3,0,2.84,5.0,21.0,8.4,Clear,31.0,0.389,0,209.61,2.93,0
SHP-105309,Mississauga ON,Sudbury ON,PrairieLine,Economy,Bulk,Bronze,12,347.6,1779.6,5,0,10.06,13.0,5.1,2.6,Rain,44.9,0.608,1,166.92,10.09,0
SHP-103998,Toronto ON,Edmonton AB,MapleFreight Fleet,Economy,General Freight,Silver,3,458.8,223.9,1,0,8.53,-14.0,9.7,5.4,Clear,36.3,0.363,0,161.07,8.72,0
SHP-102227,Toronto ON,Hamilton ON,Contract Owner-Op,Standard,Fragile,Silver,8,656.2,315.8,5,0,11.73,53.0,4.6,4.6,Clear,48.2,0.493,3,,11.58,0
SHP-103061,Mississauga ON,Hamilton ON,PrairieLine,Standard,General Freight,Bronze,3,745.7,404.6,0,0,10.08,42.0,9.9,8.2,Clear,54.7,0.294,2,46.91,10.56,0
SHP-103918,Montreal QC,Montreal QC,QuebecExpress,Standard,Bulk,Gold,4,291.8,3014.0,1,0,3.77,-3.0,8.2,5.3,Clear,,0.082,0,217.97,3.51,0
SHP-102914,Mississauga ON,Ottawa ON,Contract Owner-Op,Standard,Refrigerated,Gold,4,434.0,1284.1,1,0,6.36,43.0,18.7,12.5,Rain,38.8,0.469,0,191.96,6.72,0
SHP-100709,Toronto ON,Hamilton ON,QuebecExpress,Economy,Hazardous,Bronze,5,284.1,1014.4,2,0,6.73,45.0,7.6,9.2,Snow,55.5,0.325,4,223.81,9.28,1
SHP-102977,Toronto ON,Quebec City QC,QuebecExpress,Standard,General Freight,Bronze,12,546.9,2721.7,1,0,10.45,79.0,3.9,5.2,,60.8,0.492,2,235.63,9.39,0
SHP-101638,Calgary AB,Ottawa ON,MapleFreight Fleet,Express,General Freight,Silver,8,895.9,642.4,4,0,14.83,22.0,5.0,13.3,Snow,35.3,0.142,1,215.01,14.03,0
SHP-101792,Montreal QC,Toronto ON,Contract Owner-Op,Standard,Bulk,Gold,3,232.6,284.7,1,0,4.41,64.0,9.2,5.5,Clear,49.8,0.463,2,256.07,4.14,0
SHP-102309,Toronto ON,Winnipeg MB,MapleFreight Fleet,Standard,General Freight,Bronze,11,1712.1,552.8,0,0,20.77,21.0,7.3,5.8,Clear,42.7,0.619,2,268.23,18.28,0
SHP-105092,Toronto ON,Toronto ON,MapleFreight Fleet,Express,Bulk,Gold,6,594.5,267.8,5,0,11.83,29.0,3.6,8.9,Clear,62.2,0.693,2,177.83,11.26,0
SHP-104410,Toronto ON,Quebec City QC,MapleFreight Fleet,Economy,General Freight,Gold,10,1225.3,261.5,2,0,17.37,49.0,9.0,4.7,Storm,71.1,0.137,2,236.22,21.24,1
SHP-101423,Calgary AB,Hamilton ON,QuebecExpress,Standard,Fragile,Silver,9,1541.5,1881.3,3,0,22.77,21.0,4.6,1.4,Clear,38.0,0.214,1,120.04,21.27,0
SHP-105831,Mississauga ON,Sudbury ON,MapleFreight Fleet,Standard,General Freight,Gold,1,257.6,218.6,1,0,5.62,-7.0,10.6,1.3,Clear,93.2,0.68,0,99.61,5.68,0
SHP-104442,Ottawa ON,Edmonton AB,MapleFreight Fleet,Express,General Freight,Silver,2,147.0,999.4,1,0,3.34,13.0,7.9,11.2,Rain,51.8,0.395,2,286.09,2.99,0
SHP-104078,Montreal QC,Hamilton ON,NorthStar Carriers,Standard,Refrigerated,Silver,6,369.0,991.0,5,0,8.98,52.0,14.9,6.7,Clear,67.6,0.612,1,186.09,9.42,0
SHP-101220,Toronto ON,Edmonton AB,NorthStar Carriers,Economy,Refrigerated,Bronze,8,537.5,302.4,0,0,9.58,-4.0,15.3,1.0,Fog,36.1,0.608,0,201.08,9.5,0
SHP-101922,Winnipeg MB,Sudbury ON,NorthStar Carriers,Economy,General Freight,Bronze,12,1866.5,418.7,5,0,28.52,-11.0,5.4,5.3,Clear,56.2,0.423,1,230.27,42.22,1
SHP-104839,Toronto ON,Edmonton AB,MapleFreight Fleet,Economy,General Freight,Silver,3,1195.1,2003.4,0,0,15.9,32.0,6.3,3.4,Rain,22.1,0.419,2,157.85,15.36,0
SHP-101204,Calgary AB,Regina SK,MapleFreight Fleet,Express,Bulk,Silver,11,1335.8,447.2,0,0,18.04,31.0,4.6,5.4,Clear,48.7,0.448,1,58.7,16.44,0
SHP-100572,Toronto ON,Hamilton ON,NorthStar Carriers,Standard,General Freight,Gold,7,675.7,1237.2,0,0,9.83,48.0,1.3,1.8,Clear,32.2,0.578,1,137.14,9.63,0
SHP-101435,Montreal QC,Edmonton AB,Contract Owner-Op,Standard,General Freight,Silver,1,164.5,1335.9,3,0,3.93,-15.0,10.5,9.1,Storm,61.9,0.115,1,199.64,5.86,1
SHP-104597,Calgary AB,Montreal QC,NorthStar Carriers,Express,General Freight,Silver,12,107.4,1418.3,4,0,3.44,-20.0,4.7,2.5,,36.4,0.663,0,252.91,3.03,0
SHP-100170,London ON,Quebec City QC,QuebecExpress,Standard,General Freight,Silver,5,470.8,1167.6,5,0,10.73,52.0,4.4,4.0,Rain,46.4,0.77,0,74.27,13.31,1
SHP-100870,Toronto ON,Quebec City QC,MapleFreight Fleet,Standard,General Freight,Silver,11,543.4,1238.5,4,0,10.23,-1.0,6.1,7.6,Rain,41.4,0.156,1,209.54,9.73,0
SHP-101142,Winnipeg MB,Toronto ON,PrairieLine,Standard,Refrigerated,Silver,2,754.7,189.6,5,0,14.63,35.0,12.5,3.5,,62.9,0.251,2,129.21,18.57,1
SHP-104449,Montreal QC,Ottawa ON,MapleFreight Fleet,Economy,Bulk,Bronze,5,474.8,755.7,5,1,9.7,77.0,7.6,5.3,Rain,72.5,0.874,0,,8.91,0
SHP-102446,Toronto ON,Edmonton AB,MapleFreight Fleet,standard,General Freight,Bronze,9,855.4,1111.9,5,1,13.99,8.0,2.6,4.0,Clear,43.7,0.388,0,176.57,13.6,0
SHP-103926,Mississauga ON,Regina SK,QuebecExpress,Express,General Freight,Bronze,7,327.9,1218.1,4,0,7.26,14.0,,4.5,Rain,87.9,0.446,1,235.11,7.68,0
SHP-105085,Montreal QC,Toronto ON,NorthStar Carriers,Standard,General Freight,Bronze,11,421.4,1148.1,0,0,4.86,19.0,4.1,1.7,Rain,47.2,0.352,2,220.03,4.35,0
SHP-103260,Mississauga ON,Quebec City QC,NorthStar Carriers,Standard,Refrigerated,Gold,4,902.6,503.7,5,0,17.83,14.0,10.6,6.5,Snow,54.4,0.428,1,228.15,18.12,0
SHP-104253,Toronto ON,Quebec City QC,MapleFreight Fleet,Standard,General Freight,Silver,9,614.3,1165.4,5,0,12.83,18.0,2.1,4.3,Clear,49.7,0.519,1,286.26,11.65,0
SHP-100600,Montreal QC,Edmonton AB,MapleFreight Fleet,Express,General Freight,Bronze,4,409.9,2218.2,3,1,7.04,-10.0,1.9,10.6,Fog,86.4,0.509,0,223.02,7.44,0
SHP-104075,Toronto ON,Toronto ON,NorthStar Carriers,Standard,General Freight,Silver,4,305.3,1190.7,0,0,3.17,11.0,8.8,3.4,Rain,61.5,0.528,1,62.82,2.95,0
SHP-101685,Toronto ON,Regina SK,Contract Owner-Op,Economy,General Freight,Silver,2,466.6,750.7,5,0,8.43,39.0,1.1,12.5,Clear,,0.0,1,150.01,7.85,0
SHP-101978,Mississauga ON,Montreal QC,MapleFreight Fleet,Economy,Bulk,Gold,6,547.0,133.5,1,0,8.58,49.0,7.8,4.9,Clear,81.5,0.489,3,292.32,8.57,0
SHP-102575,London ON,Toronto ON,MapleFreight Fleet,Standard,General Freight,Silver,10,370.5,803.8,0,0,4.41,51.0,11.8,3.5,Rain,72.1,0.617,2,250.53,4.26,0
SHP-103934,Mississauga ON,Montreal QC,MapleFreight Fleet,Express,Hazardous,Silver,8,579.5,2768.8,3,0,9.12,29.0,3.1,11.4,Rain,61.1,0.236,1,331.19,9.46,0
SHP-101590,Mississauga ON,Calgary AB,Contract Owner-Op,Standard,General Freight,Bronze,11,159.3,3220.0,5,0,4.57,31.0,20.3,4.9,Snow,61.4,0.709,2,101.95,6.07,1
SHP-100570,Mississauga ON,Sudbury ON,MapleFreight Fleet,Economy,General Freight,Gold,6,284.7,777.5,2,0,6.07,-11.0,,7.5,Clear,51.8,0.622,1,288.8,6.14,0
SHP-104902,Mississauga ON,Hamilton ON,Contract Owner-Op,Standard,General Freight,Bronze,6,588.6,1808.8,1,0,9.81,13.0,6.8,3.5,Rain,55.4,0.409,1,171.55,8.88,0
SHP-100021,Toronto ON,Ottawa ON,NorthStar Carriers,Express,General Freight,Silver,7,688.1,862.8,0,0,8.17,34.0,6.6,2.6,Clear,61.8,0.432,1,194.29,7.78,0
SHP-100877,Ottawa ON,Calgary AB,NorthStar Carriers,Standard,Hazardous,Gold,8,720.2,355.3,2,0,9.4,34.0,1.2,10.4,Rain,27.5,0.645,3,300.26,14.58,1
SHP-105246,Mississauga ON,Montreal QC,PrairieLine,Standard,General Freight,Silver,8,310.4,752.0,0,0,6.84,66.0,2.2,6.5,Snow,51.1,0.287,4,101.11,6.89,0
SHP-102545,Toronto ON,Edmonton AB,QuebecExpress,Standard,Refrigerated,Gold,1,497.0,1173900.0,3,0,7.61,42.0,6.4,3.5,Clear,73.0,0.86,2,279.12,6.7,0
SHP-103644,Toronto ON,Ottawa ON,QuebecExpress,Standard,Hazardous,Silver,12,735.8,1308.6,2,0,10.09,95.0,9.1,4.6,Rain,58.4,0.261,0,231.82,10.15,0
SHP-101881,Toronto ON,Montreal QC,MapleFreight Fleet,Standard,General Freight,Silver,3,203.0,514.6,1,0,3.42,-20.0,3.8,8.6,Clear,65.2,0.416,2,,3.2,0
SHP-103398,Toronto ON,Montreal QC,NorthStar Carriers,Standard,Bulk,Bronze,4,558.3,828.2,4,0,10.06,33.0,6.6,8.2,Snow,48.6,0.366,2,244.63,14.65,1
SHP-103029,Montreal QC,Toronto ON,MapleFreight Fleet,Express,Bulk,Bronze,8,705.2,765.1,4,1,12.79,10.0,4.5,9.2,Clear,48.5,0.213,1,133.98,13.23,0
SHP-104667,Calgary AB,Ottawa ON,MapleFreight Fleet,Express,General Freight,Bronze,11,536.3,686.3,3,0,8.84,5.0,5.8,5.5,Rain,59.8,0.93,0,212.5,8.77,0
SHP-105726,Calgary AB,Sudbury ON,MapleFreight Fleet,Express,General Freight,Silver,9,218.0,747.8,0,1,4.35,13.0,1.8,10.1,Clear,41.3,0.403,3,110.9,4.12,0
SHP-100100,Toronto ON,Regina SK,MapleFreight Fleet,Economy,General Freight,Silver,11,703.6,888.8,4,0,11.42,54.0,9.7,3.4,Clear,54.1,0.439,1,151.11,11.03,0
SHP-103770,Toronto ON,Edmonton AB,MapleFreight Fleet,Standard,General Freight,Silver,3,1369.9,813.3,5,0,22.75,19.0,1.7,0.9,Rain,37.3,0.601,1,227.23,20.26,0
SHP-100645,Mississauga ON,Regina SK,MapleFreight Fleet,Standard,General Freight,Gold,4,361.7,1321.8,1,0,5.49,-7.0,3.6,8.4,Clear,70.1,0.312,0,217.66,5.36,0
SHP-102853,Winnipeg MB,Regina SK,PrairieLine,Standard,Hazardous,Silver,1,438.9,268.2,4,0,7.95,27.0,3.6,5.0,Rain,44.6,0.466,1,65.57,10.91,1
SHP-101281,Toronto ON,Sudbury ON,MapleFreight Fleet,Standard,General Freight,Silver,5,725.5,118.9,5,1,13.65,24.0,5.2,1.8,Clear,54.4,0.52,1,202.77,13.84,0
SHP-101315,Montreal QC,Calgary AB,QuebecExpress,Express,Fragile,Bronze,10,260.5,1256.4,5,0,7.27,-2.0,3.2,9.3,Rain,33.6,0.552,0,141.86,7.42,0
SHP-103954,Toronto ON,Toronto ON,PrairieLine,Standard,General Freight,Silver,10,494.7,1615.6,1,0,8.0,64.0,8.2,9.7,Fog,53.5,0.855,1,241.4,9.76,1
SHP-101749,Toronto ON,Quebec City QC,PrairieLine,Economy,General Freight,Gold,12,756.3,355.6,3,0,12.91,23.0,4.4,5.7,Fog,50.5,0.599,2,108.07,16.96,1
SHP-105521,Toronto ON,Sudbury ON,PrairieLine,Standard,General Freight,Bronze,11,875.9,550300.0,1,0,12.66,47.0,1.9,2.2,Clear,36.6,0.622,1,231.53,11.85,0
SHP-102664,Calgary AB,Toronto ON,QuebecExpress,Standard,General Freight,Bronze,10,402.4,257.1,4,1,6.46,21.0,2.0,2.7,Snow,46.3,0.0,2,200.58,7.3,1
SHP-100812,Mississauga ON,Sudbury ON,PrairieLine,Standard,General Freight,Bronze,8,232.8,872.4,3,0,5.26,-9.0,8.8,4.8,Clear,48.3,0.516,1,,5.49,0
SHP-101820,Mississauga ON,Toronto ON,Contract Owner-Op,Express,Refrigerated,Bronze,10,393.1,1195.8,1,0,4.54,4.0,2.9,8.7,Storm,49.9,0.53,1,253.02,4.44,0
SHP-104050,Ottawa ON,Edmonton AB,MapleFreight Fleet,Standard,General Freight,Gold,1,436.6,891.3,4,0,8.49,20.0,2.1,2.3,Clear,41.7,0.386,3,239.26,7.62,0
SHP-102338,Ottawa ON,Regina SK,NorthStar Carriers,Economy,General Freight,Bronze,12,635.1,559.6,3,0,11.81,-8.0,5.8,6.2,Clear,78.7,0.363,3,236.34,10.43,0
SHP-100719,Ottawa ON,Hamilton ON,MapleFreight Fleet,Standard,General Freight,Bronze,8,354.1,1187.9,5,0,10.69,12.0,4.4,6.9,Storm,61.9,0.552,0,201.57,9.49,0
SHP-103899,Montreal QC,Montreal QC,MapleFreight Fleet,Express,General Freight,Silver,10,468.7,942.4,4,0,11.33,46.0,9.1,10.0,Clear,56.8,0.602,1,94.87,11.84,0
SHP-100431,Winnipeg MB,Montreal QC,NorthStar Carriers,Express,General Freight,Silver,9,250.1,101.1,5,0,8.5,45.0,2.3,3.4,Rain,67.7,0.328,1,154.76,7.91,0
SHP-100849,Ottawa ON,Edmonton AB,NorthStar Carriers,Express,Fragile,Gold,12,1165.1,923.2,0,0,16.03,55.0,3.6,3.6,Clear,69.0,0.799,3,168.25,15.4,0
SHP-104791,Ottawa ON,Calgary AB,MapleFreight Fleet,Express,General Freight,Bronze,7,790.7,165.8,5,0,15.61,30.0,4.3,6.8,Clear,43.1,0.753,1,,14.98,0
SHP-102170,London ON,Calgary AB,MapleFreight Fleet,Standard,General Freight,Bronze,2,352.7,455.2,4,0,9.59,24.0,3.2,1.9,Clear,95.9,0.166,0,226.37,9.12,0
SHP-102935,Toronto ON,Sudbury ON,MapleFreight Fleet,Express,General Freight,Bronze,12,1093.2,1400.4,4,0,18.82,37.0,1.6,6.1,Clear,80.3,0.252,1,31.22,21.93,1
SHP-101890,Montreal QC,Winnipeg MB,MapleFreight Fleet,Economy,General Freight,Silver,11,598.2,1008.4,5,0,10.67,-20.0,8.0,3.5,Clear,65.6,0.392,2,238.06,10.8,0
SHP-105693,Montreal QC,Edmonton AB,MapleFreight Fleet,Standard,Bulk,Bronze,4,518.6,1459.3,0,0,5.25,2.0,6.5,5.0,Clear,54.2,0.081,0,215.62,5.48,0
SHP-104849,Mississauga ON,Quebec City QC,NorthStar Carriers,Standard,Fragile,Silver,4,260.3,1030.1,2,0,3.97,22.0,6.6,4.3,Fog,50.1,0.791,1,180.49,3.67,0
SHP-102099,Winnipeg MB,Edmonton AB,MapleFreight Fleet,Express,General Freight,Silver,9,862.2,1632.7,1,0,12.57,85.0,0.8,4.8,Clear,51.8,0.5,2,209.49,12.08,0
SHP-104255,Montreal QC,Regina SK,MapleFreight Fleet,Standard,Bulk,Bronze,9,402.0,1200.9,5,0,8.01,70.0,6.8,3.8,Clear,60.6,0.532,1,183.94,7.1,0
SHP-103236,Ottawa ON,Sudbury ON,MapleFreight Fleet,Standard,Fragile,Gold,10,868.6,704.8,3,1,14.82,-12.0,3.0,6.9,Clear,96.0,0.452,0,152.87,14.34,0
SHP-100562,Toronto ON,Montreal QC,NorthStar Carriers,Express,General Freight,Silver,11,284.5,629.6,5,0,10.19,66.0,1.6,3.9,Rain,72.4,0.254,3,249.15,15.96,1
SHP-100725,Toronto ON,Sudbury ON,PrairieLine,Standard,Fragile,Bronze,5,242.6,1212.2,3,1,5.79,40.0,,5.8,,47.0,0.64,2,176.06,5.22,0
SHP-100574,Calgary AB,Winnipeg MB,MapleFreight Fleet,Standard,General Freight,Silver,2,518.8,1001.3,2,0,7.42,-5.0,3.3,2.3,Rain,57.0,0.754,1,,11.24,1
SHP-101317,Montreal QC,Winnipeg MB,MapleFreight Fleet,Economy,Refrigerated,Gold,3,423.0,514.4,0,0,6.89,48.0,0.6,5.4,Snow,65.4,0.264,2,221.44,6.78,0
SHP-103271,Montreal QC,Hamilton ON,PrairieLine,Standard,General Freight,Silver,5,219.9,196.8,0,0,2.7,62.0,3.8,4.2,Clear,100.0,0.318,0,195.49,2.84,0
SHP-102345,Ottawa ON,Sudbury ON,MapleFreight Fleet,Express,Refrigerated,Silver,3,638.6,652.0,2,1,11.11,3.0,1.1,5.8,Snow,46.0,0.616,2,,11.66,0
SHP-102400,Calgary AB,Hamilton ON,NorthStar Carriers,Express,General Freight,Bronze,1,574.8,492.3,0,0,8.5,43.0,2.2,13.5,Snow,66.5,0.34,3,235.9,7.67,0
SHP-105765,Toronto ON,Edmonton AB,MapleFreight Fleet,Express,Refrigerated,Bronze,7,277.9,669.3,0,0,3.49,52.0,1.2,5.5,Rain,53.9,0.15,0,104.48,3.16,0
SHP-103161,Calgary AB,Regina SK,Contract Owner-Op,Economy,Bulk,Silver,6,572.2,1474.7,5,0,13.76,9.0,2.7,10.2,Rain,81.9,0.571,0,148.53,17.78,1
SHP-100349,Toronto ON,Ottawa ON,QuebecExpress,Express,Refrigerated,Silver,4,407.5,1054.2,1,0,4.75,47.0,3.9,6.7,Clear,33.5,0.382,4,244.38,4.81,0
SHP-102524,Montreal QC,Winnipeg MB,PrairieLine,Standard,General Freight,Silver,3,372.8,367.1,0,0,6.4,46.0,3.7,5.1,Clear,70.3,0.571,0,214.29,6.29,0
SHP-105215,Mississauga ON,Calgary AB,NorthStar Carriers,Economy,General Freight,Silver,11,1215.8,1699.9,3,0,20.66,-20.0,1.9,1.0,Clear,39.4,0.578,2,162.73,18.77,0
SHP-100068,Toronto ON,Winnipeg MB,Contract Owner-Op,Express,General Freight,Silver,9,171.1,871.8,3,0,2.98,-4.0,1.0,3.7,Clear,69.1,0.475,1,114.33,2.63,0
SHP-104482,Montreal QC,Edmonton AB,MapleFreight Fleet,Standard,Refrigerated,Silver,3,464.9,820.5,3,0,6.83,61.0,6.4,2.1,Clear,69.8,0.382,2,129.55,7.98,1
SHP-103991,Calgary AB,Quebec City QC,QuebecExpress,Economy,Fragile,Bronze,8,402.8,208.0,4,0,9.64,27.0,1.9,6.1,Clear,70.1,0.366,1,92.14,15.39,1
SHP-103477,Toronto ON,Montreal QC,MapleFreight Fleet,Standard,General Freight,Bronze,1,646.2,1581.2,1,0,10.5,-20.0,1.3,5.0,Rain,60.1,0.168,2,133.05,9.8,0
SHP-105142,Ottawa ON,Quebec City QC,Contract Owner-Op,Economy,General Freight,Bronze,10,362.8,2359.7,1,0,6.53,49.0,11.8,3.2,Clear,77.3,0.314,1,250.7,9.22,1
SHP-100032,Toronto ON,Winnipeg MB,MapleFreight Fleet,Standard,General Freight,Bronze,8,559.5,394.9,3,0,9.77,27.0,3.9,5.0,Rain,72.6,0.501,1,154.19,8.87,0
SHP-104830,Toronto ON,Winnipeg MB,NorthStar Carriers,Standard,Refrigerated,Silver,8,781.6,190.1,0,0,11.02,36.0,7.3,3.1,Storm,33.7,0.58,1,191.8,13.52,1
SHP-100072,Mississauga ON,Sudbury ON,MapleFreight Fleet,Standard,Bulk,Bronze,1,685.7,2991.4,1,0,10.99,8.0,6.2,4.0,Rain,46.3,0.449,3,156.91,11.1,0
SHP-102884,Ottawa ON,Sudbury ON,MapleFreight Fleet,Standard,Refrigerated,Silver,2,709.7,919.9,0,0,10.95,-5.0,18.5,6.0,Fog,49.9,0.352,1,129.45,11.14,0
SHP-105139,Montreal QC,Hamilton ON,MapleFreight Fleet,Standard,General Freight,Bronze,4,528.3,767.7,5,0,9.83,7.0,4.6,1.6,Clear,48.9,0.372,1,53.26,10.38,0
SHP-103875,Calgary AB,Ottawa ON,NorthStar Carriers,Standard,General Freight,Silver,6,964.2,3365.9,4,1,17.71,-20.0,7.5,3.7,Clear,65.2,0.566,3,193.26,22.75,1
SHP-100568,Ottawa ON,Hamilton ON,PrairieLine,Express,Fragile,Silver,4,254.7,453.8,5,0,6.84,42.0,2.3,10.9,Rain,38.6,0.231,3,64.57,6.24,0
SHP-103460,Mississauga ON,Edmonton AB,NorthStar Carriers,Standard,General Freight,Bronze,11,549.3,354800.0,5,0,12.64,-20.0,7.1,4.6,Clear,46.1,0.664,2,134.61,12.42,0
SHP-105754,Toronto ON,Toronto ON,MapleFreight Fleet,Standard,General Freight,Bronze,3,547.6,1486.0,4,0,10.65,80.0,4.5,1.8,Rain,85.1,0.54,0,248.63,10.28,0
SHP-102053,Toronto ON,Regina SK,QuebecExpress,Standard,Fragile,Bronze,8,330.1,444.7,3,0,8.19,34.0,6.0,5.0,Clear,97.5,0.547,1,93.72,11.67,1
SHP-103167,Calgary AB,Hamilton ON,MapleFreight Fleet,Economy,General Freight,Bronze,10,637.1,284.0,1,0,8.78,44.0,5.4,6.1,Clear,47.0,0.425,0,193.71,7.92,0
SHP-103929,Toronto ON,Sudbury ON,MapleFreight Fleet,Express,Refrigerated,Silver,11,395.5,759.0,1,0,3.55,-20.0,,8.4,Clear,89.5,0.435,3,238.91,3.73,0
SHP-103566,Mississauga ON,Quebec City QC,NorthStar Carriers,Economy,Hazardous,Bronze,9,1026.0,1029.8,0,0,13.38,7.0,2.7,6.6,Clear,91.3,0.728,2,190.25,14.17,0
SHP-104672,Ottawa ON,Winnipeg MB,PrairieLine,Standard,General Freight,Bronze,1,452.8,3065.5,3,0,6.89,-20.0,6.6,11.7,Clear,61.6,0.494,0,185.58,6.08,0
SHP-102731,Toronto ON,Edmonton AB,PrairieLine,Economy,General Freight,Gold,8,339.1,1416.3,3,0,6.13,49.0,2.1,3.4,Clear,36.4,0.531,1,204.57,6.4,0
SHP-103820,Toronto ON,Ottawa ON,NorthStar Carriers,Standard,General Freight,Bronze,3,549.2,248.0,3,0,10.23,38.0,7.1,5.0,Clear,67.2,0.323,1,89.75,13.28,1
SHP-103765,Montreal QC,Montreal QC,MapleFreight Fleet,Standard,Fragile,Gold,1,409.6,346.6,0,1,5.39,2.0,7.3,3.2,Clear,64.4,0.405,0,191.46,5.18,0
SHP-104774,Toronto ON,Winnipeg MB,MapleFreight Fleet,Economy,Hazardous,Bronze,11,357.9,961.7,1,0,4.82,42.0,12.9,4.2,Snow,58.0,0.352,2,83.67,4.89,0
SHP-105397,Toronto ON,Regina SK,Contract Owner-Op,Standard,Refrigerated,Silver,8,749.6,803.3,4,0,15.31,52.0,3.6,14.7,Rain,48.2,0.048,1,229.97,14.57,0
SHP-103453,Mississauga ON,Quebec City QC,NorthStar Carriers,Standard,Refrigerated,Silver,5,436.7,535.4,2,0,7.76,61.0,10.1,6.1,Clear,74.9,0.367,2,134.01,6.95,0
SHP-103525,London ON,Edmonton AB,MapleFreight Fleet,Standard,General Freight,Silver,8,377.8,916.1,3,0,8.74,38.0,6.0,3.6,Rain,73.7,0.716,2,234.75,8.93,0
SHP-103078,Toronto ON,Calgary AB,MapleFreight Fleet,Economy,General Freight,Bronze,1,332.2,787.4,0,0,4.51,15.0,2.0,4.8,Clear,49.5,0.344,3,130.18,4.54,0
SHP-105879,Toronto ON,Regina SK,QuebecExpress,Standard,General Freight,Bronze,12,691.7,1300.2,4,0,13.11,-20.0,16.9,11.3,Clear,42.6,0.502,2,148.56,12.13,0
SHP-105108,Toronto ON,Regina SK,QuebecExpress,Express,General Freight,Silver,6,373.7,1233.6,1,0,5.69,36.0,13.3,2.1,Clear,73.6,0.392,1,234.55,5.81,0
SHP-100781,Ottawa ON,Calgary AB,Contract Owner-Op,Economy,Bulk,Silver,7,427.9,2803.6,1,0,6.52,11.0,3.8,6.4,Snow,40.1,0.04,1,264.64,6.69,0
SHP-100311,Montreal QC,Toronto ON,QuebecExpress,Standard,General Freight,Silver,8,1466.7,750.4,0,0,21.92,-16.0,3.3,6.2,Rain,83.3,0.473,1,144.36,21.18,0
SHP-102887,Calgary AB,Montreal QC,MapleFreight Fleet,Standard,Bulk,Silver,11,863.4,819.5,5,0,15.54,19.0,4.9,1.9,Rain,68.7,0.417,0,195.16,16.25,0
SHP-104204,Montreal QC,Hamilton ON,MapleFreight Fleet,Standard,General Freight,Silver,12,183.4,476.1,2,0,3.58,91.0,2.5,10.7,Clear,56.4,0.41,2,77.62,3.45,0
SHP-101948,Winnipeg MB,Toronto ON,MapleFreight Fleet,Standard,Fragile,Silver,1,452.6,1193.9,2,0,5.43,-20.0,14.0,4.2,Clear,59.1,0.396,2,171.12,5.19,0
SHP-100117,Calgary AB,Calgary AB,NorthStar Carriers,Standard,General Freight,Gold,3,506.5,471.6,3,0,10.67,-17.0,8.2,12.4,Clear,49.5,0.426,1,180.42,9.92,0
SHP-101938,Toronto ON,Regina SK,PrairieLine,Standard,General Freight,Silver,8,502.7,1651.0,0,0,9.53,-20.0,11.0,9.9,Rain,44.1,0.679,0,146.09,9.83,0
SHP-102102,Ottawa ON,Calgary AB,Contract Owner-Op,Standard,General Freight,Bronze,10,293.7,917.7,4,0,6.31,0.0,2.4,6.6,Fog,56.4,0.614,1,,6.09,0
SHP-101757,Montreal QC,Sudbury ON,QuebecExpress,Economy,General Freight,Silver,3,1442.9,1083.3,3,0,20.98,31.0,,1.3,Clear,74.7,0.545,1,166.64,25.81,1
SHP-105590,Toronto ON,Regina SK,MapleFreight Fleet,Standard,General Freight,Silver,12,980.5,987.5,4,0,16.93,13.0,4.1,3.0,Snow,77.1,0.275,2,141.23,16.2,0
SHP-100759,Toronto ON,Toronto ON,PrairieLine,Standard,General Freight,Bronze,11,1365.9,1679.5,3,0,22.1,-12.0,4.5,4.5,Clear,37.7,0.064,1,178.96,21.32,0
SHP-104735,Toronto ON,Calgary AB,PrairieLine,Express,Bulk,Silver,1,448.9,1125.7,0,0,5.15,22.0,10.3,1.3,Rain,18.1,0.409,0,234.42,4.88,0
SHP-103757,Winnipeg MB,Ottawa ON,NorthStar Carriers,Standard,General Freight,Silver,11,272.7,1660.3,1,0,5.2,62.0,5.6,6.1,Clear,82.1,0.256,1,217.69,5.03,0
SHP-102505,Mississauga ON,Quebec City QC,Contract Owner-Op,Express,General Freight,Silver,10,325.5,1479.3,5,0,7.38,28.0,7.0,4.7,Clear,46.4,0.227,0,219.36,6.56,0
SHP-105432,Winnipeg MB,Ottawa ON,Contract Owner-Op,Standard,Fragile,Silver,6,346.7,1726.0,5,0,7.49,21.0,5.7,2.3,Clear,58.4,0.427,3,89.12,9.84,1
SHP-105337,Ottawa ON,Hamilton ON,MapleFreight Fleet,Economy,Refrigerated,Bronze,12,975.5,2734.9,4,0,14.0,56.0,7.0,7.7,Clear,23.9,0.486,0,148.92,12.67,0
SHP-103506,Winnipeg MB,Toronto ON,Contract Owner-Op,Standard,General Freight,Silver,9,811.9,266.8,3,0,12.67,67.0,17.4,2.8,Rain,23.2,0.306,2,187.53,12.48,0
SHP-104798,Toronto ON,Hamilton ON,MapleFreight Fleet,Express,General Freight,Silver,4,736.0,260.6,3,0,11.24,79.0,4.3,1.8,Rain,53.2,0.455,1,,10.05,0
SHP-101607,Toronto ON,Edmonton AB,MapleFreight Fleet,Economy,General Freight,Silver,7,771.1,916.1,0,0,11.42,62.0,12.5,1.5,Clear,59.7,0.0,0,226.52,11.32,0
SHP-100107,Montreal QC,Winnipeg MB,NorthStar Carriers,Standard,General Freight,Bronze,1,303.0,326.2,1,0,3.4,-20.0,1.9,17.3,Clear,37.5,0.236,1,148.55,3.49,0
SHP-105086,Ottawa ON,Hamilton ON,NorthStar Carriers,Express,General Freight,Bronze,2,843.6,401.0,5,0,16.13,28.0,3.5,6.0,Rain,55.8,0.651,1,110.29,21.4,1
SHP-102934,Montreal QC,Calgary AB,QuebecExpress,Express,General Freight,Silver,1,1003.0,374.0,3,1,15.45,90.0,,11.3,Snow,40.2,0.156,1,170.8,13.64,0
SHP-101065,Montreal QC,Quebec City QC,Contract Owner-Op,Standard,Refrigerated,Bronze,3,1200.6,478.8,5,0,22.02,-7.0,4.1,4.6,Clear,83.4,0.383,0,221.81,26.5,1
SHP-104698,Toronto ON,Quebec City QC,MapleFreight Fleet,Standard,General Freight,Silver,3,433.2,1940.3,0,0,6.87,16.0,4.8,6.3,Rain,12.7,0.927,1,228.12,6.62,0
SHP-104436,Toronto ON,Toronto ON,MapleFreight Fleet,Standard,Hazardous,Bronze,2,368.2,989.0,5,0,7.81,5.0,6.4,3.8,Rain,61.8,0.503,3,190.04,8.13,0
SHP-103092,Calgary AB,Sudbury ON,QuebecExpress,Standard,Bulk,Gold,3,445.1,240.6,4,0,7.72,18.0,4.2,3.3,Rain,50.7,0.52,0,167.23,9.35,1
SHP-102640,London ON,Montreal QC,MapleFreight Fleet,standard,Hazardous,Gold,4,1199.7,839.6,4,1,19.7,8.0,5.5,4.1,Clear,57.7,0.212,0,160.1,18.08,0
SHP-102047,Toronto ON,Regina SK,MapleFreight Fleet,Standard,General Freight,Bronze,2,577.0,166.2,2,1,10.52,99.0,4.5,4.1,Clear,33.6,0.295,0,200.94,9.78,0
SHP-104954,Mississauga ON,Regina SK,MapleFreight Fleet,Standard,General Freight,Silver,9,528.4,1193.1,0,0,6.73,-20.0,1.8,6.2,Clear,57.0,0.821,2,225.05,6.5,0
SHP-103858,Montreal QC,Regina SK,MapleFreight Fleet,Standard,Fragile,Silver,4,1208.5,377.9,2,0,17.73,-17.0,7.0,6.6,Clear,67.9,0.569,1,169.73,17.98,0
SHP-105876,Mississauga ON,Edmonton AB,NorthStar Carriers,Express,Refrigerated,Silver,8,202.9,1185.9,3,0,4.61,36.0,5.9,5.7,Fog,61.0,0.52,3,45.49,5.86,1
SHP-105951,Mississauga ON,Winnipeg MB,QuebecExpress,Standard,Fragile,Silver,8,880.2,960.9,0,0,13.09,31.0,6.4,5.3,Rain,43.6,0.68,2,139.65,12.62,0
SHP-103754,Calgary AB,Ottawa ON,PrairieLine,Express,Refrigerated,Bronze,3,399.7,519.6,1,0,5.3,63.0,6.5,10.9,Clear,53.2,0.397,2,157.67,5.19,0
SHP-101166,Calgary AB,Winnipeg MB,QuebecExpress,Economy,General Freight,Bronze,10,451.8,1234.5,5,0,10.13,38.0,1.4,6.4,Snow,39.7,0.7,2,155.85,14.48,1
SHP-103313,Mississauga ON,Sudbury ON,QuebecExpress,Standard,General Freight,Bronze,10,244.0,221.8,2,1,4.77,66.0,8.1,6.2,Rain,93.0,0.171,1,237.69,6.34,1
SHP-103466,Toronto ON,Sudbury ON,MapleFreight Fleet,Express,General Freight,Bronze,6,217.4,1116.6,2,0,2.71,24.0,8.2,12.6,Clear,51.6,0.395,0,249.0,2.72,0
SHP-102610,Mississauga ON,Regina SK,MapleFreight Fleet,Express,General Freight,Silver,8,1172.1,574.6,1,0,17.07,-20.0,,5.8,Rain,53.6,0.442,2,183.07,17.12,0
SHP-101679,Toronto ON,Sudbury ON,PrairieLine,Standard,General Freight,Silver,4,234.9,1330.7,3,0,5.59,-5.0,5.0,6.3,,62.2,0.723,2,183.4,5.5,0
SHP-102968,Montreal QC,Quebec City QC,MapleFreight Fleet,Standard,General Freight,Bronze,12,420.4,1476.4,1,0,7.19,4.0,3.5,5.2,Storm,39.0,0.303,2,195.9,6.56,0
SHP-104812,Calgary AB,Sudbury ON,MapleFreight Fleet,Express,General Freight,Silver,2,579.5,1022.0,5,0,11.03,67.0,26.0,3.1,Clear,65.5,0.531,0,185.47,10.97,0
SHP-101923,Mississauga ON,Ottawa ON,PrairieLine,Standard,Bulk,Bronze,7,485.1,165.7,2,0,8.5,-2.0,2.3,8.7,Clear,23.9,0.384,0,253.72,8.41,0
SHP-100855,London ON,Edmonton AB,Contract Owner-Op,Standard,General Freight,Bronze,12,905.7,730.6,1,0,10.22,14.0,9.5,5.2,Rain,64.0,0.457,0,,10.47,0
SHP-104333,Winnipeg MB,Calgary AB,PrairieLine,Standard,Refrigerated,Silver,5,1805.7,1897.2,3,0,27.68,-1.0,2.3,9.9,Snow,21.3,0.542,1,185.4,39.99,1
SHP-104465,Toronto ON,Hamilton ON,PrairieLine,Standard,Bulk,Bronze,2,806.0,279.1,2,0,13.15,26.0,0.7,5.7,Clear,56.4,0.491,0,169.02,11.94,0
SHP-104752,London ON,Calgary AB,MapleFreight Fleet,Economy,General Freight,Bronze,1,442.2,879.4,4,0,7.24,10.0,5.5,3.3,Clear,64.1,0.645,0,123.95,7.3,0
SHP-105352,Montreal QC,Montreal QC,MapleFreight Fleet,Economy,General Freight,Bronze,5,516.2,1105.0,5,1,11.03,52.0,7.9,1.2,Clear,50.1,0.0,5,129.13,9.87,0
SHP-100105,Calgary AB,Montreal QC,QuebecExpress,Standard,General Freight,Gold,9,529.1,2028.9,3,0,9.33,-7.0,8.6,7.6,Snow,52.0,0.286,2,235.89,9.33,0
SHP-103182,Ottawa ON,Ottawa ON,Contract Owner-Op,Standard,Fragile,Silver,3,1149.4,2572.7,0,0,17.2,43.0,5.5,5.2,Fog,46.9,0.498,1,312.09,17.65,0
SHP-103204,Mississauga ON,Quebec City QC,MapleFreight Fleet,Express,General Freight,Bronze,8,616.4,1542.2,1,0,10.41,63.0,3.9,3.7,Clear,56.7,0.298,1,83.16,10.17,0
SHP-103231,Toronto ON,Winnipeg MB,Contract Owner-Op,Economy,General Freight,Bronze,10,694.1,956.3,4,1,10.26,-20.0,3.0,2.3,Snow,65.2,0.75,3,186.18,14.36,1
SHP-102357,Toronto ON,Montreal QC,QuebecExpress,Express,Refrigerated,Bronze,3,597.5,757.7,1,0,8.72,49.0,7.7,6.9,Rain,58.1,0.345,0,175.59,8.87,0
SHP-100907,Toronto ON,Regina SK,MapleFreight Fleet,Economy,Refrigerated,Gold,7,423.6,1450.6,0,0,7.82,35.0,1.4,2.8,Snow,41.2,0.589,0,144.77,7.26,0
SHP-101761,Mississauga ON,Ottawa ON,MapleFreight Fleet,Standard,Hazardous,Silver,1,683.2,622.5,1,0,7.82,90.0,5.8,2.6,Clear,34.5,0.504,2,110.53,7.2,0
SHP-100908,Calgary AB,Ottawa ON,MapleFreight Fleet,Standard,General Freight,Bronze,3,847.4,604.4,3,1,12.29,44.0,5.1,3.3,Rain,37.8,0.424,0,202.22,11.87,0
SHP-104154,Toronto ON,Quebec City QC,QuebecExpress,Express,General Freight,Bronze,5,205.5,1866.7,3,0,4.91,35.0,15.4,3.1,Clear,90.3,0.422,1,114.24,4.95,0
SHP-104149,Ottawa ON,Winnipeg MB,MapleFreight Fleet,Standard,General Freight,Bronze,4,256.5,1531.6,4,0,7.24,11.0,7.7,17.5,Clear,59.6,0.513,0,145.44,6.43,0
SHP-100489,London ON,Winnipeg MB,MapleFreight Fleet,Standard,General Freight,Silver,4,361.3,1100.0,1,1,5.44,-20.0,5.1,4.9,Clear,21.0,0.319,3,180.28,5.55,0
SHP-103016,Mississauga ON,Toronto ON,MapleFreight Fleet,Standard,Refrigerated,Silver,12,696.2,1402.6,0,0,8.76,34.0,7.1,11.9,Rain,55.9,0.652,1,175.44,8.69,0
SHP-102608,London ON,Montreal QC,QuebecExpress,Standard,General Freight,Silver,7,497.6,2803.7,5,0,10.66,22.0,7.7,2.3,Snow,37.3,0.47,4,119.11,16.61,1
SHP-103472,Calgary AB,Calgary AB,QuebecExpress,Economy,General Freight,Gold,3,1071.8,1192.3,0,1,14.35,-20.0,11.6,1.3,Snow,59.6,0.232,2,195.27,13.75,0
SHP-103177,Toronto ON,Hamilton ON,MapleFreight Fleet,Standard,General Freight,Bronze,10,773.6,2236.2,2,0,12.06,7.0,,6.0,Clear,47.9,0.5,5,108.84,12.63,0
SHP-105748,Toronto ON,Montreal QC,PrairieLine,Express,General Freight,Gold,6,321.4,773.3,2,0,5.83,20.0,12.8,8.6,Clear,15.0,0.557,2,277.87,5.72,0
SHP-100575,Ottawa ON,Toronto ON,PrairieLine,Economy,General Freight,Bronze,1,896.8,1059.2,0,0,10.72,76.0,2.8,2.9,Clear,89.7,0.449,2,122.05,10.82,0
SHP-103063,Mississauga ON,Ottawa ON,MapleFreight Fleet,Standard,General Freight,Silver,9,804.5,1120.3,5,0,15.18,-8.0,4.4,2.4,Snow,70.1,0.439,1,228.96,13.56,0
SHP-104948,Winnipeg MB,Edmonton AB,NorthStar Carriers,Standard,General Freight,Bronze,2,731.0,336.6,1,0,10.82,62.0,4.9,5.6,Rain,68.1,0.369,0,226.6,11.34,0
SHP-104291,Ottawa ON,Montreal QC,MapleFreight Fleet,Economy,General Freight,Gold,7,405.4,443.2,5,0,8.49,45.0,0.4,5.3,Clear,43.5,0.003,2,149.51,8.02,0
SHP-102659,Montreal QC,Hamilton ON,QuebecExpress,Standard,Bulk,Bronze,2,818.2,461.7,5,0,16.12,-14.0,8.7,4.4,Rain,48.8,0.774,0,,21.36,1
SHP-105364,Mississauga ON,Toronto ON,MapleFreight Fleet,Economy,Fragile,Bronze,2,245.6,1212.2,1,0,3.65,-20.0,11.2,10.6,Storm,47.8,0.457,0,118.26,3.85,0
SHP-105851,London ON,Regina SK,Contract Owner-Op,Express,Refrigerated,Silver,3,225.5,1280.8,0,0,4.02,125.0,9.2,10.7,Clear,38.2,0.415,2,195.62,3.95,0
SHP-104787,Toronto ON,Hamilton ON,QuebecExpress,Standard,General Freight,Bronze,4,157.0,670.0,4,0,4.94,-7.0,,16.3,Fog,70.7,0.591,1,170.41,4.56,0
SHP-103069,Ottawa ON,Montreal QC,QuebecExpress,Standard,Refrigerated,Silver,3,442.2,2748.4,0,0,6.94,5.0,0.2,10.6,Clear,70.1,0.42,2,,7.32,0
SHP-100226,Toronto ON,Regina SK,PrairieLine,Economy,General Freight,Silver,5,1579.2,1371.2,2,0,22.68,-0.0,9.3,2.2,Rain,50.6,0.314,1,87.12,21.34,0
SHP-104350,Montreal QC,Montreal QC,QuebecExpress,Express,General Freight,Silver,4,333.8,490.9,3,0,5.44,23.0,,5.0,Fog,50.6,0.359,1,124.09,5.26,0
SHP-101652,Winnipeg MB,Sudbury ON,MapleFreight Fleet,Standard,General Freight,Silver,12,435.9,1294.7,1,0,7.65,23.0,3.1,6.5,Clear,51.3,0.325,1,198.56,7.01,0
SHP-105221,Toronto ON,Edmonton AB,MapleFreight Fleet,Standard,General Freight,Silver,1,487.6,871.5,0,0,7.94,25.0,10.1,0.8,Clear,44.8,0.635,1,215.8,7.79,0
SHP-100062,Ottawa ON,Regina SK,MapleFreight Fleet,Standard,General Freight,Bronze,10,1250.6,725.3,4,0,19.01,-17.0,5.2,1.2,Snow,49.4,0.508,3,247.69,18.42,0
SHP-102277,Toronto ON,Quebec City QC,QuebecExpress,standard,General Freight,Bronze,12,1450.6,1426.4,0,0,18.41,35.0,8.1,9.4,Clear,19.5,0.392,1,319.48,28.38,1
SHP-102431,Toronto ON,Toronto ON,Contract Owner-Op,Economy,Bulk,Silver,4,694.2,325.0,0,0,8.33,90.0,2.2,9.1,Snow,56.3,0.559,0,248.7,12.94,1
SHP-105775,Montreal QC,Calgary AB,NorthStar Carriers,Economy,General Freight,Silver,5,631.3,879.2,0,0,9.9,16.0,9.3,0.7,Clear,68.0,0.621,4,176.16,10.3,0
SHP-101888,Mississauga ON,Regina SK,MapleFreight Fleet,Economy,Refrigerated,Bronze,2,521.0,640.8,0,0,8.77,2.0,6.6,2.2,Snow,44.2,0.408,0,184.99,8.47,0
SHP-100132,Montreal QC,Calgary AB,Contract Owner-Op,Economy,General Freight,Bronze,6,719.9,1126.6,5,0,13.91,-20.0,8.9,4.1,Clear,56.3,0.268,2,159.36,12.89,0
SHP-105719,Winnipeg MB,Ottawa ON,MapleFreight Fleet,Standard,Fragile,Bronze,8,518.4,513.0,0,0,6.28,-20.0,9.8,5.1,Clear,74.2,0.364,0,178.69,6.43,0
SHP-103464,Calgary AB,Calgary AB,MapleFreight Fleet,Express,Refrigerated,Gold,4,447.2,1885.3,0,0,6.03,46.0,13.3,6.0,Clear,54.6,0.652,1,,6.14,0
SHP-104589,Ottawa ON,Calgary AB,MapleFreight Fleet,Economy,Refrigerated,Silver,1,395.9,1403.7,0,0,4.44,89.0,20.4,5.8,Rain,46.4,0.691,0,237.34,4.62,0
SHP-103117,Calgary AB,Regina SK,QuebecExpress,Economy,Fragile,Gold,2,1083.3,624.7,3,0,18.21,-17.0,,4.6,Storm,71.6,0.475,1,220.09,18.28,0
SHP-103925,Montreal QC,Winnipeg MB,MapleFreight Fleet,Economy,Refrigerated,Silver,3,893.7,189.8,2,0,14.05,-8.0,6.9,2.6,Snow,71.8,0.364,1,182.14,14.36,0
SHP-105332,Mississauga ON,Toronto ON,PrairieLine,Economy,Bulk,Bronze,12,445.1,671.0,0,0,6.28,-20.0,4.4,5.6,Rain,52.6,0.606,0,223.72,5.54,0
SHP-102067,Ottawa ON,Edmonton AB,QuebecExpress,Standard,General Freight,Silver,4,302.7,294.7,1,0,6.18,41.0,4.7,3.6,Clear,53.6,0.545,0,269.51,5.73,0
SHP-102836,Mississauga ON,Calgary AB,MapleFreight Fleet,Standard,General Freight,Bronze,1,208.9,615.5,1,0,2.03,30.0,3.7,2.7,Rain,54.2,0.627,0,171.67,2.12,0
SHP-103864,Toronto ON,Toronto ON,NorthStar Carriers,Standard,Refrigerated,Silver,6,912.5,665.3,2,0,14.21,-1.0,3.3,2.2,Storm,25.5,0.772,0,,12.6,0
SHP-105537,Winnipeg MB,Sudbury ON,QuebecExpress,Standard,Refrigerated,Gold,4,826.8,1271.5,4,1,13.96,29.0,8.0,6.6,Clear,48.1,0.418,1,158.35,14.07,0
SHP-102739,Calgary AB,Winnipeg MB,MapleFreight Fleet,Standard,Bulk,Bronze,4,874.4,978.6,2,0,14.02,64.0,3.2,3.8,Clear,51.9,0.286,2,75.12,13.27,0
SHP-103887,Ottawa ON,Toronto ON,NorthStar Carriers,Economy,General Freight,Gold,5,255.5,478.3,2,0,3.44,27.0,12.6,6.7,Rain,53.2,0.459,1,103.49,3.33,0
SHP-101952,Toronto ON,Winnipeg MB,PrairieLine,Standard,Fragile,Silver,7,422.9,773.1,1,0,6.82,-1.0,8.4,4.1,Rain,39.6,0.629,3,154.1,8.14,1
SHP-103589,Mississauga ON,Hamilton ON,QuebecExpress,Standard,General Freight,Bronze,11,317.8,638.3,3,1,6.95,48.0,2.7,7.5,Rain,51.7,0.348,0,191.81,6.74,0
SHP-104642,Toronto ON,Quebec City QC,PrairieLine,Standard,General Freight,Bronze,10,429.8,937.0,0,0,5.83,14.0,5.1,19.7,Fog,59.8,0.367,1,206.47,5.84,0
SHP-105523,Toronto ON,Quebec City QC,Contract Owner-Op,Express,Bulk,Gold,3,346.3,1612.5,1,0,7.18,11.0,3.5,11.0,Snow,68.3,0.414,1,244.63,7.2,0
SHP-101608,Mississauga ON,Sudbury ON,MapleFreight Fleet,Standard,General Freight,Silver,3,484.0,1421.4,5,0,8.28,20.0,6.9,7.3,Clear,26.9,0.481,1,239.58,8.59,0
SHP-101349,Toronto ON,Calgary AB,MapleFreight Fleet,Standard,General Freight,Bronze,10,338.1,1441.4,1,0,2.81,19.0,6.9,4.8,Fog,49.0,0.549,0,185.06,2.93,0
SHP-102569,Ottawa ON,Sudbury ON,MapleFreight Fleet,Economy,Bulk,Silver,7,343.3,670.2,1,0,5.96,43.0,5.7,2.3,Clear,,0.143,0,151.02,5.99,0
SHP-105145,Winnipeg MB,Winnipeg MB,MapleFreight Fleet,Economy,General Freight,Silver,6,813.0,2656.2,3,0,15.81,26.0,8.6,4.0,Fog,42.6,0.444,1,208.57,15.06,0
SHP-101010,Calgary AB,Regina SK,QuebecExpress,Standard,General Freight,Gold,5,593.2,470.4,0,0,9.33,21.0,1.0,7.5,Rain,49.5,0.219,1,202.44,8.63,0
SHP-101323,Toronto ON,Ottawa ON,QuebecExpress,Standard,General Freight,Bronze,4,480.7,485.1,0,1,7.81,15.0,1.3,1.5,Storm,50.0,0.45,1,137.7,6.88,0
SHP-102576,Montreal QC,Quebec City QC,MapleFreight Fleet,Economy,Refrigerated,Silver,6,563.0,1508.4,0,0,8.42,-17.0,8.3,7.3,Clear,34.1,0.448,1,273.38,7.49,0
SHP-104577,Ottawa ON,Hamilton ON,MapleFreight Fleet,Express,Refrigerated,Silver,5,782.7,303.3,5,0,13.84,-20.0,9.6,4.9,Clear,89.9,0.514,1,122.29,13.8,0
SHP-103866,Mississauga ON,Sudbury ON,MapleFreight Fleet,Economy,General Freight,Gold,9,659.6,740.4,0,0,9.7,11.0,3.0,7.3,Clear,62.2,0.612,1,220.49,12.88,1
SHP-102975,Toronto ON,Winnipeg MB,MapleFreight Fleet,Standard,Bulk,Bronze,6,615.2,420.1,3,0,9.62,64.0,4.8,12.8,Storm,74.8,0.219,0,230.33,13.76,1
SHP-103564,Toronto ON,Toronto ON,PrairieLine,Economy,Bulk,Silver,11,771.2,711.1,4,0,14.21,2.0,3.4,4.8,Storm,61.8,0.233,0,203.08,21.3,1
SHP-104970,Toronto ON,Toronto ON,QuebecExpress,Economy,Fragile,Silver,10,373.4,868.7,5,0,6.24,27.0,3.7,5.5,Clear,33.5,0.298,3,194.39,6.07,0
SHP-101843,Mississauga ON,Montreal QC,MapleFreight Fleet,Standard,Refrigerated,Bronze,1,913.8,2263.8,4,0,14.91,112.0,5.2,11.7,Clear,47.5,0.61,2,108.01,20.65,1
SHP-102115,Calgary AB,Montreal QC,MapleFreight Fleet,Economy,General Freight,Bronze,11,707.6,488.0,2,0,12.54,-20.0,3.2,3.1,Rain,75.2,0.17,3,175.45,11.38,0
SHP-102075,Toronto ON,Montreal QC,NorthStar Carriers,Express,Hazardous,Silver,2,797.6,1457.0,2,0,10.94,58.0,6.7,0.4,Rain,47.4,0.19,1,208.03,9.88,0
SHP-101328,Toronto ON,Edmonton AB,PrairieLine,Economy,Refrigerated,Bronze,8,589.3,795.7,1,1,8.28,61.0,3.5,4.7,Clear,40.8,0.968,1,158.39,7.66,0
SHP-103246,Toronto ON,Quebec City QC,Contract Owner-Op,Standard,General Freight,Silver,11,319.3,1611.6,0,0,3.48,87.0,4.3,4.0,Clear,94.3,0.486,1,176.2,3.58,0
SHP-103680,Calgary AB,Sudbury ON,MapleFreight Fleet,Standard,Fragile,Bronze,2,784.5,1810.9,4,0,13.72,31.0,6.5,3.2,Fog,64.0,0.889,1,175.3,13.92,0
SHP-103467,Toronto ON,Sudbury ON,QuebecExpress,Standard,Refrigerated,Bronze,5,586.1,221.8,4,0,7.66,6.0,6.0,5.3,,75.2,0.743,2,179.49,11.69,1
SHP-104553,Montreal QC,Quebec City QC,NorthStar Carriers,Standard,General Freight,Gold,7,431.7,1947.4,2,0,7.02,19.0,3.2,7.4,Clear,55.5,0.617,0,197.06,7.26,0
SHP-105597,Mississauga ON,Hamilton ON,MapleFreight Fleet,Express,Bulk,Gold,3,768.5,270.6,5,0,12.32,41.0,1.3,4.7,Clear,56.5,0.312,1,159.05,11.09,0
SHP-100862,Ottawa ON,Edmonton AB,NorthStar Carriers,Standard,Fragile,Silver,8,762.4,758.1,0,0,12.44,65.0,8.2,7.6,Rain,20.0,0.534,2,196.47,11.22,0
SHP-102068,Winnipeg MB,Calgary AB,MapleFreight Fleet,Standard,Hazardous,Bronze,4,1074.0,483.8,3,0,15.96,18.0,4.8,6.6,Clear,55.3,0.348,3,217.47,14.73,0
SHP-102255,Mississauga ON,Hamilton ON,PrairieLine,Standard,General Freight,Bronze,4,1211.2,2218.8,3,0,20.03,19.0,8.7,5.3,Snow,53.3,0.656,0,224.58,22.56,1
SHP-101237,Calgary AB,Winnipeg MB,PrairieLine,Economy,General Freight,Bronze,4,562.8,510.9,3,1,8.39,1.0,2.5,2.8,Rain,45.5,0.167,0,,8.82,0
SHP-100724,Toronto ON,Montreal QC,QuebecExpress,Express,Hazardous,Bronze,1,642.1,1229.8,2,0,9.67,15.0,2.8,2.3,Clear,55.0,0.534,3,34.24,9.91,0
SHP-102311,Toronto ON,Calgary AB,PrairieLine,Standard,Hazardous,Gold,5,490.2,1228.2,2,0,4.85,-20.0,5.7,5.0,Snow,46.0,0.341,1,227.57,5.03,0
SHP-103761,Toronto ON,Ottawa ON,MapleFreight Fleet,Standard,Bulk,Silver,10,891.7,1987.6,1,1,11.81,14.0,6.9,4.6,Storm,100.0,0.346,2,153.53,17.2,1
SHP-101340,Ottawa ON,Calgary AB,MapleFreight Fleet,Standard,General Freight,Bronze,12,628.4,1341.8,0,0,9.11,4.0,0.8,5.5,Storm,38.5,0.541,2,204.2,9.11,0
SHP-103512,Toronto ON,Hamilton ON,Contract Owner-Op,Standard,General Freight,Silver,6,1009.3,2606.8,1,0,14.19,40.0,0.9,3.9,Clear,38.2,0.348,1,142.25,14.7,0
SHP-102523,Calgary AB,Ottawa ON,NorthStar Carriers,Economy,General Freight,Bronze,12,1522.8,797.7,0,0,20.36,-20.0,4.0,1.7,Clear,70.8,0.45,0,194.74,23.94,1
SHP-102806,Montreal QC,Calgary AB,PrairieLine,Express,Fragile,Silver,1,742.6,1477.2,3,1,13.79,35.0,0.6,3.6,Clear,,0.314,1,196.0,20.17,1
SHP-102081,Toronto ON,Winnipeg MB,QuebecExpress,Standard,General Freight,Silver,8,689.4,925.9,2,0,12.46,17.0,5.6,3.0,Clear,59.1,0.394,0,282.99,11.06,0
SHP-105077,Montreal QC,Montreal QC,PrairieLine,Standard,General Freight,Gold,12,1386.1,1069.8,4,0,21.12,-14.0,10.1,5.5,Storm,43.1,0.81,3,187.59,33.56,1
SHP-102358,Calgary AB,Toronto ON,PrairieLine,Economy,General Freight,Bronze,12,531.1,122.0,3,0,10.15,14.0,7.1,0.9,Clear,50.5,0.655,3,167.0,9.97,0
SHP-101915,Calgary AB,Montreal QC,QuebecExpress,Standard,General Freight,Silver,3,228.0,1734.1,2,0,4.53,27.0,7.1,6.5,Rain,64.1,0.487,0,135.32,4.61,0
SHP-105482,London ON,Quebec City QC,NorthStar Carriers,Standard,General Freight,Gold,5,562.1,1209.4,3,0,12.22,40.0,2.7,3.3,Rain,54.1,0.453,1,171.74,11.01,0
SHP-102611,London ON,Regina SK,NorthStar Carriers,Standard,General Freight,Bronze,9,542.8,685.0,3,0,9.18,-3.0,4.7,5.9,Clear,89.7,0.514,2,,8.96,0
SHP-103411,Toronto ON,Winnipeg MB,PrairieLine,Express,General Freight,Bronze,10,416.6,706.2,3,0,11.34,69.0,4.8,3.4,Clear,68.8,0.415,1,165.93,11.9,0
SHP-104242,Toronto ON,Toronto ON,MapleFreight Fleet,Economy,Fragile,Silver,9,190.6,1333.7,3,1,4.86,23.0,6.5,4.6,Clear,51.4,0.313,3,,4.72,0
SHP-103985,Mississauga ON,Quebec City QC,PrairieLine,Express,Fragile,Bronze,11,455.7,69.9,5,1,8.24,27.0,9.3,1.3,Rain,39.0,0.483,3,203.96,7.32,0
SHP-105261,Calgary AB,Ottawa ON,QuebecExpress,Express,Bulk,Gold,8,212.6,854.2,0,0,2.02,63.0,5.3,5.0,Clear,56.9,0.344,1,235.89,2.05,0
SHP-105010,Montreal QC,Sudbury ON,NorthStar Carriers,Economy,General Freight,Silver,11,384.4,743.8,4,1,4.62,-13.0,4.8,3.9,Rain,46.3,0.682,3,155.09,5.55,1
SHP-105044,Toronto ON,Calgary AB,NorthStar Carriers,Standard,Hazardous,Bronze,11,797.9,1465.4,3,0,15.79,-20.0,4.6,3.9,Clear,43.6,0.322,0,212.14,15.48,0
SHP-103963,Mississauga ON,Sudbury ON,QuebecExpress,Standard,General Freight,Silver,8,524.9,1022.1,0,0,6.36,-14.0,4.4,3.1,Storm,59.8,0.409,1,288.68,5.95,0
SHP-101417,Mississauga ON,Sudbury ON,NorthStar Carriers,Express,Bulk,Bronze,6,755.8,522.7,2,0,11.57,54.0,3.3,6.5,Snow,75.2,0.491,2,261.25,11.06,0
SHP-100121,Toronto ON,Winnipeg MB,NorthStar Carriers,Economy,General Freight,Silver,7,298.9,1150.5,1,0,5.54,29.0,1.8,4.8,Snow,31.6,0.479,1,194.3,5.62,0
SHP-101714,Montreal QC,Hamilton ON,QuebecExpress,Standard,Fragile,Bronze,6,420.2,820.0,3,0,8.04,28.0,1.5,5.9,Clear,28.7,0.634,1,197.17,7.1,0
SHP-103451,Ottawa ON,Regina SK,QuebecExpress,Express,General Freight,Silver,5,279.2,374.6,4,0,6.0,90.0,4.1,4.4,Clear,87.5,0.283,1,221.64,6.77,1
SHP-103071,Toronto ON,Toronto ON,MapleFreight Fleet,Economy,Fragile,Gold,3,1200.2,725.2,2,0,17.5,19.0,2.7,5.9,Clear,46.2,0.174,1,170.59,16.93,0
SHP-104655,Toronto ON,Montreal QC,MapleFreight Fleet,Express,General Freight,Silver,7,1155.1,1347.7,4,0,19.63,28.0,6.7,7.4,Storm,21.6,0.507,2,245.87,19.4,0
SHP-100539,Winnipeg MB,Winnipeg MB,MapleFreight Fleet,Economy,Hazardous,Silver,10,1061.9,388.0,2,0,16.48,15.0,4.3,0.6,Fog,21.0,0.636,1,107.81,15.72,0
SHP-104613,London ON,Winnipeg MB,MapleFreight Fleet,Standard,Fragile,Bronze,5,571.3,1243.0,1,0,7.84,30.0,8.7,4.2,Snow,47.1,0.245,2,147.5,8.08,0
SHP-101209,Mississauga ON,Edmonton AB,QuebecExpress,Economy,General Freight,Bronze,1,288.2,554.8,3,0,5.41,50.0,6.9,4.9,Clear,52.9,0.496,1,214.87,5.35,0
SHP-100943,London ON,Sudbury ON,PrairieLine,Standard,General Freight,Bronze,12,909.0,446.5,3,0,12.64,27.0,1.6,1.0,Clear,55.7,0.82,3,140.94,13.01,0
SHP-105930,Mississauga ON,Winnipeg MB,MapleFreight Fleet,Standard,General Freight,Bronze,6,529.8,1181.1,5,0,9.72,-20.0,1.9,6.6,Fog,74.6,0.896,1,193.16,9.55,0
SHP-102251,Mississauga ON,Sudbury ON,NorthStar Carriers,Standard,Refrigerated,Bronze,9,223.0,1853.4,0,0,3.82,9.0,2.8,3.3,Clear,44.5,0.308,2,145.14,5.91,1
SHP-103856,Ottawa ON,Regina SK,MapleFreight Fleet,Standard,Bulk,Silver,12,564.8,627.1,4,0,10.59,33.0,2.9,6.9,Rain,36.6,0.468,0,161.67,9.81,0
SHP-103561,Calgary AB,Montreal QC,MapleFreight Fleet,Economy,Fragile,Gold,11,538.6,2057.0,4,0,10.71,36.0,5.9,3.3,Clear,39.9,0.434,3,218.24,11.01,0
SHP-102724,Calgary AB,Montreal QC,Contract Owner-Op,Standard,Fragile,Silver,8,278.8,1861.6,4,0,6.02,-9.0,27.9,8.3,Clear,33.3,0.295,1,129.28,5.97,0
SHP-104192,Mississauga ON,Quebec City QC,Contract Owner-Op,Standard,Hazardous,Bronze,1,654.5,706.2,3,0,10.81,14.0,3.5,3.8,Snow,57.3,0.619,2,188.58,12.29,1
SHP-105074,Toronto ON,Sudbury ON,MapleFreight Fleet,Standard,General Freight,Bronze,8,487.5,1158.7,1,0,9.3,-20.0,5.8,2.6,Clear,59.2,0.349,1,139.76,9.43,0
SHP-101681,Winnipeg MB,Hamilton ON,MapleFreight Fleet,Economy,General Freight,Bronze,6,423.2,1073.5,5,0,8.76,111.0,3.4,7.1,Clear,9.5,0.57,1,146.38,8.65,0
SHP-101406,Calgary AB,Winnipeg MB,PrairieLine,Standard,Fragile,Bronze,10,513.7,587.6,3,0,8.55,33.0,11.8,1.6,Rain,53.8,0.457,1,,8.61,0
SHP-102638,London ON,Quebec City QC,MapleFreight Fleet,Standard,General Freight,Gold,2,286.8,897.3,1,0,5.07,53.0,2.3,8.3,Snow,50.8,0.3,1,120.62,5.12,0
SHP-101532,Ottawa ON,Winnipeg MB,MapleFreight Fleet,Standard,Hazardous,Silver,4,512.8,253.7,5,0,8.45,48.0,5.8,3.0,Clear,63.2,0.115,1,235.05,7.93,0
SHP-105544,Toronto ON,Toronto ON,PrairieLine,Standard,General Freight,Silver,9,527.2,1167.3,3,0,10.04,10.0,2.5,2.5,Storm,47.0,0.154,1,248.37,11.42,1
SHP-102484,Calgary AB,Ottawa ON,QuebecExpress,Standard,Hazardous,Silver,12,429.8,691.2,0,1,5.07,71.0,3.8,4.8,Clear,78.2,0.331,1,176.31,7.46,1
SHP-101064,Ottawa ON,Calgary AB,MapleFreight Fleet,Economy,General Freight,Gold,2,1820.6,524.7,4,0,27.43,10.0,5.7,1.5,Clear,34.2,0.594,3,275.29,26.2,0
SHP-104010,Montreal QC,Regina SK,PrairieLine,Standard,General Freight,Bronze,4,647.0,3203.9,2,0,9.82,18.0,8.8,8.7,Clear,49.0,0.484,1,,9.92,0
SHP-104048,Ottawa ON,Ottawa ON,MapleFreight Fleet,Standard,General Freight,Bronze,2,497.7,679.5,3,0,8.49,72.0,3.9,9.7,Rain,55.9,0.426,0,167.95,7.86,0
SHP-104588,Toronto ON,Ottawa ON,Contract Owner-Op,Economy,Refrigerated,Bronze,2,449.6,871.5,5,0,11.61,42.0,2.7,5.2,Fog,77.4,0.749,2,161.08,13.46,1
SHP-105619,Mississauga ON,Regina SK,QuebecExpress,Standard,General Freight,Bronze,7,447.7,746.9,4,0,8.33,88.0,8.5,1.8,Storm,45.4,0.646,1,165.98,11.66,1
SHP-100290,Calgary AB,Ottawa ON,PrairieLine,Economy,Fragile,Silver,6,618.1,1427.5,2,0,9.58,71.0,8.4,5.2,Clear,64.8,0.61,2,191.7,9.44,0
SHP-101147,Calgary AB,Winnipeg MB,NorthStar Carriers,Standard,Refrigerated,Bronze,1,1429.1,604.2,2,0,20.97,18.0,3.5,7.4,Snow,68.5,0.409,2,229.44,28.72,1
SHP-104625,Toronto ON,Sudbury ON,MapleFreight Fleet,Express,Hazardous,Bronze,9,636.2,1077.9,2,0,10.02,18.0,7.8,7.5,Clear,73.0,0.577,3,155.5,10.59,0
SHP-104690,Calgary AB,Regina SK,Contract Owner-Op,Express,General Freight,Silver,7,605.5,670.9,3,0,10.8,48.0,4.0,3.5,Clear,72.8,0.559,1,257.38,14.76,1
SHP-102287,Calgary AB,Regina SK,MapleFreight Fleet,Economy,Refrigerated,Bronze,3,512.4,904.9,5,1,10.1,67.0,3.0,3.4,Clear,89.9,0.312,3,144.54,10.27,0
SHP-104507,Montreal QC,Ottawa ON,QuebecExpress,Standard,Fragile,Bronze,10,809.4,1089.0,3,0,14.92,91.0,1.9,4.1,Clear,51.0,0.291,1,144.13,13.36,0
SHP-101469,Ottawa ON,Edmonton AB,NorthStar Carriers,Economy,Bulk,Silver,10,1045.4,2870.3,0,0,12.37,32.0,7.6,2.8,Clear,36.2,0.555,3,204.06,11.57,0
SHP-105699,Montreal QC,Calgary AB,NorthStar Carriers,Economy,Fragile,Gold,11,590.2,192.2,0,0,10.84,27.0,5.6,1.4,Clear,52.2,0.2,1,214.77,11.41,0
SHP-100587,Calgary AB,Toronto ON,QuebecExpress,Standard,General Freight,Silver,3,473.6,1729.1,4,1,8.69,8.0,6.6,11.5,Clear,75.7,0.235,2,202.04,8.62,0
SHP-100972,Calgary AB,Regina SK,Contract Owner-Op,Standard,General Freight,Silver,8,418.5,97.1,3,0,7.18,27.0,7.4,8.0,Snow,89.5,0.673,1,227.81,8.95,1
SHP-102411,Mississauga ON,Winnipeg MB,MapleFreight Fleet,Economy,General Freight,Bronze,2,259.9,1160.7,4,0,4.34,45.0,2.6,5.9,Rain,71.9,0.656,0,270.73,5.05,1
SHP-100626,Toronto ON,Regina SK,MapleFreight Fleet,Express,Fragile,Silver,8,877.2,209.8,2,1,13.48,55.0,4.3,9.1,Clear,79.7,0.799,0,,14.26,0
SHP-104543,Ottawa ON,Edmonton AB,NorthStar Carriers,Standard,General Freight,Silver,1,467.2,946.9,0,1,4.18,10.0,4.4,3.8,Snow,58.9,0.484,1,,4.31,0
SHP-100308,Mississauga ON,Hamilton ON,MapleFreight Fleet,Standard,Fragile,Bronze,9,1414.0,120.8,0,0,19.86,-3.0,25.5,7.6,Clear,76.6,0.616,2,41.39,19.42,0
SHP-100352,Toronto ON,Toronto ON,NorthStar Carriers,Standard,General Freight,Bronze,4,699.6,850.1,1,0,11.56,-4.0,8.9,6.8,Clear,63.2,0.644,0,,11.15,0
SHP-100705,Montreal QC,Montreal QC,PrairieLine,Economy,Fragile,Gold,7,460.7,725.7,2,0,9.88,14.0,4.8,7.0,Rain,72.0,0.638,4,233.46,10.15,0
SHP-103950,Mississauga ON,Toronto ON,NorthStar Carriers,Standard,General Freight,Silver,5,618.9,1212.5,3,0,9.06,17.0,1.2,6.4,Clear,,0.213,0,203.86,9.17,0
SHP-101412,Ottawa ON,Ottawa ON,MapleFreight Fleet,Standard,Bulk,Bronze,1,381.0,318.5,1,0,6.32,21.0,2.2,6.4,Clear,38.3,0.556,1,242.86,5.85,0
SHP-102103,Toronto ON,Ottawa ON,PrairieLine,Standard,General Freight,Bronze,4,480.3,241.0,1,0,7.21,13.0,,5.6,Clear,61.8,0.323,2,191.27,7.06,0
SHP-103301,Calgary AB,Sudbury ON,PrairieLine,Express,General Freight,Silver,3,877.1,1811.4,1,0,12.73,-20.0,4.1,8.2,Snow,36.0,0.848,5,136.57,12.81,0
SHP-100586,Calgary AB,Sudbury ON,NorthStar Carriers,Standard,Fragile,Silver,9,321.5,1095.8,1,0,3.35,35.0,2.3,2.3,Clear,59.6,0.639,0,203.88,2.95,0
SHP-103997,Montreal QC,Montreal QC,MapleFreight Fleet,Standard,General Freight,Silver,11,427.9,1240.0,4,0,7.95,20.0,9.9,5.8,Clear,39.2,0.35,1,165.87,8.03,0
SHP-100753,Montreal QC,Hamilton ON,Contract Owner-Op,Standard,General Freight,Silver,9,752.9,248.3,5,0,12.57,67.0,6.3,6.5,Snow,83.8,0.147,1,192.73,14.41,1
SHP-100712,Toronto ON,Edmonton AB,NorthStar Carriers,Standard,Hazardous,Silver,1,1404.2,1675.9,5,0,24.39,40.0,7.0,8.4,Fog,34.2,0.356,1,219.25,33.78,1
SHP-103227,Winnipeg MB,Toronto ON,MapleFreight Fleet,Standard,Hazardous,Bronze,10,489.1,1855.9,4,0,9.41,-12.0,11.1,3.4,Rain,46.8,0.087,4,200.76,9.34,0
SHP-104016,Calgary AB,Montreal QC,MapleFreight Fleet,Standard,General Freight,Silver,5,577.9,1389500.0,2,0,8.16,42.0,3.6,10.7,Rain,40.4,0.387,0,149.67,7.43,0
SHP-104245,Mississauga ON,Montreal QC,MapleFreight Fleet,Economy,General Freight,Silver,12,987.2,894.4,1,0,15.12,32.0,6.5,3.0,Rain,45.5,0.421,0,265.09,14.9,0
SHP-101655,Montreal QC,Quebec City QC,Contract Owner-Op,Express,Hazardous,Silver,2,400.2,130.7,2,0,7.99,6.0,4.3,4.8,Rain,52.8,0.6,2,89.35,8.41,0
SHP-103269,Winnipeg MB,Winnipeg MB,Contract Owner-Op,Standard,Bulk,Bronze,12,597.6,275.9,3,0,12.78,44.0,9.8,5.9,Rain,77.6,0.602,3,277.64,11.67,0
SHP-101629,Toronto ON,Montreal QC,MapleFreight Fleet,Standard,Bulk,Silver,11,489.2,569.9,0,1,9.58,-7.0,5.1,4.5,,21.9,0.359,0,168.42,8.98,0
SHP-101897,Ottawa ON,Hamilton ON,PrairieLine,Express,General Freight,Silver,1,1119.7,1131.6,5,0,19.63,86.0,4.4,5.9,Rain,71.8,0.137,3,151.84,20.19,0
SHP-104457,Calgary AB,Toronto ON,MapleFreight Fleet,Standard,Hazardous,Gold,7,213.1,181.5,1,0,5.18,-20.0,17.2,6.3,Snow,35.4,0.293,0,265.91,5.16,0
SHP-102430,Montreal QC,Montreal QC,MapleFreight Fleet,Express,General Freight,Bronze,1,469.8,874.3,4,0,10.05,-7.0,1.3,3.7,Snow,83.9,0.344,2,265.16,10.27,0
SHP-103729,Montreal QC,Quebec City QC,NorthStar Carriers,Standard,General Freight,Bronze,12,326.9,986.0,5,0,7.89,1.0,3.2,2.6,Clear,60.2,0.452,0,196.7,7.01,0
SHP-103793,Toronto ON,Winnipeg MB,MapleFreight Fleet,Express,General Freight,Gold,7,738.1,1444.7,0,0,10.11,-20.0,4.7,1.8,Clear,72.8,0.318,1,251.17,9.31,0
SHP-102499,Ottawa ON,Winnipeg MB,PrairieLine,Standard,General Freight,Silver,11,287.7,271.9,3,0,5.37,71.0,8.1,4.5,Fog,53.0,0.44,2,216.94,4.91,0
SHP-102488,Ottawa ON,Montreal QC,QuebecExpress,Economy,Bulk,Bronze,4,501.0,690.1,3,0,9.33,59.0,5.2,18.0,Rain,25.2,0.508,1,228.57,10.61,1
SHP-100144,Calgary AB,Winnipeg MB,MapleFreight Fleet,Economy,Bulk,Silver,3,531.2,1011.9,5,0,11.92,5.0,3.1,6.1,Clear,43.3,0.491,2,171.81,10.86,0
SHP-100547,Toronto ON,Quebec City QC,MapleFreight Fleet,Standard,Fragile,Silver,12,1058.4,717.3,0,0,16.98,-20.0,,7.3,Rain,39.2,0.585,2,191.15,16.18,0
SHP-105188,Mississauga ON,Sudbury ON,MapleFreight Fleet,Standard,General Freight,Bronze,7,182.8,3715.5,4,0,5.56,26.0,5.2,2.9,Clear,45.2,0.428,2,166.75,5.1,0
SHP-101171,Toronto ON,Edmonton AB,MapleFreight Fleet,Standard,Fragile,Bronze,10,401.6,220.5,2,0,6.13,91.0,6.5,4.5,Storm,56.6,0.099,0,186.79,9.68,1
SHP-102948,Montreal QC,Sudbury ON,QuebecExpress,Standard,General Freight,Bronze,2,649.2,868.4,1,1,9.99,-0.0,5.4,7.6,Clear,64.2,0.351,0,49.84,10.41,0
SHP-105504,Ottawa ON,Toronto ON,NorthStar Carriers,Standard,General Freight,Bronze,12,467.0,1077.6,3,0,8.4,-20.0,8.3,5.6,Clear,36.8,0.173,3,188.6,8.07,0
SHP-102240,Mississauga ON,Regina SK,PrairieLine,Standard,Fragile,Silver,3,231.9,1193.4,4,0,6.77,23.0,2.9,2.5,Rain,46.0,0.665,0,278.61,6.75,0
SHP-105334,London ON,Winnipeg MB,PrairieLine,Express,General Freight,Bronze,4,236.5,522.9,3,1,4.79,-20.0,11.0,6.7,Clear,48.1,0.541,0,103.57,4.71,0
SHP-102226,Montreal QC,Hamilton ON,QuebecExpress,Standard,General Freight,Gold,11,227.4,704.9,2,0,4.49,-10.0,5.0,18.5,Clear,6.0,0.136,1,193.15,4.55,0
SHP-100592,Montreal QC,Winnipeg MB,MapleFreight Fleet,Express,General Freight,Silver,9,630.1,489.6,2,0,9.7,40.0,6.2,0.9,Clear,69.4,0.691,4,170.72,9.82,0
SHP-100155,Ottawa ON,Quebec City QC,MapleFreight Fleet,Standard,General Freight,Silver,1,582.7,827.1,3,0,9.54,56.0,8.9,4.4,Clear,60.0,0.477,3,155.56,8.84,0
SHP-104468,Calgary AB,Ottawa ON,Contract Owner-Op,Standard,Refrigerated,Silver,11,451.4,2048.3,2,0,6.99,35.0,12.1,4.5,Rain,64.1,0.172,0,196.44,6.83,0
SHP-105594,Toronto ON,Montreal QC,NorthStar Carriers,Economy,General Freight,Bronze,3,512.2,712.8,4,0,12.0,74.0,21.2,2.7,Clear,50.8,0.731,0,183.93,11.33,0
SHP-103419,Toronto ON,Sudbury ON,NorthStar Carriers,Express,General Freight,Gold,10,624.2,1674.4,1,0,10.83,57.0,2.3,3.2,Clear,40.1,0.222,2,159.8,10.3,0
SHP-104908,Mississauga ON,Montreal QC,NorthStar Carriers,Standard,Fragile,Bronze,9,644.7,1633.4,1,0,9.4,-20.0,1.4,3.0,Clear,88.3,0.113,0,64.23,8.5,0
SHP-101795,Mississauga ON,Edmonton AB,Contract Owner-Op,Standard,General Freight,Silver,6,731.6,1235.1,2,1,10.44,-6.0,9.6,5.5,Clear,56.1,0.082,2,239.48,10.42,0
SHP-101884,Winnipeg MB,Winnipeg MB,MapleFreight Fleet,Standard,General Freight,Gold,8,739.3,1090.6,5,0,14.42,5.0,21.3,3.0,Rain,40.5,0.258,2,,15.04,0
SHP-102177,Toronto ON,Sudbury ON,MapleFreight Fleet,Standard,Fragile,Gold,2,249.6,1008.5,3,0,6.86,15.0,1.8,3.4,Clear,24.0,0.165,1,95.32,6.44,0
SHP-101961,Mississauga ON,Sudbury ON,MapleFreight Fleet,Standard,General Freight,Silver,6,1077.6,871.7,2,0,16.93,-15.0,8.6,4.7,Storm,46.8,0.183,3,174.62,15.65,0
SHP-102148,Mississauga ON,Edmonton AB,PrairieLine,Standard,Hazardous,Silver,5,407.4,431.6,1,0,5.14,51.0,7.6,2.3,,57.9,0.461,1,306.84,8.08,1
SHP-102403,Montreal QC,Hamilton ON,QuebecExpress,Economy,Refrigerated,Bronze,10,219.6,842.7,4,1,5.93,19.0,9.7,7.9,Clear,31.9,0.178,1,190.37,5.46,0
SHP-101705,Toronto ON,Quebec City QC,MapleFreight Fleet,Standard,General Freight,Bronze,3,396.2,1275.2,1,0,6.5,22.0,4.6,20.0,Clear,19.9,0.455,2,212.41,6.56,0
SHP-101052,Montreal QC,Toronto ON,PrairieLine,express,Bulk,Gold,10,1460.2,559.1,4,0,21.37,6.0,8.3,5.4,Rain,38.7,0.408,1,102.6,20.7,0
SHP-105518,Mississauga ON,Montreal QC,Contract Owner-Op,Economy,General Freight,Silver,8,683.2,404.6,1,0,10.7,1.0,1.5,6.6,Clear,58.1,0.541,4,237.1,9.84,0
SHP-102112,Toronto ON,Montreal QC,PrairieLine,Standard,Bulk,Bronze,7,366.4,569.2,2,0,6.82,-9.0,5.2,5.5,Storm,36.3,0.442,0,215.01,6.64,0
SHP-105995,Toronto ON,Toronto ON,NorthStar Carriers,Standard,General Freight,Bronze,2,351.6,2096.6,5,0,7.85,-20.0,1.2,3.7,Snow,31.1,0.381,2,234.53,7.17,0
SHP-101436,Winnipeg MB,Sudbury ON,PrairieLine,Standard,Hazardous,Bronze,1,387.9,1304.2,0,0,4.92,6.0,4.7,8.6,Clear,28.5,0.278,2,223.78,5.07,0
SHP-102780,Mississauga ON,Sudbury ON,QuebecExpress,Express,General Freight,Gold,12,659.0,375.4,0,0,9.56,12.0,2.9,8.3,Snow,38.6,0.699,0,215.04,13.36,1
SHP-105335,Ottawa ON,Edmonton AB,QuebecExpress,Economy,Refrigerated,Bronze,10,378.1,1099.2,3,0,8.34,-20.0,13.2,4.6,Clear,64.3,0.23,0,251.64,7.68,0
SHP-101594,Toronto ON,Winnipeg MB,QuebecExpress,Economy,General Freight,Bronze,2,878.0,1474.2,4,0,14.83,34.0,6.1,4.7,Snow,34.3,0.691,0,269.82,19.01,1
SHP-105037,Calgary AB,Calgary AB,NorthStar Carriers,Standard,Refrigerated,Bronze,10,1169.7,1535.7,1,0,17.46,45.0,4.0,3.3,Rain,52.3,0.311,0,158.44,16.27,0
SHP-102468,Toronto ON,Montreal QC,PrairieLine,Standard,General Freight,Silver,1,490.6,117.8,3,0,9.86,-7.0,7.3,3.9,Storm,51.9,0.306,1,244.45,9.81,0
SHP-100564,Toronto ON,Montreal QC,MapleFreight Fleet,Standard,Fragile,Bronze,5,413.9,762.5,2,0,6.79,-12.0,1.3,2.5,Clear,39.0,0.54,3,157.42,7.07,0
SHP-103980,Mississauga ON,Calgary AB,NorthStar Carriers,Economy,Refrigerated,Bronze,9,1186.2,504.3,1,0,17.65,17.0,0.7,7.9,Clear,59.6,0.713,0,149.41,18.27,0
SHP-104206,Toronto ON,Hamilton ON,PrairieLine,Express,Bulk,Gold,8,257.1,649.5,0,0,6.19,34.0,2.8,3.9,Clear,55.2,0.31,0,256.27,6.22,0
SHP-105408,Montreal QC,Hamilton ON,MapleFreight Fleet,Standard,General Freight,Silver,10,605.3,324.1,4,0,10.47,46.0,5.0,2.7,Rain,72.0,0.235,1,118.88,9.85,0
SHP-104846,London ON,Sudbury ON,QuebecExpress,Economy,General Freight,Bronze,6,458.9,520.1,5,0,10.28,59.0,3.2,6.1,Clear,49.4,0.766,0,207.9,15.75,1
SHP-102750,Toronto ON,Ottawa ON,PrairieLine,Express,General Freight,Gold,5,383.8,460.3,2,0,6.36,-20.0,3.4,8.9,Storm,58.1,0.563,0,106.28,7.99,1
SHP-102510,London ON,Winnipeg MB,PrairieLine,Standard,General Freight,Gold,1,238.3,1903.8,5,0,5.24,91.0,0.6,9.9,Snow,25.2,0.574,2,187.36,7.45,1
SHP-101581,London ON,Regina SK,QuebecExpress,Standard,Fragile,Gold,3,835.7,1161.1,3,0,12.98,87.0,6.4,0.2,Rain,44.5,0.521,0,197.2,19.89,1
SHP-103823,Montreal QC,Hamilton ON,MapleFreight Fleet,Economy,Bulk,Gold,12,439.2,698.1,3,0,8.97,55.0,6.5,6.7,Clear,37.8,0.287,1,111.57,8.02,0
SHP-100203,Ottawa ON,Edmonton AB,Contract Owner-Op,Standard,General Freight,Silver,12,626.8,510.9,3,0,10.42,-9.0,2.7,6.0,Clear,99.3,0.303,0,146.64,15.52,1
SHP-104521,Toronto ON,Quebec City QC,MapleFreight Fleet,Express,Bulk,Silver,3,979.3,1810.4,5,0,16.97,-7.0,1.5,8.9,Snow,67.7,0.173,1,241.87,15.24,0
SHP-104289,Calgary AB,Toronto ON,MapleFreight Fleet,Standard,General Freight,Bronze,5,923.9,1297.5,2,0,14.92,34.0,9.5,4.8,Snow,55.5,0.756,0,165.38,15.09,0
SHP-101198,London ON,Winnipeg MB,NorthStar Carriers,Economy,General Freight,Silver,5,517.9,817.8,0,0,6.85,16.0,14.3,9.4,Clear,55.1,0.302,1,70.27,6.68,0
SHP-104000,Mississauga ON,Regina SK,NorthStar Carriers,Standard,Bulk,Silver,5,334.4,1891.2,2,0,6.99,-16.0,5.5,3.6,Clear,63.5,0.594,1,159.3,9.21,1
SHP-104616,Ottawa ON,Quebec City QC,MapleFreight Fleet,Standard,Bulk,Silver,7,936.5,922.1,4,0,14.89,-20.0,3.0,3.4,Rain,100.0,0.466,1,200.42,23.3,1
SHP-105227,Toronto ON,Sudbury ON,MapleFreight Fleet,economy,General Freight,Bronze,11,548.5,95.3,5,0,11.87,6.0,4.1,11.1,Clear,51.8,0.614,1,276.26,12.1,0
SHP-102992,Winnipeg MB,Regina SK,PrairieLine,Standard,Fragile,Bronze,5,170.7,821.3,3,0,3.73,28.0,3.5,5.7,Rain,47.8,0.603,3,177.66,3.3,0
SHP-104205,Winnipeg MB,Edmonton AB,MapleFreight Fleet,Standard,General Freight,Silver,4,1434.0,560.9,1,0,22.22,73.0,3.7,6.8,Clear,79.4,0.514,2,206.45,28.54,1
SHP-101847,Calgary AB,Montreal QC,MapleFreight Fleet,Express,Refrigerated,Silver,9,295.5,380.5,1,0,4.41,39.0,1.9,9.8,Fog,68.9,0.487,1,156.8,4.21,0
SHP-102433,Toronto ON,Ottawa ON,MapleFreight Fleet,Express,General Freight,Bronze,4,424.8,550.9,5,0,9.96,8.0,1.9,1.0,Clear,63.3,0.246,2,169.31,10.21,0
SHP-100559,Toronto ON,Hamilton ON,QuebecExpress,Express,General Freight,Silver,12,412.2,1065.9,0,0,4.53,-20.0,1.3,7.0,Clear,39.4,0.04,2,157.86,4.52,0
SHP-104805,Mississauga ON,Sudbury ON,MapleFreight Fleet,Standard,Fragile,Silver,6,222.1,1140.5,0,0,3.53,24.0,4.3,2.1,Snow,60.6,0.564,1,59.28,3.25,0
SHP-102477,Ottawa ON,Toronto ON,MapleFreight Fleet,Standard,General Freight,Bronze,2,372.7,313.4,4,0,9.68,47.0,,8.9,Snow,84.6,0.459,0,275.31,12.49,1
SHP-103481,Mississauga ON,Edmonton AB,QuebecExpress,Economy,Bulk,Gold,10,452.4,1561.0,1,0,6.05,-8.0,4.3,1.8,Storm,55.6,0.376,4,123.35,9.03,1
SHP-100038,Toronto ON,Ottawa ON,PrairieLine,Standard,General Freight,Silver,1,300.0,503.1,4,0,8.22,38.0,,1.2,Snow,78.7,0.604,2,102.36,9.91,1
SHP-100426,London ON,Regina SK,MapleFreight Fleet,Express,Fragile,Silver,1,896.1,1571.7,4,0,15.58,29.0,5.3,3.0,Clear,83.8,0.524,2,236.29,17.55,1
SHP-104013,Toronto ON,Sudbury ON,NorthStar Carriers,Express,General Freight,Bronze,2,683.2,171.6,1,0,9.79,34.0,3.9,7.9,Rain,74.3,0.817,1,227.69,11.43,1
SHP-102214,Calgary AB,Montreal QC,NorthStar Carriers,Express,Refrigerated,Bronze,1,386.2,626.7,0,0,7.23,-1.0,1.5,3.5,Snow,74.6,0.261,1,191.06,6.63,0
SHP-102644,Toronto ON,Toronto ON,MapleFreight Fleet,Standard,Fragile,Gold,1,890.2,443.5,5,0,15.94,-20.0,2.1,4.9,Clear,35.9,0.48,2,168.52,14.53,0
SHP-103507,Calgary AB,Toronto ON,QuebecExpress,Standard,General Freight,Bronze,2,610.8,623.5,4,0,10.01,42.0,7.0,10.7,Clear,69.1,0.538,1,338.51,9.16,0
SHP-102290,Toronto ON,Sudbury ON,MapleFreight Fleet,Express,General Freight,Gold,6,382.4,1634.2,2,0,6.35,92.0,8.3,15.7,Rain,37.5,0.502,1,65.85,6.62,0
SHP-103278,Montreal QC,Winnipeg MB,MapleFreight Fleet,Standard,General Freight,Silver,4,656.6,1114.3,0,0,9.05,48.0,5.1,16.0,Clear,92.6,0.534,1,223.15,8.78,0
SHP-100109,Mississauga ON,Toronto ON,NorthStar Carriers,Standard,Fragile,Bronze,7,229.7,380600.0,1,0,5.13,68.0,10.4,3.2,Clear,33.2,0.479,1,136.29,4.55,0
SHP-103412,Ottawa ON,Toronto ON,MapleFreight Fleet,Standard,Fragile,Silver,5,1118.3,931.0,1,0,16.55,69.0,2.7,2.2,Rain,21.6,0.161,1,173.11,17.14,0
SHP-100498,Mississauga ON,Quebec City QC,MapleFreight Fleet,Standard,General Freight,Bronze,4,804.5,691.4,5,0,13.57,-20.0,1.3,4.6,Clear,34.8,0.153,0,96.82,12.4,0
SHP-103812,Toronto ON,Calgary AB,NorthStar Carriers,Standard,General Freight,Gold,5,485.7,404.2,1,0,7.13,61.0,6.7,7.3,Rain,55.0,0.299,0,200.05,6.96,0
SHP-102307,Toronto ON,Quebec City QC,NorthStar Carriers,Standard,General Freight,Silver,3,378.2,1791.8,0,0,4.42,48.0,4.8,4.0,Rain,66.5,0.326,0,30.0,3.95,0
SHP-102211,Mississauga ON,Sudbury ON,MapleFreight Fleet,Economy,Fragile,Silver,5,360.2,1028.4,4,0,8.48,8.0,4.8,5.1,Storm,22.1,0.65,1,215.41,8.82,0
SHP-104874,London ON,Ottawa ON,MapleFreight Fleet,Express,Fragile,Silver,7,742.2,894.1,4,0,12.94,80.0,3.5,3.8,Rain,71.7,0.502,0,198.76,13.19,0
SHP-101813,Montreal QC,Hamilton ON,QuebecExpress,Standard,General Freight,Gold,5,512.2,352.0,1,0,9.54,27.0,8.3,6.5,Rain,74.2,0.585,2,56.89,10.06,0
SHP-101604,Toronto ON,Winnipeg MB,MapleFreight Fleet,Express,Hazardous,Silver,8,257.1,1173.4,5,0,7.57,56.0,,6.1,Rain,75.7,0.24,1,235.53,7.5,0
SHP-103000,London ON,Quebec City QC,NorthStar Carriers,Standard,General Freight,Gold,3,115.0,254.8,0,0,1.0,-18.0,6.8,4.3,Fog,27.0,0.292,0,187.38,0.93,0
SHP-102741,Mississauga ON,Calgary AB,NorthStar Carriers,Standard,Bulk,Bronze,3,343.1,813.9,5,1,7.81,28.0,4.8,3.1,Rain,41.3,0.497,1,,6.9,0
SHP-105969,Toronto ON,Quebec City QC,PrairieLine,Standard,Fragile,Bronze,6,815.3,243.1,0,0,12.09,64.0,5.7,6.2,Clear,40.2,0.378,1,,12.68,0
SHP-101605,Mississauga ON,Ottawa ON,PrairieLine,Standard,Refrigerated,Gold,12,518.8,2537.3,1,0,6.49,38.0,,14.9,Clear,73.7,0.278,0,147.98,6.13,0
SHP-103023,Calgary AB,Quebec City QC,MapleFreight Fleet,Standard,Fragile,Silver,9,595.8,802.5,0,1,7.58,-13.0,5.9,11.9,Fog,49.0,0.402,1,30.0,7.08,0
SHP-100246,Mississauga ON,Edmonton AB,PrairieLine,Express,General Freight,Silver,5,734.7,412.0,1,1,11.53,-20.0,3.4,0.5,Rain,72.3,0.336,0,151.55,11.61,0
SHP-100734,Toronto ON,Montreal QC,NorthStar Carriers,Standard,Bulk,Bronze,4,710.7,935.7,1,0,9.79,45.0,21.4,2.6,Fog,45.3,0.343,2,238.85,10.27,0
SHP-100764,Toronto ON,Toronto ON,NorthStar Carriers,Standard,General Freight,Bronze,12,735.8,2744.4,0,0,8.5,41.0,10.5,13.3,Clear,26.9,0.097,3,148.13,8.27,0
SHP-100281,Ottawa ON,Calgary AB,PrairieLine,Standard,Bulk,Bronze,7,653.0,688.4,2,0,9.23,14.0,4.7,4.3,Storm,34.4,0.684,1,243.88,12.55,1
SHP-100254,Toronto ON,Montreal QC,QuebecExpress,Standard,General Freight,Bronze,7,685.4,629.8,5,0,13.07,23.0,4.3,7.8,Fog,6.2,0.775,3,208.41,11.87,0
SHP-100550,Toronto ON,Hamilton ON,Contract Owner-Op,Economy,Bulk,Bronze,3,540.5,430.9,5,0,13.78,34.0,5.6,4.7,Clear,65.9,0.301,2,131.8,13.14,0
SHP-101250,Toronto ON,Edmonton AB,QuebecExpress,Standard,Hazardous,Bronze,8,843.5,220.2,4,0,15.19,13.0,6.1,2.3,Snow,57.3,0.555,2,199.14,14.0,0
SHP-102897,Calgary AB,Quebec City QC,PrairieLine,Standard,Fragile,Bronze,8,284.2,713.0,0,0,5.81,-20.0,6.0,6.0,Clear,51.5,0.61,7,184.22,5.62,0
SHP-101223,Mississauga ON,Calgary AB,PrairieLine,Standard,General Freight,Bronze,3,427.7,967.3,0,0,5.89,21.0,7.3,0.6,Clear,62.6,0.503,1,309.76,6.09,0
SHP-101642,Montreal QC,Quebec City QC,Contract Owner-Op,Standard,Hazardous,Bronze,11,1005.2,391.7,2,0,12.67,5.0,7.1,4.9,Clear,29.9,0.526,0,163.12,12.66,0
SHP-105866,Mississauga ON,Hamilton ON,QuebecExpress,Standard,General Freight,Silver,3,448.8,304.4,1,0,9.17,28.0,15.8,8.5,Clear,25.5,0.147,0,318.22,9.15,0
SHP-100394,Winnipeg MB,Sudbury ON,PrairieLine,Express,Hazardous,Bronze,7,933.4,128.6,1,0,13.14,96.0,17.2,0.5,Storm,47.0,0.579,0,201.79,17.31,1
SHP-105610,Montreal QC,Edmonton AB,NorthStar Carriers,Economy,Fragile,Silver,9,997.5,1412.5,2,0,16.04,3.0,4.7,4.0,Clear,60.0,0.331,0,53.16,14.19,0
SHP-104483,Montreal QC,Montreal QC,MapleFreight Fleet,Standard,Fragile,Bronze,5,960.6,211.7,5,0,18.48,12.0,4.9,1.5,Clear,53.5,0.3,1,147.91,18.49,0
SHP-103053,Montreal QC,Toronto ON,QuebecExpress,Economy,Bulk,Bronze,2,598.4,2103.8,0,0,8.27,-20.0,0.2,5.3,Snow,,0.688,2,,10.62,1
SHP-100829,Mississauga ON,Montreal QC,PrairieLine,Standard,Bulk,Silver,12,978.3,537.9,0,0,13.12,-20.0,11.1,3.4,Clear,47.2,0.824,1,162.05,19.87,1
SHP-100182,Calgary AB,Quebec City QC,NorthStar Carriers,Standard,Fragile,Silver,1,566.2,1396.5,2,0,8.29,77.0,1.9,2.3,Clear,64.1,0.292,0,124.33,8.59,0
SHP-103144,Montreal QC,Calgary AB,NorthStar Carriers,Standard,General Freight,Gold,7,579.3,1485.7,5,0,12.13,-8.0,9.8,7.0,Rain,49.4,0.226,1,249.29,10.79,0
SHP-105966,Montreal QC,Calgary AB,NorthStar Carriers,Express,Bulk,Bronze,1,345.1,534.2,5,0,10.32,9.0,9.2,7.2,Fog,40.4,0.664,1,106.9,9.94,0
SHP-104582,Calgary AB,Winnipeg MB,PrairieLine,Economy,General Freight,Bronze,4,432.1,633.2,5,0,9.74,65.0,5.3,9.4,Snow,45.3,0.707,0,260.31,15.0,1
SHP-104516,Toronto ON,Quebec City QC,NorthStar Carriers,Standard,Bulk,Gold,9,396.6,276.8,2,0,7.3,115.0,7.1,7.4,Fog,74.1,0.545,5,106.25,9.57,1
SHP-105889,Montreal QC,Calgary AB,MapleFreight Fleet,Express,Fragile,Gold,4,519.4,575.6,4,0,9.83,-2.0,2.8,13.9,Rain,59.1,0.441,2,190.96,8.83,0
SHP-100669,Mississauga ON,Montreal QC,PrairieLine,Standard,Refrigerated,Silver,12,1026.6,1935.7,5,0,17.1,-20.0,0.8,3.8,Clear,73.5,0.297,1,146.23,20.04,1
SHP-101771,Mississauga ON,Quebec City QC,MapleFreight Fleet,Standard,General Freight,Silver,3,387.2,1963.7,4,0,8.0,44.0,9.3,5.5,Rain,50.1,0.433,1,227.28,7.93,0
SHP-101003,Ottawa ON,Ottawa ON,QuebecExpress,Standard,Fragile,Silver,12,523.4,1242.9,5,0,11.58,34.0,1.7,4.9,Rain,,0.282,1,178.39,14.77,1
SHP-104749,Montreal QC,Hamilton ON,PrairieLine,Standard,Fragile,Silver,1,519.3,1238200.0,1,0,6.84,14.0,10.2,6.4,Clear,80.9,0.276,0,161.74,6.62,0
SHP-101319,Winnipeg MB,Sudbury ON,NorthStar Carriers,Standard,General Freight,Silver,6,852.8,1227.2,1,0,11.67,3.0,11.3,4.5,Fog,20.3,0.34,0,151.18,12.1,0
SHP-101548,Calgary AB,Hamilton ON,PrairieLine,Standard,General Freight,Bronze,3,950.3,569.8,4,0,14.88,-6.0,2.2,5.0,Clear,50.0,0.555,0,171.16,22.74,1
SHP-104669,Mississauga ON,Calgary AB,Contract Owner-Op,Standard,General Freight,Gold,7,387.0,684.3,2,0,7.57,17.0,4.5,8.2,Clear,28.7,0.511,1,117.23,7.13,0
SHP-102714,Ottawa ON,Edmonton AB,MapleFreight Fleet,Standard,General Freight,Silver,1,1210.0,393.5,1,0,14.51,18.0,1.6,2.9,Clear,55.2,0.014,1,208.13,13.11,0
SHP-101787,Toronto ON,Ottawa ON,QuebecExpress,Standard,General Freight,Gold,7,951.4,1345.4,0,0,15.44,17.0,6.3,5.9,Fog,72.3,0.921,3,151.39,22.48,1
SHP-104837,Calgary AB,Winnipeg MB,NorthStar Carriers,Standard,Bulk,Gold,11,748.1,1043.5,5,1,13.45,39.0,1.0,6.9,Clear,32.4,0.669,3,142.96,12.9,0
SHP-100278,Winnipeg MB,Quebec City QC,MapleFreight Fleet,Economy,General Freight,Silver,11,130.7,991.3,1,0,1.09,-20.0,1.9,9.1,Rain,48.6,0.298,1,179.98,1.01,0
SHP-105006,Mississauga ON,Winnipeg MB,PrairieLine,Economy,Refrigerated,Silver,6,646.7,422.6,5,0,13.58,15.0,13.1,6.9,Clear,69.6,0.581,1,120.97,14.13,0
SHP-102599,Toronto ON,Hamilton ON,MapleFreight Fleet,Standard,Bulk,Bronze,10,1190.9,1868.9,5,0,18.84,-9.0,,9.5,Rain,56.9,0.273,1,187.09,18.1,0
SHP-103654,Mississauga ON,Winnipeg MB,QuebecExpress,Standard,General Freight,Bronze,5,1133.7,538.7,2,0,14.44,23.0,2.4,5.3,Clear,19.1,0.296,2,118.06,16.19,1
SHP-105741,Calgary AB,Montreal QC,MapleFreight Fleet,Standard,General Freight,Silver,1,136.5,819.8,0,0,1.0,-20.0,1.7,4.6,Rain,84.8,0.763,4,225.84,1.32,1
SHP-102340,Ottawa ON,Quebec City QC,MapleFreight Fleet,Standard,Refrigerated,Silver,11,459.0,2220.8,0,0,4.96,54.0,2.8,14.0,Fog,62.8,0.279,1,92.28,4.93,0
SHP-105338,Montreal QC,Regina SK,MapleFreight Fleet,Standard,General Freight,Bronze,5,726.3,1514.0,4,0,13.38,40.0,24.7,7.6,Clear,58.0,0.646,2,173.23,12.42,0
SHP-101889,Winnipeg MB,Edmonton AB,QuebecExpress,Standard,General Freight,Silver,5,383.2,969.5,3,1,7.36,11.0,3.3,6.1,Clear,66.5,0.289,4,223.53,6.67,0
SHP-103544,Toronto ON,Toronto ON,QuebecExpress,Economy,Refrigerated,Bronze,1,865.1,883.4,3,0,15.98,47.0,7.4,6.1,Fog,64.9,0.334,1,71.53,14.55,0
SHP-100378,Montreal QC,Regina SK,NorthStar Carriers,Standard,General Freight,Bronze,3,235.9,233.1,3,0,4.92,27.0,2.7,6.4,Clear,61.2,0.583,2,232.51,5.18,0
SHP-105502,Calgary AB,Calgary AB,Contract Owner-Op,Economy,General Freight,Silver,1,711.5,963.3,3,0,11.24,6.0,2.0,2.1,Clear,26.3,0.591,4,215.73,11.43,0
SHP-101184,Ottawa ON,Calgary AB,PrairieLine,Express,General Freight,Silver,4,446.5,1213.7,0,1,8.74,22.0,11.1,1.1,Clear,55.3,0.492,1,177.85,9.0,0
SHP-100635,Winnipeg MB,Montreal QC,NorthStar Carriers,Express,General Freight,Bronze,4,867.5,1159.4,4,0,15.82,88.0,3.8,3.9,Clear,58.4,0.688,2,66.81,22.6,1
SHP-103104,Calgary AB,Edmonton AB,NorthStar Carriers,Standard,General Freight,Gold,2,459.7,303.7,2,0,5.62,-6.0,5.0,2.0,Fog,44.4,0.496,1,224.32,5.13,0
SHP-104763,Mississauga ON,Winnipeg MB,NorthStar Carriers,Express,Fragile,Bronze,1,686.6,1209.1,0,1,8.37,-20.0,2.8,5.2,Rain,41.1,0.351,2,189.54,8.25,0
SHP-103245,Toronto ON,Quebec City QC,QuebecExpress,Standard,Fragile,Bronze,12,447.1,787.6,2,0,6.95,-5.0,14.7,6.0,Clear,43.0,0.467,2,194.97,6.99,0
SHP-104755,Winnipeg MB,Sudbury ON,MapleFreight Fleet,Standard,General Freight,Gold,4,380.4,1778.6,0,0,5.13,71.0,4.8,6.5,Clear,41.7,0.405,3,154.04,4.95,0
SHP-101891,Montreal QC,Hamilton ON,QuebecExpress,Express,Fragile,Bronze,3,771.4,338.6,4,0,12.64,72.0,3.6,4.3,Clear,63.5,0.392,2,208.44,12.89,0
SHP-100080,Toronto ON,Montreal QC,MapleFreight Fleet,Express,Refrigerated,Silver,4,425.8,359.7,2,0,6.13,52.0,1.6,4.0,Clear,67.1,0.456,1,160.2,6.05,0
SHP-105308,Mississauga ON,Toronto ON,NorthStar Carriers,Express,Fragile,Gold,6,322.8,455.7,5,0,8.66,-6.0,3.0,5.2,Clear,40.8,0.585,0,192.32,7.71,0
SHP-103911,Toronto ON,Hamilton ON,MapleFreight Fleet,Express,Refrigerated,Bronze,3,449.2,303.8,3,0,8.24,-11.0,6.3,3.0,Clear,31.4,0.331,2,201.5,8.09,0
SHP-101030,Mississauga ON,Winnipeg MB,NorthStar Carriers,Express,General Freight,Bronze,9,207.5,2260.8,1,0,2.76,-6.0,1.6,7.5,Rain,59.5,0.959,0,371.42,2.9,0
SHP-102347,Calgary AB,Hamilton ON,MapleFreight Fleet,Standard,General Freight,Gold,3,329.4,1413.3,1,1,4.8,26.0,7.5,4.7,Snow,64.6,0.589,1,145.32,5.03,0
SHP-100916,Toronto ON,Regina SK,QuebecExpress,Standard,Bulk,Bronze,11,263.2,1541.9,2,1,6.35,51.0,10.1,6.2,Storm,72.6,0.54,1,226.07,8.44,1
SHP-101968,Toronto ON,Hamilton ON,Contract Owner-Op,Standard,General Freight,Silver,2,576.1,265.7,0,0,10.61,-5.0,2.8,5.5,Clear,71.6,0.538,3,172.08,15.19,1
SHP-105558,Montreal QC,Winnipeg MB,QuebecExpress,Standard,General Freight,Bronze,10,761.4,1698.9,2,0,10.35,59.0,5.0,6.7,Clear,54.0,0.395,2,184.64,9.95,0
SHP-101399,Toronto ON,Montreal QC,PrairieLine,Express,Refrigerated,Bronze,4,551.0,993.8,1,0,8.04,64.0,11.4,4.3,,49.0,0.635,2,65.19,8.51,0
SHP-103489,Toronto ON,Sudbury ON,NorthStar Carriers,Express,General Freight,Bronze,4,540.4,951.0,5,0,8.91,-20.0,1.2,6.7,Storm,68.6,0.302,3,99.44,13.18,1
SHP-102271,London ON,Edmonton AB,QuebecExpress,Standard,General Freight,Bronze,7,421.9,1814.4,3,0,5.19,15.0,12.6,6.4,Clear,51.3,0.218,2,201.38,5.1,0
SHP-103009,Ottawa ON,Ottawa ON,MapleFreight Fleet,Standard,Refrigerated,Silver,5,284.2,935.7,4,0,8.29,2.0,9.0,1.4,Storm,44.1,0.693,3,171.26,10.77,1
SHP-101902,Winnipeg MB,Calgary AB,PrairieLine,Express,General Freight,Silver,12,246.3,698.9,5,0,7.47,51.0,5.7,2.4,Clear,44.2,0.454,1,218.15,6.92,0
SHP-104592,Mississauga ON,Edmonton AB,MapleFreight Fleet,Standard,Fragile,Silver,8,651.9,634.1,1,0,8.48,12.0,3.3,4.0,Snow,72.2,0.141,2,168.36,8.84,0
SHP-101180,Toronto ON,Sudbury ON,PrairieLine,Express,Hazardous,Gold,1,538.0,536.5,1,0,8.61,18.0,1.9,5.0,Clear,43.3,0.799,2,145.02,8.05,0
SHP-101994,Ottawa ON,Winnipeg MB,MapleFreight Fleet,Economy,Bulk,Silver,2,375.3,1149.7,0,0,6.14,30.0,0.9,3.1,Clear,58.1,0.509,1,114.98,6.23,0
SHP-101746,Montreal QC,Regina SK,MapleFreight Fleet,Economy,Hazardous,Gold,6,895.2,466.8,0,0,12.85,-9.0,,7.3,Fog,48.4,0.138,0,229.54,13.13,0
SHP-102706,Toronto ON,Ottawa ON,NorthStar Carriers,Express,Fragile,Silver,8,302.8,1076.0,5,0,7.18,11.0,9.9,6.5,Clear,61.5,0.759,1,266.44,6.95,0
SHP-101553,Montreal QC,Regina SK,QuebecExpress,Express,Fragile,Gold,3,500.4,513.0,4,0,9.3,44.0,1.0,4.2,Clear,56.4,0.584,2,182.46,9.69,0
SHP-103622,Montreal QC,Quebec City QC,MapleFreight Fleet,Standard,Bulk,Bronze,8,289.8,696.2,5,0,7.86,27.0,3.2,3.1,Clear,,0.821,0,188.91,7.84,0
SHP-103207,Calgary AB,Montreal QC,NorthStar Carriers,Express,Fragile,Bronze,5,536.9,1678.1,1,0,8.19,21.0,4.0,4.5,Rain,61.7,0.504,3,190.78,8.31,0
SHP-100323,Ottawa ON,Edmonton AB,MapleFreight Fleet,Standard,Hazardous,Gold,4,1133.2,1399.1,0,0,14.99,-6.0,1.6,6.1,Clear,54.8,0.509,1,238.98,15.07,0
SHP-100784,London ON,Regina SK,NorthStar Carriers,Standard,Fragile,Gold,5,1292.3,549.3,2,0,19.36,47.0,18.6,7.7,Snow,36.0,0.823,0,262.95,18.96,0
SHP-101954,Winnipeg MB,Hamilton ON,NorthStar Carriers,Standard,General Freight,Silver,11,1034.4,157.5,5,0,17.84,41.0,3.4,6.9,Clear,46.9,0.219,2,190.65,18.71,0
SHP-104840,Winnipeg MB,Hamilton ON,PrairieLine,Standard,General Freight,Silver,11,1025.5,880.3,4,0,16.06,12.0,3.2,6.3,Clear,43.3,0.77,0,179.79,14.14,0
SHP-104424,Mississauga ON,Regina SK,Contract Owner-Op,Express,Bulk,Gold,4,692.5,1271.5,2,0,10.25,27.0,8.7,8.1,Rain,34.1,0.37,4,227.29,14.84,1
SHP-100767,Toronto ON,Sudbury ON,PrairieLine,Express,General Freight,Bronze,12,571.1,1501.0,0,0,9.89,53.0,3.6,2.7,Clear,61.0,0.434,0,96.55,8.81,0
SHP-100046,Winnipeg MB,Ottawa ON,Contract Owner-Op,Express,General Freight,Bronze,9,398.7,1351.6,0,0,7.46,-15.0,3.9,6.2,Rain,35.3,0.662,0,194.94,6.86,0
SHP-105381,Toronto ON,Montreal QC,MapleFreight Fleet,Standard,General Freight,Silver,9,345.3,795.3,0,0,2.68,37.0,4.5,3.6,Storm,37.3,0.527,1,259.77,2.67,0
SHP-102293,Toronto ON,Sudbury ON,NorthStar Carriers,standard,General Freight,Silver,7,616.3,1597.2,4,0,10.58,37.0,16.6,3.2,Clear,5.0,0.333,3,168.77,10.64,0
SHP-101545,Mississauga ON,Calgary AB,PrairieLine,Standard,General Freight,Silver,12,777.6,1397.5,2,0,10.46,15.0,6.4,3.7,Clear,63.7,0.368,0,368.5,10.87,0
SHP-104209,Montreal QC,Regina SK,NorthStar Carriers,Express,Fragile,Silver,8,435.1,717.2,0,0,6.56,55.0,3.3,1.6,Fog,48.3,0.498,2,239.48,6.91,0
SHP-100789,Toronto ON,Hamilton ON,QuebecExpress,Standard,Refrigerated,Silver,4,893.2,259.3,3,0,14.1,38.0,2.6,11.2,Clear,45.1,0.682,0,194.08,13.42,0
SHP-102204,Toronto ON,Sudbury ON,MapleFreight Fleet,Standard,General Freight,Silver,6,425.6,940.0,0,0,8.79,55.0,8.5,8.9,Clear,62.9,0.289,2,140.32,9.16,0
SHP-101991,Toronto ON,Quebec City QC,PrairieLine,Standard,Fragile,Gold,9,250.0,603.2,3,1,3.54,25.0,3.4,9.6,Clear,42.0,0.713,2,196.95,4.59,1
SHP-102912,Mississauga ON,Winnipeg MB,MapleFreight Fleet,Standard,Fragile,Bronze,2,303.5,1819.2,4,1,8.31,-20.0,4.1,11.1,Clear,83.8,0.491,4,217.6,7.49,0
SHP-103130,Toronto ON,Winnipeg MB,MapleFreight Fleet,Economy,Bulk,Silver,10,726.3,564.1,1,0,11.51,37.0,7.6,2.6,Clear,75.2,0.341,1,247.04,10.82,0
SHP-105939,Toronto ON,Winnipeg MB,QuebecExpress,Express,General Freight,Silver,6,604.9,172.5,3,0,9.51,-20.0,6.7,7.2,Fog,29.3,0.229,1,78.05,9.04,0
SHP-104218,Mississauga ON,Hamilton ON,QuebecExpress,Standard,Bulk,Bronze,4,867.9,922.3,2,0,14.78,2.0,14.3,2.7,Clear,57.0,0.84,1,222.5,15.09,0
SHP-102933,Winnipeg MB,Winnipeg MB,NorthStar Carriers,Standard,Fragile,Silver,1,452.1,794.3,1,0,8.36,60.0,2.7,2.1,Clear,79.4,0.588,1,205.85,7.82,0
SHP-102660,Calgary AB,Calgary AB,MapleFreight Fleet,Economy,General Freight,Silver,4,493.5,378.5,3,0,7.89,-20.0,6.4,0.9,Rain,29.3,0.307,1,140.62,7.08,0
SHP-104820,Ottawa ON,Toronto ON,QuebecExpress,Standard,General Freight,Bronze,4,648.7,707.7,5,0,12.5,66.0,10.9,4.5,Clear,60.7,0.648,1,167.13,11.07,0
SHP-101289,Calgary AB,Winnipeg MB,NorthStar Carriers,Standard,General Freight,Bronze,12,437.3,1350.7,0,0,7.41,73.0,9.9,6.2,Clear,54.3,0.493,0,147.31,7.63,0
SHP-102876,Ottawa ON,Winnipeg MB,MapleFreight Fleet,Standard,General Freight,Silver,7,558.6,1450.5,3,0,7.58,27.0,20.9,5.3,Snow,40.5,0.242,3,118.81,6.98,0
SHP-101872,Ottawa ON,Montreal QC,QuebecExpress,standard,Bulk,Bronze,8,571.0,786.1,3,0,11.32,-20.0,,2.9,Clear,9.3,0.562,5,187.66,11.75,0
SHP-101641,Mississauga ON,Quebec City QC,PrairieLine,Standard,General Freight,Bronze,5,1294.5,1117.2,0,0,20.33,4.0,9.3,13.4,Clear,73.1,0.401,0,218.21,20.65,0
SHP-101247,Ottawa ON,Quebec City QC,PrairieLine,Standard,General Freight,Silver,9,630.1,694.8,2,0,10.14,56.0,5.7,1.1,Clear,85.6,0.837,1,182.58,10.13,0
SHP-102947,Mississauga ON,Regina SK,MapleFreight Fleet,Standard,Bulk,Bronze,10,432.7,640.6,0,0,2.88,-6.0,4.2,5.0,Clear,48.3,0.184,1,176.71,2.81,0
SHP-101322,Mississauga ON,Sudbury ON,NorthStar Carriers,Standard,Fragile,Bronze,5,417.5,692.2,4,0,8.84,42.0,,10.3,Fog,41.8,0.637,0,143.95,7.88,0
SHP-102259,Toronto ON,Toronto ON,NorthStar Carriers,Express,General Freight,Silver,5,558.8,823.3,3,0,7.02,37.0,8.2,9.2,Snow,46.5,0.575,0,183.03,6.47,0
SHP-103811,Montreal QC,Quebec City QC,MapleFreight Fleet,Standard,Fragile,Gold,10,725.8,484.0,3,0,11.26,40.0,3.1,1.5,Clear,49.8,0.517,2,157.39,11.17,0
SHP-102693,Toronto ON,Edmonton AB,Contract Owner-Op,Economy,Bulk,Gold,10,345.0,1101.5,0,0,3.45,32.0,16.9,1.6,Rain,65.5,0.4,1,155.17,3.19,0
SHP-100773,Mississauga ON,Quebec City QC,MapleFreight Fleet,Economy,Fragile,Silver,9,332.0,1439.5,2,0,6.62,-6.0,5.3,3.8,Snow,32.9,0.62,2,185.5,6.53,0
SHP-100627,Calgary AB,Regina SK,QuebecExpress,Standard,Bulk,Bronze,4,316.2,2337.4,0,0,4.3,2.0,9.1,2.4,Storm,32.6,0.613,0,154.68,4.35,0
SHP-104796,Winnipeg MB,Hamilton ON,QuebecExpress,Standard,General Freight,Silver,5,474.8,354.5,3,0,8.62,28.0,9.6,1.9,Clear,75.1,0.296,2,99.02,8.24,0
SHP-105096,Montreal QC,Sudbury ON,MapleFreight Fleet,Standard,General Freight,Gold,5,393.3,869.8,0,1,4.76,16.0,3.9,2.1,Storm,18.5,0.432,2,203.33,4.23,0
SHP-105710,Toronto ON,Hamilton ON,PrairieLine,Express,Fragile,Silver,5,210.1,276.0,4,0,6.18,8.0,8.8,6.8,Clear,47.4,0.429,1,201.68,6.08,0
SHP-104113,Montreal QC,Ottawa ON,MapleFreight Fleet,Standard,General Freight,Silver,10,803.0,555.8,5,1,14.87,-13.0,2.9,3.9,Fog,68.1,0.286,0,207.72,15.05,0
SHP-101156,Mississauga ON,Montreal QC,Contract Owner-Op,Standard,General Freight,Silver,1,730.1,473.4,2,0,10.83,21.0,8.5,4.0,Storm,74.5,0.458,0,159.29,10.59,0
SHP-105069,Toronto ON,Quebec City QC,MapleFreight Fleet,economy,Bulk,Silver,11,678.2,726.2,5,0,13.42,-12.0,8.1,10.1,Snow,43.5,0.616,1,147.95,14.21,0
SHP-100148,Montreal QC,Montreal QC,QuebecExpress,Economy,Refrigerated,Silver,2,745.2,112.6,4,1,11.04,21.0,2.2,5.9,Rain,55.2,0.364,0,175.99,10.98,0
SHP-100518,Ottawa ON,Montreal QC,MapleFreight Fleet,Economy,General Freight,Bronze,11,465.8,620.7,4,0,8.86,7.0,8.0,3.3,Storm,40.5,0.314,0,190.36,9.04,0
SHP-104519,Toronto ON,Hamilton ON,NorthStar Carriers,Standard,General Freight,Silver,12,828.6,1134.0,4,0,12.63,63.0,5.3,4.6,Clear,38.4,0.175,2,192.97,12.94,0
SHP-105147,Winnipeg MB,Calgary AB,MapleFreight Fleet,Standard,Bulk,Bronze,2,233.3,650.5,0,0,3.6,52.0,2.5,1.4,Clear,68.6,0.321,0,259.5,3.51,0
SHP-105771,Toronto ON,Winnipeg MB,MapleFreight Fleet,Standard,Fragile,Bronze,11,763.9,1535.5,3,0,13.12,-12.0,1.8,3.4,Storm,74.3,0.333,2,171.67,17.22,1
SHP-105247,Toronto ON,Quebec City QC,MapleFreight Fleet,Standard,Hazardous,Bronze,2,1046.5,750.0,1,0,16.72,33.0,2.6,4.2,Clear,61.3,0.221,1,90.61,16.97,0
SHP-101926,Toronto ON,Sudbury ON,PrairieLine,Standard,General Freight,Silver,6,190.0,1705.8,2,0,4.68,30.0,3.4,8.6,Fog,69.5,0.445,0,99.7,4.26,0
SHP-104412,Mississauga ON,Winnipeg MB,PrairieLine,Standard,Refrigerated,Bronze,8,444.7,1305.2,1,0,6.88,-20.0,4.2,1.0,Clear,51.5,0.496,1,130.83,6.77,0
SHP-105816,Winnipeg MB,Edmonton AB,Contract Owner-Op,Standard,General Freight,Bronze,12,587.7,458.9,0,0,8.23,13.0,3.4,5.5,Rain,44.7,0.561,0,108.05,7.46,0
SHP-100438,Ottawa ON,Edmonton AB,MapleFreight Fleet,Express,Bulk,Bronze,10,604.2,348.6,1,0,10.41,20.0,5.5,3.5,Clear,49.8,0.793,1,50.14,10.96,0
SHP-105061,London ON,Edmonton AB,PrairieLine,Economy,General Freight,Silver,6,455.8,969.1,3,0,8.11,-20.0,13.9,5.0,Clear,78.7,0.476,1,136.01,8.14,0
SHP-102414,Winnipeg MB,Sudbury ON,Contract Owner-Op,Economy,Fragile,Silver,5,250.0,1321.6,4,0,3.78,38.0,5.1,9.8,Clear,32.4,0.586,2,150.59,3.67,0
SHP-102425,Montreal QC,Calgary AB,Contract Owner-Op,Standard,Refrigerated,Gold,12,1038.6,394.3,5,0,16.58,-2.0,9.4,2.4,Clear,80.3,0.459,1,159.41,15.62,0
SHP-102333,London ON,Calgary AB,NorthStar Carriers,Standard,General Freight,Gold,7,856.0,1217.9,1,0,11.49,21.0,,9.9,Clear,63.2,0.38,0,260.05,12.16,0
SHP-100143,Montreal QC,Calgary AB,QuebecExpress,Express,Refrigerated,Silver,6,339.4,979.8,0,0,6.1,44.0,11.0,9.6,Rain,66.0,0.332,0,117.99,5.6,0
SHP-100664,Toronto ON,Quebec City QC,NorthStar Carriers,Economy,Fragile,Bronze,12,738.1,211.8,1,0,10.37,30.0,5.0,5.8,Clear,48.5,0.465,1,123.13,9.59,0
SHP-104207,Mississauga ON,Toronto ON,MapleFreight Fleet,Standard,General Freight,Gold,12,364.5,183.0,0,0,2.83,9.0,7.0,5.0,Clear,49.4,0.635,0,181.8,2.64,0
SHP-102982,Mississauga ON,Regina SK,MapleFreight Fleet,Standard,Refrigerated,Silver,7,1231.9,575.0,5,0,18.52,-20.0,3.8,8.8,Clear,61.5,0.158,1,258.97,17.29,0
SHP-100706,Toronto ON,Ottawa ON,MapleFreight Fleet,Standard,General Freight,Gold,11,344.3,1476.5,5,0,7.7,7.0,9.1,2.8,Clear,54.0,0.347,0,133.52,6.85,0
SHP-103750,Mississauga ON,Montreal QC,MapleFreight Fleet,Economy,General Freight,Bronze,1,680.5,1048.2,0,0,9.67,56.0,21.2,5.5,Rain,62.0,0.728,1,199.77,9.96,0
SHP-102108,London ON,Winnipeg MB,QuebecExpress,Standard,General Freight,Silver,8,198.0,3193.6,3,0,3.6,76.0,13.7,4.2,Clear,53.3,0.645,0,74.66,3.24,0
SHP-105599,Ottawa ON,Winnipeg MB,PrairieLine,Standard,General Freight,Bronze,12,287.1,1965.4,1,0,4.2,46.0,15.7,9.8,Clear,52.5,0.153,0,270.7,3.8,0
SHP-105438,Toronto ON,Quebec City QC,QuebecExpress,Economy,Bulk,Silver,10,727.9,519.2,0,0,10.62,-13.0,5.3,3.7,Rain,,0.661,3,168.74,9.51,0
SHP-104033,Toronto ON,Ottawa ON,PrairieLine,Express,General Freight,Bronze,8,643.1,1453.7,4,0,13.22,63.0,4.7,5.6,Rain,63.3,0.588,2,158.84,12.24,0
SHP-104811,Montreal QC,Edmonton AB,MapleFreight Fleet,Standard,Fragile,Bronze,7,494.2,982.5,4,0,11.09,4.0,6.8,6.2,Clear,71.8,0.474,1,87.45,11.46,0
SHP-102913,Toronto ON,Sudbury ON,MapleFreight Fleet,Economy,Bulk,Silver,3,346.6,1013.7,4,0,6.14,33.0,11.4,1.4,Clear,65.3,0.252,0,137.56,5.77,0
SHP-101231,Mississauga ON,Calgary AB,MapleFreight Fleet,Standard,General Freight,Silver,5,487.4,293.1,0,0,6.3,65.0,1.0,4.5,Clear,80.7,0.069,1,220.87,6.48,0
SHP-104523,Winnipeg MB,Hamilton ON,QuebecExpress,Standard,Bulk,Gold,1,429.1,332.1,2,0,6.85,-12.0,3.5,10.0,,59.6,0.624,0,194.99,7.1,0
SHP-104575,Mississauga ON,Calgary AB,PrairieLine,Express,Hazardous,Gold,10,469.7,668.1,1,0,7.19,25.0,4.8,0.5,Clear,100.0,0.6,3,181.52,7.02,0
SHP-102936,Calgary AB,Hamilton ON,MapleFreight Fleet,Standard,Hazardous,Silver,2,320.8,599.2,5,0,7.0,70.0,5.4,10.0,Rain,69.0,0.541,3,147.92,6.18,0
SHP-102961,Toronto ON,Quebec City QC,MapleFreight Fleet,Economy,General Freight,Bronze,9,798.9,632.1,0,0,9.71,1.0,3.2,8.5,Clear,58.7,0.634,1,202.51,9.55,0
SHP-101400,Toronto ON,Sudbury ON,QuebecExpress,Economy,Refrigerated,Silver,11,457.1,538.3,5,0,9.25,35.0,7.0,2.7,Fog,61.3,0.737,3,317.27,11.43,1
SHP-102173,Winnipeg MB,Edmonton AB,Contract Owner-Op,Standard,General Freight,Gold,8,299.4,2302.4,2,1,3.93,18.0,1.1,4.3,Clear,39.2,0.271,2,103.88,3.55,0
SHP-102452,Calgary AB,Edmonton AB,MapleFreight Fleet,Standard,General Freight,Silver,6,165.0,1326.6,4,0,5.53,38.0,3.5,12.0,,49.3,0.4,2,238.97,7.31,1
SHP-100225,Ottawa ON,Ottawa ON,QuebecExpress,Economy,Refrigerated,Gold,9,507.4,312.1,4,0,10.04,43.0,1.9,17.3,Clear,73.8,0.368,3,232.04,9.5,0
SHP-103688,Calgary AB,Quebec City QC,MapleFreight Fleet,Express,General Freight,Silver,10,937.3,773.1,2,0,13.66,-20.0,4.5,1.8,Clear,30.5,0.252,2,133.23,13.52,0
SHP-101500,Ottawa ON,Edmonton AB,QuebecExpress,Economy,General Freight,Silver,8,550.0,1176.7,0,0,7.61,-20.0,2.3,6.3,Rain,59.2,0.305,0,79.28,7.93,0
SHP-100213,Toronto ON,Toronto ON,NorthStar Carriers,Economy,Bulk,Silver,9,758.8,895.7,0,0,11.8,16.0,6.7,5.4,Clear,33.4,0.712,0,75.18,11.88,0
SHP-104168,Calgary AB,Sudbury ON,QuebecExpress,Economy,Fragile,Silver,2,1021.4,804.3,5,0,16.86,9.0,1.6,4.7,Clear,41.2,0.391,1,223.17,23.76,1
SHP-101178,Calgary AB,Winnipeg MB,QuebecExpress,Standard,General Freight,Bronze,5,353.8,1444.4,2,0,7.59,-20.0,8.4,6.6,Clear,68.7,0.169,1,,7.72,0
SHP-100851,London ON,Quebec City QC,Contract Owner-Op,Express,General Freight,Gold,7,663.1,876.7,4,0,13.63,-20.0,14.4,8.2,Snow,83.5,0.49,0,278.1,12.6,0
SHP-101708,Toronto ON,Calgary AB,MapleFreight Fleet,Economy,General Freight,Gold,4,129.3,751.2,4,0,6.47,-13.0,4.0,6.0,Snow,54.4,0.511,0,232.87,6.05,0
SHP-104946,Montreal QC,Quebec City QC,MapleFreight Fleet,Standard,Refrigerated,Silver,10,403.9,1665.9,0,0,4.69,30.0,8.4,1.2,Clear,35.4,0.0,2,207.39,4.67,0
SHP-104841,Toronto ON,Edmonton AB,MapleFreight Fleet,Standard,Fragile,Gold,6,488.8,1434.0,4,0,10.81,39.0,12.1,3.6,Clear,58.8,0.283,2,168.64,10.98,0
SHP-101661,Mississauga ON,Toronto ON,MapleFreight Fleet,Standard,Bulk,Silver,8,187.9,1461.7,1,0,4.38,16.0,2.3,3.5,Clear,61.5,0.591,1,254.54,4.32,0
SHP-102458,Calgary AB,Calgary AB,MapleFreight Fleet,Standard,General Freight,Silver,4,942.6,595.0,3,0,15.92,33.0,5.5,7.0,Clear,14.6,0.32,0,234.38,16.84,0
SHP-103983,Mississauga ON,Quebec City QC,Contract Owner-Op,Standard,Bulk,Silver,10,177.3,1020.6,2,0,4.55,30.0,4.9,2.0,Clear,79.5,0.757,0,65.82,4.66,0
SHP-102532,Ottawa ON,Winnipeg MB,Contract Owner-Op,Standard,General Freight,Bronze,5,1162.6,890.3,0,0,15.24,33.0,14.5,1.9,Rain,64.3,0.338,1,171.72,19.9,1
SHP-103511,Ottawa ON,Regina SK,NorthStar Carriers,Express,General Freight,Bronze,10,321.3,679.3,4,0,6.77,46.0,7.7,11.7,Rain,48.8,0.407,2,239.73,6.89,0
SHP-103748,Mississauga ON,Toronto ON,MapleFreight Fleet,Economy,General Freight,Silver,5,697.2,86.6,3,0,12.93,65.0,2.6,1.9,Snow,35.8,0.46,3,221.03,11.52,0
SHP-100563,Montreal QC,Montreal QC,MapleFreight Fleet,Standard,Hazardous,Bronze,6,1024.1,2022.5,3,0,15.32,60.0,6.6,3.3,Clear,58.3,0.586,2,218.25,15.94,0
SHP-105295,Calgary AB,Winnipeg MB,QuebecExpress,Express,Refrigerated,Bronze,6,481.9,1308.5,3,0,9.39,108.0,2.7,5.4,Clear,42.9,0.425,2,201.65,9.47,0
SHP-105033,Montreal QC,Edmonton AB,MapleFreight Fleet,Standard,General Freight,Bronze,10,388.5,94.4,4,0,6.37,-20.0,15.8,5.8,Rain,43.9,0.221,2,233.26,6.24,0
SHP-102889,Toronto ON,Calgary AB,NorthStar Carriers,Standard,Bulk,Silver,8,233.1,889.5,4,0,5.43,3.0,1.1,4.3,Rain,60.9,0.146,2,,5.31,0
SHP-101048,Calgary AB,Calgary AB,QuebecExpress,Economy,Refrigerated,Bronze,3,834.5,2734.4,5,0,12.9,3.0,,1.3,Clear,60.9,0.657,0,231.64,15.29,1
SHP-102232,Toronto ON,Winnipeg MB,QuebecExpress,Express,General Freight,Bronze,3,771.6,569.4,2,0,11.58,40.0,9.1,6.7,Clear,87.6,0.537,2,166.78,15.31,1
SHP-101122,Toronto ON,Edmonton AB,PrairieLine,Standard,General Freight,Silver,9,343.0,473.6,4,0,9.59,-20.0,3.2,6.9,Rain,85.3,0.294,1,217.86,8.69,0
SHP-104223,Toronto ON,Ottawa ON,MapleFreight Fleet,Economy,General Freight,Bronze,5,501.9,446.4,2,1,9.32,-18.0,13.0,5.8,Clear,79.1,0.386,0,178.64,9.52,0
SHP-101327,Calgary AB,Edmonton AB,Contract Owner-Op,Express,Refrigerated,Silver,12,783.6,680.9,3,0,12.07,30.0,8.8,4.2,Rain,37.0,0.454,1,141.68,11.91,0
SHP-102842,Ottawa ON,Calgary AB,MapleFreight Fleet,Standard,General Freight,Silver,6,641.9,3233.4,4,0,12.34,26.0,0.8,3.6,Rain,56.6,0.359,0,140.15,11.87,0
SHP-100313,Montreal QC,Hamilton ON,Contract Owner-Op,Economy,General Freight,Bronze,10,919.8,2727.9,2,0,12.9,57.0,8.2,9.5,Fog,53.7,0.335,4,271.9,19.94,1
SHP-105436,Mississauga ON,Sudbury ON,QuebecExpress,Economy,Bulk,Silver,4,418.1,1369.5,5,1,9.12,45.0,12.4,4.4,Rain,19.7,0.282,3,149.88,9.05,0
SHP-105035,Montreal QC,Sudbury ON,NorthStar Carriers,Standard,Fragile,Silver,12,727.5,1672.0,2,0,11.48,57.0,1.3,3.1,Rain,79.2,0.318,1,142.43,13.85,1
SHP-103340,Winnipeg MB,Montreal QC,MapleFreight Fleet,Standard,General Freight,Bronze,7,863.3,605.4,2,1,12.45,-10.0,4.1,3.9,Clear,68.1,0.548,2,241.31,11.25,0
SHP-104199,Ottawa ON,Edmonton AB,NorthStar Carriers,Standard,Refrigerated,Bronze,8,342.8,625.8,4,1,11.07,-20.0,2.3,5.6,Storm,57.8,0.671,4,168.61,14.28,1
SHP-101819,London ON,Quebec City QC,NorthStar Carriers,Standard,Fragile,Silver,2,546.8,753.9,4,0,9.4,24.0,1.7,6.2,Rain,60.2,0.393,1,150.94,11.57,1
SHP-104887,Mississauga ON,Hamilton ON,QuebecExpress,Standard,Fragile,Gold,10,324.1,362.7,3,0,7.53,11.0,2.9,5.4,Clear,54.7,0.727,4,199.38,6.95,0
SHP-101100,Toronto ON,Sudbury ON,MapleFreight Fleet,Standard,Fragile,Silver,1,321.5,210.1,0,0,2.93,-4.0,3.3,1.5,Clear,58.9,0.261,1,149.56,2.75,0
SHP-101273,Ottawa ON,Edmonton AB,MapleFreight Fleet,Standard,General Freight,Bronze,4,1679.0,1393.2,2,0,25.13,-13.0,5.2,5.7,Snow,38.5,0.539,4,190.2,23.62,0
SHP-100430,Montreal QC,Quebec City QC,MapleFreight Fleet,Express,General Freight,Silver,9,631.3,2799.6,2,1,10.37,30.0,17.9,3.5,Rain,51.6,0.502,1,196.51,10.86,0
SHP-101456,Mississauga ON,Toronto ON,MapleFreight Fleet,Economy,Bulk,Silver,7,1028.1,765.8,1,0,13.84,37.0,6.0,2.0,Clear,51.5,0.71,1,225.54,13.64,0
SHP-101405,London ON,Ottawa ON,NorthStar Carriers,Express,Refrigerated,Silver,1,316.3,108.2,5,1,8.39,12.0,9.2,8.9,Clear,37.1,0.605,0,80.11,8.63,0
SHP-102125,Toronto ON,Sudbury ON,PrairieLine,Standard,Hazardous,Gold,5,307.3,2226.1,2,0,6.58,-11.0,0.8,7.8,Storm,56.7,0.141,3,163.28,6.62,0
SHP-102258,Montreal QC,Sudbury ON,MapleFreight Fleet,Express,Refrigerated,Silver,2,314.7,333.5,3,0,5.6,33.0,15.2,9.3,Clear,78.0,0.838,1,145.27,8.25,1
SHP-101557,Calgary AB,Quebec City QC,MapleFreight Fleet,Standard,Fragile,Bronze,6,917.0,1691.6,4,0,16.49,48.0,5.7,5.6,Clear,51.0,0.32,1,310.34,24.28,1
SHP-104250,Toronto ON,Sudbury ON,MapleFreight Fleet,Economy,Fragile,Gold,5,290.0,843.0,1,0,3.43,-12.0,10.0,3.4,Clear,74.2,0.683,0,253.03,3.1,0
SHP-105217,Ottawa ON,Quebec City QC,NorthStar Carriers,Standard,Bulk,Silver,8,1065.2,126.7,2,1,15.44,15.0,1.9,4.1,Rain,39.6,0.56,0,155.13,14.9,0
SHP-101179,Montreal QC,Sudbury ON,MapleFreight Fleet,Standard,General Freight,Silver,3,202.2,1263.5,4,0,5.34,3.0,12.9,8.0,Rain,58.4,0.691,1,,4.82,0
SHP-105127,Mississauga ON,Edmonton AB,NorthStar Carriers,Standard,General Freight,Bronze,1,734.2,345.5,3,1,13.09,1.0,3.5,0.6,Clear,67.3,0.177,0,214.13,12.5,0
SHP-103048,Winnipeg MB,Calgary AB,Contract Owner-Op,Standard,Bulk,Bronze,10,1427.2,2218.3,0,1,19.82,26.0,4.0,2.2,Clear,49.8,0.698,0,122.42,27.16,1
SHP-103307,Mississauga ON,Hamilton ON,NorthStar Carriers,Economy,Bulk,Silver,12,420.2,2295.5,3,0,6.73,-20.0,6.2,1.4,Rain,51.4,0.556,1,,6.39,0
SHP-103299,Montreal QC,Regina SK,MapleFreight Fleet,Express,General Freight,Bronze,10,690.4,746.8,3,0,11.72,-20.0,4.2,15.8,Clear,57.3,0.097,0,164.35,10.51,0
SHP-102225,London ON,Edmonton AB,MapleFreight Fleet,Standard,General Freight,Bronze,4,308.7,331.4,0,0,3.46,-4.0,6.4,5.3,,55.8,0.623,3,167.96,3.05,0
SHP-101621,Winnipeg MB,Quebec City QC,MapleFreight Fleet,Economy,Fragile,Gold,9,489.4,1479.2,1,0,6.67,-6.0,10.4,7.6,Rain,42.1,0.446,5,213.31,7.04,0
SHP-105181,Toronto ON,Hamilton ON,MapleFreight Fleet,Economy,General Freight,Silver,6,623.9,2031.2,3,0,9.61,66.0,4.9,3.2,Snow,37.9,0.571,1,216.73,9.42,0
SHP-102260,Toronto ON,Regina SK,MapleFreight Fleet,Standard,Bulk,Silver,6,685.8,467.5,5,0,12.56,-20.0,14.6,7.8,Clear,40.7,0.614,0,153.38,15.96,1
SHP-104711,Toronto ON,Ottawa ON,MapleFreight Fleet,Economy,General Freight,Silver,10,284.5,142.6,5,0,6.5,29.0,1.0,1.7,Clear,43.3,0.476,0,116.18,6.83,0
SHP-105704,Ottawa ON,Sudbury ON,NorthStar Carriers,Economy,General Freight,Bronze,2,1005.8,762.6,3,0,16.6,30.0,8.4,3.5,Clear,32.3,0.538,3,208.93,15.46,0
SHP-102500,Calgary AB,Sudbury ON,Contract Owner-Op,Standard,Fragile,Gold,2,430.7,1444.8,5,1,8.12,74.0,4.4,8.7,Clear,81.1,0.466,1,238.55,7.43,0
SHP-102673,Toronto ON,Ottawa ON,MapleFreight Fleet,Standard,Bulk,Silver,11,518.4,589.7,4,0,9.84,-20.0,5.2,3.0,Clear,75.2,0.56,2,117.17,9.77,0
SHP-105128,Toronto ON,Quebec City QC,QuebecExpress,Economy,Refrigerated,Bronze,5,1579.9,1958.4,5,0,24.89,64.0,5.0,8.0,Clear,66.5,0.541,0,197.91,38.11,1
SHP-102890,Calgary AB,Hamilton ON,QuebecExpress,Economy,Hazardous,Gold,7,1328.9,721.0,0,0,17.41,-20.0,,3.2,Clear,48.3,0.508,2,184.3,24.41,1
SHP-102578,Ottawa ON,Regina SK,MapleFreight Fleet,Economy,Refrigerated,Bronze,9,363.1,1199.4,2,0,7.54,37.0,3.5,6.6,Clear,57.3,0.861,3,254.97,6.81,0
SHP-103586,Toronto ON,Hamilton ON,MapleFreight Fleet,Economy,Fragile,Gold,3,172.4,1572.0,1,0,3.32,10.0,7.8,4.5,Clear,39.9,0.33,1,156.08,3.18,0
SHP-102486,Ottawa ON,Montreal QC,Contract Owner-Op,Economy,General Freight,Bronze,3,1110.4,278.3,4,0,19.36,16.0,18.4,8.3,Clear,53.5,0.109,1,189.49,17.78,0
SHP-104659,Mississauga ON,Hamilton ON,MapleFreight Fleet,Economy,Refrigerated,Silver,2,466.3,917.3,1,0,5.27,6.0,15.9,5.1,Clear,38.4,0.436,0,204.55,4.81,0
SHP-102707,Toronto ON,Quebec City QC,QuebecExpress,Standard,Bulk,Gold,5,551.3,1068.5,2,0,10.18,49.0,3.7,0.3,Clear,15.3,0.728,1,131.97,10.11,0
SHP-100955,Ottawa ON,Winnipeg MB,NorthStar Carriers,Economy,General Freight,Gold,7,524.6,769.4,0,0,6.4,-3.0,0.6,5.5,Clear,61.1,0.461,0,350.36,5.9,0
SHP-104200,Mississauga ON,Quebec City QC,PrairieLine,Express,General Freight,Bronze,2,355.5,841.4,2,0,7.25,3.0,10.7,5.5,Snow,26.3,0.768,0,133.55,7.06,0
SHP-101053,Ottawa ON,Ottawa ON,PrairieLine,Express,Fragile,Bronze,9,741.1,471.4,4,0,12.44,-20.0,17.9,1.2,Rain,29.6,0.589,0,126.42,11.69,0
SHP-102445,Ottawa ON,Regina SK,QuebecExpress,Standard,Refrigerated,Gold,7,1049.2,927.2,5,0,15.94,26.0,10.3,5.6,Rain,36.2,0.181,2,189.11,15.24,0
SHP-102804,Toronto ON,Sudbury ON,QuebecExpress,Standard,General Freight,Silver,6,1600.9,1801.9,3,0,22.15,-20.0,3.5,3.1,Clear,44.8,0.524,0,200.32,19.98,0
SHP-100889,Ottawa ON,Regina SK,Contract Owner-Op,Standard,General Freight,Bronze,2,1157.9,695.4,0,0,16.85,2.0,4.4,1.1,Clear,87.7,0.541,2,190.03,20.38,1
SHP-103060,Ottawa ON,Quebec City QC,NorthStar Carriers,Standard,Bulk,Bronze,7,211.8,499.4,2,0,4.46,33.0,4.8,5.9,Storm,56.3,0.439,1,262.71,4.34,0
SHP-104247,Toronto ON,Regina SK,MapleFreight Fleet,Standard,General Freight,Gold,7,744.9,399.6,2,1,11.61,13.0,,9.4,Clear,,0.691,0,146.38,10.84,0
SHP-104872,Ottawa ON,Regina SK,NorthStar Carriers,Express,Bulk,Bronze,1,376.6,930.2,4,0,6.29,33.0,1.2,7.5,Fog,65.3,0.577,1,53.55,5.57,0
SHP-104914,Mississauga ON,Quebec City QC,PrairieLine,Standard,Refrigerated,Silver,11,356.1,700.3,0,0,6.44,2.0,7.2,7.8,Clear,49.7,0.473,1,144.73,5.92,0
SHP-100140,Calgary AB,Regina SK,NorthStar Carriers,Standard,General Freight,Silver,8,208.9,2089.6,4,0,4.49,-19.0,3.7,2.6,Rain,68.5,0.166,1,195.29,4.14,0
SHP-100630,Toronto ON,Calgary AB,MapleFreight Fleet,Economy,General Freight,Silver,2,400.3,1900.8,3,0,10.03,25.0,10.2,4.6,Clear,43.6,0.048,3,30.0,9.34,0
SHP-104731,Toronto ON,Winnipeg MB,Contract Owner-Op,Standard,Refrigerated,Gold,9,372.0,1468.1,4,0,8.06,18.0,2.2,4.6,Clear,63.4,0.641,0,164.23,9.04,1
SHP-100050,Calgary AB,Ottawa ON,MapleFreight Fleet,Standard,General Freight,Bronze,10,484.2,1153.2,3,0,7.8,-19.0,4.4,7.8,Rain,69.5,0.138,3,191.7,6.96,0
SHP-101907,Montreal QC,Regina SK,MapleFreight Fleet,Standard,General Freight,Gold,3,590.0,500.3,2,0,8.82,24.0,4.4,2.6,Clear,40.0,0.362,3,180.54,8.11,0
SHP-103372,Ottawa ON,Winnipeg MB,MapleFreight Fleet,Economy,General Freight,Bronze,9,672.4,1745.3,5,1,12.12,10.0,5.4,4.3,Clear,75.0,0.654,1,190.4,11.62,0
SHP-100470,Ottawa ON,Toronto ON,PrairieLine,Standard,General Freight,Gold,8,376.5,344.2,2,0,5.01,27.0,10.8,2.0,Rain,47.0,0.77,0,,4.78,0
SHP-100892,Calgary AB,Edmonton AB,NorthStar Carriers,Express,Hazardous,Bronze,12,191.8,1586.6,5,0,4.98,7.0,3.3,5.0,Snow,42.6,0.105,2,226.71,4.86,0
SHP-102808,Toronto ON,Toronto ON,MapleFreight Fleet,Standard,Bulk,Silver,7,1147.6,241.3,1,0,15.42,-20.0,1.5,6.2,Snow,70.6,0.525,3,231.53,23.92,1
SHP-100653,Winnipeg MB,Edmonton AB,PrairieLine,Standard,General Freight,Gold,1,731.4,254.9,2,0,11.1,-20.0,2.1,3.0,Storm,55.0,0.855,2,211.07,16.57,1
SHP-103641,Toronto ON,Ottawa ON,MapleFreight Fleet,Standard,Bulk,Gold,6,804.5,1346.1,4,0,13.53,-11.0,5.8,1.2,Clear,73.3,0.527,0,151.58,13.46,0
SHP-101203,Mississauga ON,Calgary AB,PrairieLine,Standard,Refrigerated,Bronze,3,326.9,575.4,2,0,4.1,14.0,3.8,10.5,Rain,56.4,0.138,3,192.1,4.0,0
SHP-104721,London ON,Hamilton ON,NorthStar Carriers,Express,General Freight,Silver,11,587.6,632.8,3,0,10.36,5.0,4.2,9.9,Clear,34.6,0.383,0,152.74,10.1,0
SHP-105291,Calgary AB,Calgary AB,MapleFreight Fleet,Standard,General Freight,Silver,7,798.0,988.8,1,0,12.81,40.0,2.0,6.2,Snow,77.7,0.37,1,255.03,16.55,1
SHP-104169,Ottawa ON,Winnipeg MB,MapleFreight Fleet,Standard,General Freight,Bronze,6,444.1,892.3,3,0,9.12,55.0,14.0,2.6,Storm,56.3,0.476,1,215.84,12.05,1
SHP-104687,Montreal QC,Winnipeg MB,NorthStar Carriers,Economy,General Freight,Gold,5,671.4,195.5,4,0,11.62,31.0,1.9,3.6,Clear,79.3,0.571,1,136.07,12.13,0
SHP-100188,Toronto ON,Montreal QC,QuebecExpress,Express,Bulk,Silver,8,465.5,546.1,4,0,8.88,39.0,3.5,2.3,Rain,20.9,0.683,0,,9.26,0
SHP-103723,Mississauga ON,Montreal QC,PrairieLine,Express,General Freight,Bronze,6,634.6,993.5,0,0,6.12,37.0,17.2,2.5,Rain,20.4,0.454,2,152.06,5.39,0
SHP-102154,Calgary AB,Regina SK,MapleFreight Fleet,Express,Fragile,Silver,10,80.5,1263.7,2,0,5.62,34.0,6.0,4.2,Rain,42.6,0.16,0,166.51,4.95,0
SHP-100743,Winnipeg MB,Ottawa ON,Contract Owner-Op,Standard,General Freight,Silver,2,444.9,2423.9,3,0,7.51,30.0,9.4,10.6,Clear,44.1,0.48,5,124.58,7.77,0
SHP-101914,Montreal QC,Edmonton AB,PrairieLine,Standard,Fragile,Bronze,11,440.3,260.6,2,0,6.77,-16.0,2.4,6.6,Fog,32.4,0.508,3,270.2,6.65,0
SHP-103449,London ON,Edmonton AB,PrairieLine,Standard,Refrigerated,Silver,8,703.5,982.5,0,1,10.1,10.0,4.0,5.3,Clear,49.3,0.682,1,196.86,9.96,0
SHP-102856,Toronto ON,Sudbury ON,Contract Owner-Op,Standard,Refrigerated,Silver,11,788.1,2149.8,1,0,11.89,24.0,10.0,3.5,Clear,44.5,0.32,2,129.65,11.21,0
SHP-100794,Ottawa ON,Hamilton ON,QuebecExpress,Express,General Freight,Gold,11,633.7,347.7,1,0,9.12,31.0,3.6,5.3,Clear,35.6,0.402,2,207.45,8.34,0
SHP-105976,Montreal QC,Toronto ON,PrairieLine,Standard,Bulk,Silver,2,657.1,2024.7,4,0,11.11,73.0,3.4,0.3,Rain,48.2,0.735,3,177.38,11.34,0
SHP-100911,Ottawa ON,Winnipeg MB,NorthStar Carriers,Economy,General Freight,Silver,2,911.0,743.6,1,0,14.96,62.0,6.2,4.2,Clear,78.1,0.543,3,155.48,20.05,1
SHP-100055,Mississauga ON,Toronto ON,MapleFreight Fleet,Standard,General Freight,Bronze,12,425.9,1914.8,4,1,9.94,41.0,18.9,5.4,Clear,70.0,0.435,1,307.31,11.97,1
SHP-102596,Montreal QC,Calgary AB,MapleFreight Fleet,Standard,Refrigerated,Gold,1,300.1,416.1,3,0,8.33,70.0,10.0,6.3,Clear,27.4,0.375,2,194.58,8.55,0
SHP-104564,Calgary AB,Regina SK,MapleFreight Fleet,Standard,Fragile,Silver,7,331.8,2548.5,2,0,8.26,28.0,14.0,3.9,Clear,42.9,0.469,5,254.29,7.58,0
SHP-100754,Toronto ON,Regina SK,MapleFreight Fleet,Standard,Refrigerated,Gold,3,331.7,939900.0,3,0,6.06,15.0,3.6,5.2,Rain,84.4,0.405,2,169.14,8.16,1
SHP-105973,Winnipeg MB,Toronto ON,MapleFreight Fleet,Standard,General Freight,Silver,9,493.4,1654.9,3,0,7.93,26.0,1.6,6.8,Clear,41.7,0.451,0,181.05,6.98,0
SHP-105862,Toronto ON,Hamilton ON,PrairieLine,Economy,Refrigerated,Gold,2,699.4,2364.4,4,0,12.38,48.0,7.9,12.3,Snow,57.3,0.399,1,246.09,14.65,1
SHP-103826,Montreal QC,Ottawa ON,PrairieLine,express,General Freight,Gold,2,811.2,658.2,1,0,12.54,23.0,33.6,6.8,Clear,56.9,0.564,1,212.82,12.44,0
SHP-105214,Ottawa ON,Calgary AB,PrairieLine,Standard,Refrigerated,Silver,11,535.0,1347.1,0,0,9.75,19.0,5.3,18.2,Rain,89.6,0.545,0,177.52,12.94,1
SHP-101300,Calgary AB,Sudbury ON,MapleFreight Fleet,Express,General Freight,Silver,9,1167.2,995.5,4,1,17.91,-20.0,4.6,2.5,,60.7,0.361,1,228.18,17.73,0
SHP-103883,Toronto ON,Edmonton AB,MapleFreight Fleet,Economy,Bulk,Bronze,12,1096.1,937.5,5,1,18.23,14.0,9.5,2.9,Clear,42.4,0.747,0,123.72,17.53,0
SHP-104921,Winnipeg MB,Toronto ON,MapleFreight Fleet,Economy,Bulk,Bronze,3,937.5,473.8,2,0,14.59,50.0,,3.9,Rain,52.0,0.416,2,241.46,13.07,0
SHP-100766,Winnipeg MB,Sudbury ON,PrairieLine,Standard,Refrigerated,Gold,4,500.7,1218.2,1,0,7.42,15.0,24.6,7.7,Rain,52.3,0.634,0,203.37,7.24,0
SHP-100041,Mississauga ON,Ottawa ON,Contract Owner-Op,Express,General Freight,Bronze,8,1111.9,728.8,4,0,15.58,-11.0,14.4,2.1,,52.2,0.521,0,183.94,18.57,1
SHP-104088,Mississauga ON,Calgary AB,MapleFreight Fleet,Economy,Hazardous,Bronze,2,591.8,989.7,2,0,9.87,-15.0,6.5,4.6,Clear,50.9,0.302,2,144.54,9.05,0
SHP-104699,London ON,Quebec City QC,NorthStar Carriers,Economy,Refrigerated,Gold,10,321.7,307.1,1,0,4.7,38.0,0.4,5.4,Snow,60.4,0.511,0,208.81,4.5,0
SHP-104886,Montreal QC,Winnipeg MB,Contract Owner-Op,Standard,Refrigerated,Gold,12,674.5,1192.0,4,0,12.07,60.0,1.9,3.6,Clear,74.4,1.0,1,188.13,17.92,1
SHP-101293,Ottawa ON,Regina SK,PrairieLine,Standard,Bulk,Silver,9,390.7,1822.9,1,0,6.27,33.0,4.0,3.5,Clear,80.5,0.633,0,68.9,5.64,0
SHP-105637,Mississauga ON,Ottawa ON,MapleFreight Fleet,Standard,Fragile,Silver,4,549.6,668.3,1,0,8.78,8.0,3.6,16.3,Clear,,0.291,1,190.16,9.19,0
SHP-100329,Toronto ON,Ottawa ON,NorthStar Carriers,Economy,Fragile,Gold,7,597.0,942.3,0,0,9.26,50.0,4.3,1.5,Clear,62.5,0.305,3,236.73,13.8,1
SHP-105251,Mississauga ON,Edmonton AB,NorthStar Carriers,Economy,General Freight,Bronze,4,645.5,754.5,3,0,10.91,-17.0,4.8,4.6,Clear,47.3,0.394,1,269.72,11.49,0
SHP-105671,London ON,Calgary AB,PrairieLine,Economy,General Freight,Gold,7,1147.6,1230.0,4,1,18.09,30.0,4.1,2.3,Storm,61.6,0.221,3,187.52,28.81,1
SHP-100488,Montreal QC,Toronto ON,QuebecExpress,Standard,Fragile,Silver,6,367.6,503.7,0,1,6.0,4.0,0.5,6.2,Clear,58.3,0.584,3,123.38,5.46,0
SHP-102571,Toronto ON,Sudbury ON,Contract Owner-Op,Economy,General Freight,Silver,3,348.2,674.0,3,0,7.62,28.0,7.4,3.3,Fog,65.2,0.0,0,171.86,7.28,0
SHP-103424,Calgary AB,Toronto ON,QuebecExpress,Express,Fragile,Bronze,12,665.8,1487.1,1,0,10.36,-20.0,3.6,4.0,Storm,37.7,0.366,0,184.59,10.43,0
SHP-104198,Mississauga ON,Regina SK,QuebecExpress,Economy,General Freight,Bronze,6,463.2,1978.2,0,1,6.76,54.0,5.0,2.6,Clear,48.8,0.466,2,175.81,6.97,0
SHP-101730,Montreal QC,Quebec City QC,MapleFreight Fleet,Standard,Refrigerated,Silver,11,546.7,303.0,5,1,11.66,7.0,2.7,8.4,Snow,33.6,0.245,1,129.71,17.33,1
SHP-102502,Ottawa ON,Edmonton AB,MapleFreight Fleet,Standard,General Freight,Silver,5,554.7,1434.1,2,0,8.5,109.0,1.7,12.5,Snow,66.7,0.237,0,105.86,8.85,0
SHP-103513,Toronto ON,Regina SK,Contract Owner-Op,Express,Hazardous,Silver,10,703.4,705.1,0,0,10.15,63.0,1.9,9.6,Clear,27.6,0.34,0,270.7,9.36,0
SHP-103043,Mississauga ON,Winnipeg MB,PrairieLine,Express,General Freight,Bronze,3,531.7,436.5,0,0,8.38,6.0,3.1,5.0,Clear,57.7,0.285,1,247.56,8.09,0
SHP-101058,Toronto ON,Calgary AB,QuebecExpress,Standard,Hazardous,Bronze,5,944.1,1570.8,1,0,13.25,97.0,8.5,1.8,Clear,65.5,0.527,2,212.93,17.67,1
SHP-105396,Toronto ON,Edmonton AB,MapleFreight Fleet,Economy,Hazardous,Bronze,5,407.5,614.5,0,0,5.39,-10.0,6.8,5.1,Snow,40.4,0.25,1,274.22,5.32,0
SHP-102729,Montreal QC,Edmonton AB,NorthStar Carriers,Economy,General Freight,Silver,11,667.0,432.4,3,0,12.49,-20.0,2.8,4.2,Clear,67.9,0.769,0,122.52,11.82,0
SHP-105467,Toronto ON,Ottawa ON,QuebecExpress,Standard,General Freight,Gold,7,1429.9,368.1,2,0,22.9,11.0,26.6,5.3,Clear,55.5,0.345,0,217.39,22.33,0
SHP-104815,London ON,Regina SK,NorthStar Carriers,Economy,General Freight,Silver,12,521.4,2159.1,4,0,10.28,-20.0,13.4,12.1,Storm,65.8,0.174,0,139.56,10.88,0
SHP-105605,Montreal QC,Calgary AB,NorthStar Carriers,Express,Hazardous,Silver,9,879.4,1182.9,0,0,13.53,35.0,14.6,1.8,Rain,52.3,0.365,3,273.12,12.77,0
SHP-103355,Toronto ON,Sudbury ON,NorthStar Carriers,Standard,Fragile,Bronze,10,548.7,1194.4,1,0,9.54,-20.0,6.9,3.3,Clear,22.2,0.746,2,59.83,9.66,0
SHP-104415,Toronto ON,Calgary AB,Contract Owner-Op,Economy,General Freight,Gold,9,472.9,1608.2,3,0,7.2,17.0,2.5,9.1,Snow,77.3,0.366,0,187.66,9.92,1
SHP-100303,Winnipeg MB,Calgary AB,MapleFreight Fleet,Economy,General Freight,Gold,8,687.4,1339.1,2,0,9.91,31.0,7.3,5.5,Storm,49.7,0.556,3,210.96,12.62,1
SHP-102001,Toronto ON,Montreal QC,QuebecExpress,Economy,General Freight,Bronze,11,276.0,436.3,4,0,5.48,23.0,3.1,3.2,Rain,5.0,0.433,1,,5.44,0
SHP-103582,Toronto ON,Winnipeg MB,MapleFreight Fleet,Standard,General Freight,Bronze,5,615.4,709.2,4,0,7.9,-9.0,5.6,3.7,Rain,57.0,1.0,4,159.44,9.84,1
SHP-104172,Calgary AB,Sudbury ON,PrairieLine,Standard,Bulk,Bronze,9,891.2,1071.0,0,0,12.94,46.0,12.9,9.2,Snow,49.7,0.276,1,214.44,12.03,0
SHP-105716,London ON,Edmonton AB,NorthStar Carriers,Express,Refrigerated,Silver,11,496.2,2128.9,5,0,9.73,7.0,4.1,2.9,Snow,64.5,0.525,2,195.09,12.57,1
SHP-102104,Montreal QC,Quebec City QC,MapleFreight Fleet,Express,Refrigerated,Gold,12,693.5,837.8,0,0,8.33,31.0,7.3,7.4,,82.7,0.26,1,226.18,8.12,0
SHP-103198,Calgary AB,Calgary AB,PrairieLine,Economy,Fragile,Bronze,11,422.4,1262.9,0,0,4.03,-20.0,3.9,2.3,Rain,74.4,0.595,0,,3.87,0
SHP-100969,Mississauga ON,Winnipeg MB,MapleFreight Fleet,Standard,General Freight,Bronze,7,253.6,4233.9,0,0,4.92,43.0,8.0,2.0,Storm,29.3,0.212,2,214.88,4.36,0
SHP-103618,Calgary AB,Toronto ON,Contract Owner-Op,Express,General Freight,Silver,10,1656.4,2041.1,5,0,25.7,50.0,2.0,5.1,Clear,40.9,0.481,0,136.51,23.89,0
SHP-105796,Mississauga ON,Edmonton AB,MapleFreight Fleet,Standard,General Freight,Gold,7,922.8,119.9,1,0,13.31,63.0,10.5,2.8,Clear,50.5,0.914,1,224.86,11.77,0
SHP-100437,Montreal QC,Calgary AB,MapleFreight Fleet,Standard,Refrigerated,Bronze,8,324.7,2344.9,5,0,8.16,-20.0,5.7,12.8,Clear,42.9,0.672,0,75.53,8.19,0
SHP-100876,Toronto ON,Winnipeg MB,MapleFreight Fleet,Express,General Freight,Gold,12,683.3,1843.3,1,0,11.4,42.0,4.7,2.7,Fog,6.8,0.311,1,242.9,10.14,0
SHP-105780,Ottawa ON,Toronto ON,NorthStar Carriers,Express,Refrigerated,Bronze,6,969.8,289.3,5,0,17.03,93.0,4.9,1.6,Clear,58.3,0.292,1,206.91,15.96,0
SHP-105406,Montreal QC,Hamilton ON,MapleFreight Fleet,Standard,General Freight,Gold,8,509.1,1062.3,4,0,10.11,23.0,4.5,9.3,Fog,83.0,0.238,2,211.89,13.02,1
SHP-102312,Montreal QC,Calgary AB,MapleFreight Fleet,Standard,Fragile,Gold,12,701.0,384.9,4,0,13.23,48.0,7.5,3.9,Rain,62.8,0.709,0,160.25,12.15,0
SHP-102642,Toronto ON,Toronto ON,MapleFreight Fleet,Standard,Hazardous,Bronze,12,838.6,1329.0,1,0,12.43,-10.0,0.5,8.6,Clear,49.8,0.566,4,203.38,11.39,0
SHP-100825,Ottawa ON,Montreal QC,QuebecExpress,Economy,General Freight,Silver,1,663.2,914.1,3,0,12.64,55.0,11.0,1.9,Clear,27.7,0.711,2,165.18,11.16,0
SHP-105233,Toronto ON,Quebec City QC,MapleFreight Fleet,Economy,General Freight,Bronze,10,461.2,1325.9,3,0,8.69,36.0,1.0,4.6,Snow,73.8,0.641,1,183.55,12.55,1
SHP-105573,Toronto ON,Winnipeg MB,MapleFreight Fleet,Economy,Fragile,Silver,8,428.3,1105.7,0,0,5.25,-15.0,6.4,1.4,Clear,61.2,0.339,2,158.14,5.15,0
SHP-102848,London ON,Winnipeg MB,PrairieLine,Express,Bulk,Bronze,4,519.1,522.0,5,0,11.82,31.0,6.9,7.2,Rain,72.9,0.659,2,126.19,11.24,0
SHP-100024,Toronto ON,Calgary AB,MapleFreight Fleet,Express,Bulk,Gold,5,475.2,247.9,2,1,7.59,68.0,9.9,5.9,Clear,44.6,0.463,2,81.46,7.82,0
SHP-104753,Calgary AB,Quebec City QC,PrairieLine,Standard,Bulk,Bronze,9,314.4,1637.9,3,0,7.44,12.0,12.5,4.6,Fog,55.0,0.221,3,103.77,7.49,0
SHP-102920,Montreal QC,Toronto ON,NorthStar Carriers,Standard,Bulk,Silver,4,269.4,1228.7,0,0,2.28,10.0,19.0,2.3,Clear,43.0,0.671,0,148.27,2.27,0
SHP-104471,Toronto ON,Montreal QC,QuebecExpress,standard,Refrigerated,Bronze,1,897.5,244.2,3,0,14.93,19.0,9.6,5.6,Snow,31.2,0.769,2,215.52,15.09,0
SHP-102282,Toronto ON,Winnipeg MB,NorthStar Carriers,Economy,General Freight,Bronze,7,870.6,638.3,2,0,12.03,47.0,1.6,3.1,Rain,43.0,0.223,2,164.08,11.1,0
SHP-102025,Ottawa ON,Sudbury ON,NorthStar Carriers,Standard,Refrigerated,Gold,7,528.0,1036.9,4,0,12.15,-17.0,3.3,4.2,Clear,51.6,0.623,2,176.38,12.72,0
SHP-103273,Calgary AB,Hamilton ON,MapleFreight Fleet,Standard,General Freight,Bronze,12,1042.1,373.9,3,0,14.7,-20.0,5.6,2.7,Rain,57.6,0.426,1,235.46,14.84,0
SHP-105350,Toronto ON,Hamilton ON,PrairieLine,Economy,General Freight,Gold,7,1147.9,870.2,1,0,16.3,-11.0,4.5,6.0,Clear,41.5,0.271,2,317.33,15.14,0
SHP-103758,Calgary AB,Winnipeg MB,MapleFreight Fleet,Express,Refrigerated,Silver,11,729.7,1700.7,1,0,9.57,-7.0,3.2,9.5,Clear,76.1,0.328,1,184.99,9.87,0
SHP-105770,Winnipeg MB,Edmonton AB,MapleFreight Fleet,Standard,General Freight,Bronze,3,558.1,2664.7,1,0,8.58,55.0,2.7,4.5,Snow,97.2,0.46,0,144.8,12.99,1
SHP-104955,Mississauga ON,Ottawa ON,MapleFreight Fleet,Express,Refrigerated,Silver,9,670.6,1069.9,2,0,9.5,40.0,14.2,4.3,Storm,44.3,0.521,1,212.29,9.4,0
SHP-104306,Ottawa ON,Winnipeg MB,PrairieLine,Express,General Freight,Silver,10,960.1,840.0,0,0,14.11,-19.0,,17.1,Storm,61.3,0.342,2,203.68,21.2,1
SHP-105679,Calgary AB,Calgary AB,MapleFreight Fleet,Standard,Refrigerated,Gold,11,672.5,1912.3,5,0,13.02,101.0,5.0,1.4,Clear,51.1,0.445,1,253.67,12.68,0
SHP-102406,Toronto ON,Montreal QC,MapleFreight Fleet,Standard,General Freight,Silver,3,1358.6,392.8,3,0,22.16,-8.0,11.3,4.4,Clear,68.0,0.512,1,265.38,20.64,0
SHP-104842,London ON,Quebec City QC,NorthStar Carriers,Express,General Freight,Silver,11,556.1,444.0,0,0,6.89,33.0,5.0,3.1,Rain,52.7,0.541,1,232.44,6.52,0
SHP-102355,Mississauga ON,Toronto ON,MapleFreight Fleet,Standard,General Freight,Silver,3,767.4,544.8,2,0,13.03,10.0,4.7,4.3,Rain,46.4,0.346,0,253.05,12.21,0
SHP-104580,Montreal QC,Winnipeg MB,NorthStar Carriers,Standard,General Freight,Bronze,7,710.6,1097.6,3,0,12.96,-20.0,11.5,1.4,Clear,42.9,0.402,0,199.89,12.25,0
SHP-105766,Montreal QC,Edmonton AB,MapleFreight Fleet,Standard,General Freight,Bronze,3,630.5,552.1,1,0,9.81,55.0,7.8,8.0,Clear,42.5,0.349,1,105.7,10.1,0
SHP-105351,Toronto ON,Hamilton ON,NorthStar Carriers,Economy,General Freight,Silver,1,402.9,634.8,4,0,9.94,-20.0,4.5,5.6,Rain,55.5,0.506,1,136.56,9.15,0
SHP-105711,Calgary AB,Winnipeg MB,MapleFreight Fleet,Standard,General Freight,Bronze,3,556.0,875.4,1,0,8.71,30.0,5.0,7.0,Clear,55.8,0.351,3,237.88,9.01,0
SHP-105949,Toronto ON,Regina SK,NorthStar Carriers,Express,General Freight,Gold,1,389.8,919.3,5,0,8.37,-20.0,2.6,8.5,Clear,23.7,0.501,1,,7.82,0
SHP-102997,Montreal QC,Winnipeg MB,QuebecExpress,Express,Refrigerated,Gold,3,300.9,1279.5,2,1,4.55,5.0,1.9,4.6,Clear,61.0,0.333,1,188.03,4.05,0
SHP-104295,Montreal QC,Quebec City QC,MapleFreight Fleet,Standard,General Freight,Gold,9,523.0,1365.0,3,0,10.72,83.0,2.8,7.7,Clear,32.6,0.746,0,230.57,9.83,0
SHP-104656,Montreal QC,Quebec City QC,MapleFreight Fleet,standard,Bulk,Bronze,12,857.9,312.5,3,0,15.03,-8.0,9.8,0.7,Storm,43.3,0.409,1,95.56,19.01,1
SHP-103292,Winnipeg MB,Montreal QC,MapleFreight Fleet,Standard,General Freight,Silver,10,523.0,443.0,3,0,9.01,43.0,8.5,1.2,Clear,58.1,0.452,0,276.05,12.97,1
SHP-101074,Montreal QC,Edmonton AB,QuebecExpress,Standard,Refrigerated,Gold,2,564.6,1094.4,2,0,6.93,14.0,10.2,3.7,Rain,84.4,0.405,0,46.71,6.61,0
SHP-101062,Toronto ON,Winnipeg MB,QuebecExpress,Economy,General Freight,Bronze,1,231.3,336.6,3,0,5.29,65.0,5.5,9.2,Storm,32.5,0.327,1,234.95,6.02,1
SHP-103259,Montreal QC,Montreal QC,NorthStar Carriers,Standard,General Freight,Gold,7,251.2,536.7,0,0,3.3,10.0,16.6,3.7,Snow,30.8,0.105,1,173.31,2.91,0
SHP-101784,Mississauga ON,Hamilton ON,QuebecExpress,Express,General Freight,Silver,2,278.3,1282.3,5,1,9.46,61.0,5.3,3.0,Snow,66.6,0.787,2,190.31,12.37,1
SHP-103721,Mississauga ON,Hamilton ON,NorthStar Carriers,Express,General Freight,Silver,6,290.5,646.0,2,0,6.42,-17.0,0.9,3.5,Rain,48.4,0.467,1,81.68,6.45,0
SHP-102439,Montreal QC,Quebec City QC,QuebecExpress,Express,Fragile,Bronze,2,1419.5,1552.5,2,1,21.12,-20.0,7.8,6.1,Clear,67.8,0.445,1,151.75,22.24,0
SHP-105801,Montreal QC,Regina SK,NorthStar Carriers,Standard,General Freight,Bronze,3,924.4,456.3,1,0,13.77,-20.0,6.4,3.6,Clear,88.9,0.213,2,294.76,16.81,1
SHP-105430,Calgary AB,Montreal QC,NorthStar Carriers,Economy,Refrigerated,Silver,12,1036.2,1197.4,4,0,16.74,46.0,14.4,5.0,Clear,42.8,0.634,0,215.7,16.59,0
SHP-102858,Mississauga ON,Toronto ON,Contract Owner-Op,Economy,Hazardous,Silver,6,309.3,2117.2,2,0,5.26,9.0,4.9,4.2,Clear,62.0,0.441,3,183.21,7.59,1
SHP-102694,Mississauga ON,Sudbury ON,Contract Owner-Op,Economy,Hazardous,Bronze,6,963.9,899.2,3,1,16.73,-20.0,12.9,5.1,Storm,45.5,0.323,0,247.54,24.54,1
SHP-101192,Montreal QC,Calgary AB,PrairieLine,Standard,Fragile,Silver,4,185.7,443.3,2,0,2.73,-9.0,16.2,2.2,Clear,50.2,0.349,1,186.77,2.68,0
SHP-101138,Mississauga ON,Toronto ON,NorthStar Carriers,Standard,Fragile,Gold,12,471.6,331.5,0,0,7.58,71.0,2.7,9.4,Snow,94.1,0.62,0,92.86,10.04,1
SHP-104434,Ottawa ON,Quebec City QC,Contract Owner-Op,Standard,General Freight,Gold,3,294.6,2067.7,2,1,4.93,26.0,5.6,5.1,,65.4,0.61,0,169.95,4.84,0
SHP-102817,Montreal QC,Toronto ON,PrairieLine,express,Fragile,Silver,7,374.9,655.5,4,0,7.68,-16.0,5.1,2.1,Clear,33.0,0.656,1,110.27,6.79,0
SHP-105001,Montreal QC,Edmonton AB,NorthStar Carriers,Express,Refrigerated,Silver,5,662.2,2333.3,1,0,9.35,91.0,3.2,1.8,Snow,47.7,0.64,1,170.13,8.56,0
SHP-103232,Toronto ON,Hamilton ON,MapleFreight Fleet,standard,General Freight,Bronze,2,470.9,443.6,2,0,8.31,50.0,5.1,2.8,Storm,46.7,0.345,2,231.18,9.47,1
SHP-101433,Winnipeg MB,Sudbury ON,Contract Owner-Op,Standard,Bulk,Bronze,7,590.6,319.1,4,0,12.75,42.0,3.9,4.5,Clear,69.5,0.365,1,177.09,19.68,1
SHP-104181,Ottawa ON,Hamilton ON,Contract Owner-Op,Standard,Refrigerated,Silver,11,544.2,3453.2,0,1,8.91,-14.0,,1.8,Snow,49.6,0.609,4,174.75,10.13,1
SHP-104228,London ON,Regina SK,PrairieLine,Express,General Freight,Silver,10,997.5,378.7,1,0,13.11,-17.0,2.3,4.3,Rain,73.3,0.359,2,149.58,13.02,0
SHP-102952,Toronto ON,Quebec City QC,MapleFreight Fleet,Standard,Refrigerated,Bronze,11,390.2,544.1,1,0,5.64,18.0,1.5,10.0,Snow,,0.456,2,207.67,5.33,0
SHP-101793,London ON,Hamilton ON,MapleFreight Fleet,Standard,General Freight,Silver,2,879.7,456.9,0,0,10.67,19.0,5.9,7.0,Snow,77.5,0.331,2,220.53,13.07,1
SHP-101874,Mississauga ON,Regina SK,PrairieLine,Standard,General Freight,Silver,4,1238.2,737.1,2,0,19.91,37.0,11.4,0.7,Clear,67.3,0.301,2,147.85,20.43,0
SHP-102143,Ottawa ON,Quebec City QC,MapleFreight Fleet,Standard,General Freight,Silver,4,212.0,761.8,4,1,5.21,10.0,3.8,13.6,Clear,97.5,0.51,2,172.85,4.9,0
SHP-102390,London ON,Montreal QC,NorthStar Carriers,Standard,Bulk,Silver,8,636.2,697.2,2,0,8.96,0.0,13.4,1.3,Snow,52.8,0.074,2,192.51,8.1,0
SHP-101015,Toronto ON,Edmonton AB,PrairieLine,Standard,Fragile,Silver,12,886.6,568.9,4,0,14.26,26.0,0.9,4.6,Snow,53.0,0.737,1,148.37,16.89,1
SHP-102988,Montreal QC,Hamilton ON,PrairieLine,Standard,General Freight,Bronze,9,876.9,336.5,2,0,12.54,30.0,2.5,2.8,Rain,69.0,0.902,1,218.45,15.89,1
SHP-100817,Montreal QC,Sudbury ON,MapleFreight Fleet,Express,General Freight,Gold,9,290.6,210.6,4,0,8.82,-3.0,0.8,9.2,Clear,50.7,0.274,4,259.51,7.83,0
SHP-101984,Mississauga ON,Regina SK,MapleFreight Fleet,Standard,General Freight,Bronze,10,422.6,306.5,5,0,9.73,44.0,2.5,9.8,Snow,73.0,0.439,2,143.61,9.34,0
SHP-102978,Calgary AB,Winnipeg MB,MapleFreight Fleet,Standard,General Freight,Silver,2,484.3,900.8,4,0,9.73,12.0,13.5,5.4,Snow,52.5,0.479,1,283.32,9.4,0
SHP-101645,Mississauga ON,Ottawa ON,PrairieLine,Express,Refrigerated,Silver,10,328.9,1781.6,3,0,5.59,40.0,2.6,5.5,Clear,67.6,0.294,1,269.31,5.73,0
SHP-104301,Montreal QC,Hamilton ON,MapleFreight Fleet,Express,Fragile,Bronze,5,303.8,577.4,5,0,7.23,46.0,7.4,4.3,Storm,85.3,0.602,2,118.78,6.75,0
SHP-100487,Mississauga ON,Regina SK,MapleFreight Fleet,Standard,Refrigerated,Silver,3,708.7,319.9,0,1,8.31,69.0,7.1,6.8,Clear,61.7,0.445,1,236.86,12.67,1
SHP-104186,Ottawa ON,Regina SK,MapleFreight Fleet,Standard,Hazardous,Silver,3,1243.9,1657.5,5,0,20.72,-3.0,7.8,2.1,Rain,26.5,0.301,1,120.61,21.32,0
SHP-102046,Toronto ON,Winnipeg MB,MapleFreight Fleet,Standard,General Freight,Gold,9,359.3,181.1,1,0,5.56,31.0,2.9,7.2,Clear,32.1,0.415,1,118.95,5.39,0
SHP-100005,Mississauga ON,Toronto ON,QuebecExpress,Standard,Refrigerated,Silver,3,583.2,1494.2,5,0,10.75,-20.0,5.1,4.9,Snow,52.3,0.583,3,197.3,10.92,0
SHP-100063,Ottawa ON,Quebec City QC,MapleFreight Fleet,Standard,Hazardous,Bronze,6,1255.7,844.8,4,0,20.32,48.0,4.3,11.4,Clear,41.9,0.338,1,211.74,20.18,0
SHP-104684,Toronto ON,Sudbury ON,QuebecExpress,Economy,Fragile,Bronze,11,533.3,731.5,2,0,8.1,36.0,22.0,12.1,Clear,67.8,0.651,1,184.38,8.32,0
SHP-104910,Toronto ON,Ottawa ON,NorthStar Carriers,Economy,General Freight,Silver,5,823.2,286.4,3,0,12.41,27.0,7.9,7.2,Rain,58.6,0.679,1,211.85,11.63,0
SHP-105361,Winnipeg MB,Winnipeg MB,MapleFreight Fleet,Express,Fragile,Gold,12,564.9,460.2,5,0,12.21,65.0,6.2,12.2,Clear,43.9,0.329,1,115.14,12.53,0
SHP-104316,Calgary AB,Winnipeg MB,MapleFreight Fleet,Standard,General Freight,Gold,12,262.1,1348.5,0,1,1.79,34.0,4.2,10.6,Snow,42.2,0.664,1,234.31,1.73,0
SHP-104246,Mississauga ON,Regina SK,QuebecExpress,Standard,General Freight,Silver,5,559.5,1484.7,0,0,7.65,47.0,1.8,6.8,Snow,46.2,0.408,4,153.32,7.74,0
SHP-100838,Winnipeg MB,Winnipeg MB,NorthStar Carriers,Standard,General Freight,Silver,9,577.1,184.5,3,0,9.93,-1.0,19.7,5.0,Storm,44.3,0.793,0,181.4,13.93,1
SHP-102356,Toronto ON,Winnipeg MB,Contract Owner-Op,Standard,General Freight,Gold,10,1327.4,439.2,3,0,20.71,-8.0,,2.3,Snow,43.0,0.288,0,211.82,18.26,0
SHP-105427,Montreal QC,Calgary AB,MapleFreight Fleet,Standard,General Freight,Gold,5,1082.2,820.5,3,0,16.53,39.0,0.5,6.1,,65.8,0.451,1,182.77,14.99,0
SHP-105347,Montreal QC,Toronto ON,Contract Owner-Op,Standard,Fragile,Bronze,2,953.5,1365.5,0,0,13.52,9.0,5.2,1.3,Clear,73.5,0.196,3,225.14,21.53,1
SHP-102919,Toronto ON,Winnipeg MB,MapleFreight Fleet,Standard,Hazardous,Bronze,12,1061.8,928600.0,2,0,16.6,-20.0,4.4,3.2,Clear,63.3,0.245,1,136.38,15.25,0
SHP-100302,Toronto ON,Toronto ON,PrairieLine,Standard,Bulk,Silver,5,108.9,1120.5,5,0,4.1,85.0,4.3,8.0,Clear,40.3,0.367,0,229.61,3.77,0
SHP-105168,London ON,Edmonton AB,QuebecExpress,Economy,General Freight,Bronze,4,315.9,1028.4,4,0,9.22,30.0,16.3,4.3,Snow,63.1,0.319,2,232.83,14.01,1
SHP-103455,Mississauga ON,Winnipeg MB,MapleFreight Fleet,Express,Refrigerated,Silver,3,355.1,1152.7,4,0,4.53,12.0,11.2,4.9,Clear,70.8,0.489,0,233.89,4.4,0
SHP-102556,Calgary AB,Ottawa ON,QuebecExpress,Standard,General Freight,Silver,11,936.4,926.0,1,0,14.18,42.0,2.0,10.3,Clear,39.5,0.493,1,299.57,14.99,0
SHP-102846,Ottawa ON,Hamilton ON,MapleFreight Fleet,Standard,Bulk,Bronze,12,821.4,400.2,0,0,12.8,26.0,5.2,8.1,Clear,39.7,0.324,0,206.92,11.52,0
SHP-105583,Mississauga ON,Toronto ON,Contract Owner-Op,Express,General Freight,Silver,1,418.1,293.9,3,0,6.76,-1.0,1.5,5.1,Fog,34.2,0.555,2,271.05,6.89,0
SHP-100324,Calgary AB,Regina SK,MapleFreight Fleet,Economy,General Freight,Silver,11,678.6,1642.9,1,0,8.44,15.0,22.0,5.0,Rain,46.5,0.453,2,93.46,8.76,0
SHP-104087,Toronto ON,Edmonton AB,PrairieLine,Standard,Fragile,Bronze,6,746.2,1605.8,2,0,10.3,46.0,14.2,11.6,,67.4,0.167,3,176.65,9.65,0
SHP-101454,Toronto ON,Toronto ON,MapleFreight Fleet,Standard,General Freight,Gold,2,252.1,1067.6,0,0,5.34,-20.0,5.5,3.9,Clear,70.4,0.388,1,,5.43,0
SHP-105929,Ottawa ON,Toronto ON,NorthStar Carriers,Express,Bulk,Silver,8,318.3,1874.5,4,0,5.76,15.0,11.4,4.1,Clear,71.4,0.413,2,298.39,5.31,0
SHP-101096,Montreal QC,Sudbury ON,QuebecExpress,Standard,General Freight,Bronze,1,350.5,269.7,1,0,5.71,20.0,4.1,7.9,Rain,40.6,0.174,3,154.08,5.52,0
SHP-104789,Toronto ON,Calgary AB,MapleFreight Fleet,Standard,Fragile,Gold,12,519.5,968.5,3,0,9.74,-20.0,14.8,6.1,Snow,48.2,0.627,1,203.47,10.01,0
SHP-101425,Ottawa ON,Hamilton ON,Contract Owner-Op,Standard,General Freight,Bronze,12,1048.3,1874.8,5,0,17.33,-7.0,6.4,0.8,Rain,46.9,0.574,1,197.74,23.84,1
SHP-103769,London ON,Edmonton AB,NorthStar Carriers,Economy,Fragile,Gold,9,293.2,994.2,4,0,5.83,31.0,5.0,6.8,Rain,29.1,0.457,1,201.55,5.91,0
SHP-102050,Toronto ON,Regina SK,MapleFreight Fleet,Economy,General Freight,Silver,3,547.0,677.5,1,1,7.04,82.0,5.8,3.9,Fog,13.6,0.449,0,144.47,6.57,0
SHP-103334,Winnipeg MB,Edmonton AB,PrairieLine,Economy,Hazardous,Bronze,10,785.7,56.0,0,0,9.39,31.0,10.4,4.6,Rain,33.2,0.43,1,111.57,11.38,1
SHP-103575,Ottawa ON,Quebec City QC,MapleFreight Fleet,Economy,General Freight,Bronze,3,436.0,509.6,4,0,10.15,42.0,6.4,9.2,,59.5,0.202,2,169.98,9.6,0
SHP-101190,London ON,Winnipeg MB,NorthStar Carriers,Express,General Freight,Gold,8,1201.4,1043.6,4,0,20.44,28.0,14.1,9.7,Clear,29.4,0.257,2,,18.89,0
SHP-103041,Mississauga ON,Calgary AB,QuebecExpress,Express,Fragile,Bronze,9,424.5,459.1,0,0,4.35,69.0,4.5,1.7,Rain,70.3,0.782,1,241.96,4.54,0
SHP-100304,Winnipeg MB,Sudbury ON,NorthStar Carriers,Standard,General Freight,Silver,6,760.7,451.4,2,0,9.38,51.0,1.0,13.4,Snow,43.6,0.784,1,143.43,8.96,0
SHP-100583,Toronto ON,Montreal QC,MapleFreight Fleet,Economy,General Freight,Bronze,1,664.9,1017.8,1,0,10.28,12.0,2.6,14.8,Clear,56.8,0.477,2,206.0,10.6,0
SHP-102746,Calgary AB,Toronto ON,MapleFreight Fleet,Express,Bulk,Silver,10,326.3,2251.7,2,1,4.61,1.0,,4.0,Snow,51.6,0.738,0,167.47,4.82,0
SHP-104736,Montreal QC,Regina SK,MapleFreight Fleet,Economy,General Freight,Silver,6,805.5,2525.2,1,0,13.44,17.0,3.5,2.5,Rain,45.7,0.294,1,136.66,12.72,0
SHP-100545,Winnipeg MB,Regina SK,MapleFreight Fleet,Economy,Hazardous,Silver,8,778.6,1843.3,5,1,13.1,52.0,1.8,2.9,Fog,65.5,0.469,2,170.39,19.93,1
SHP-100135,London ON,Regina SK,MapleFreight Fleet,Standard,Hazardous,Bronze,4,652.9,1423.7,2,0,9.81,45.0,4.1,12.6,Snow,48.0,0.428,4,183.27,12.98,1
SHP-100952,Toronto ON,Regina SK,NorthStar Carriers,Standard,Refrigerated,Silver,6,393.0,480.7,3,0,9.57,57.0,4.2,0.7,Clear,65.0,0.353,0,119.93,9.76,0
SHP-105884,Mississauga ON,Calgary AB,MapleFreight Fleet,Standard,Bulk,Silver,6,392.9,816.2,3,0,8.05,0.0,7.5,6.2,Rain,33.4,0.598,1,42.62,8.19,0
SHP-105013,Montreal QC,Toronto ON,MapleFreight Fleet,Standard,General Freight,Silver,2,537.5,1271.1,5,0,10.97,33.0,2.0,5.7,Clear,59.3,0.192,1,83.91,11.39,0
SHP-103633,Calgary AB,Winnipeg MB,MapleFreight Fleet,Standard,General Freight,Silver,12,784.3,506.2,0,0,12.1,-20.0,10.4,4.2,Rain,50.1,0.343,2,262.98,11.9,0
SHP-104310,Montreal QC,Calgary AB,NorthStar Carriers,Express,Bulk,Silver,7,854.1,582.6,4,0,17.46,46.0,13.2,1.5,Clear,51.2,0.564,0,,17.83,0
SHP-101141,Montreal QC,Winnipeg MB,MapleFreight Fleet,Standard,General Freight,Gold,7,427.0,624.8,2,0,6.54,30.0,9.0,9.2,Clear,74.3,0.156,0,195.99,6.35,0
SHP-103234,Toronto ON,Winnipeg MB,MapleFreight Fleet,Economy,General Freight,Silver,12,188.1,879.3,1,0,2.86,-4.0,2.5,13.0,Rain,75.7,0.139,0,192.3,2.67,0
SHP-102035,Mississauga ON,Edmonton AB,PrairieLine,Standard,General Freight,Silver,12,835.9,130.7,2,0,12.18,56.0,6.4,4.1,Storm,32.8,0.499,3,170.95,11.53,0
SHP-100388,Winnipeg MB,Quebec City QC,MapleFreight Fleet,Economy,General Freight,Bronze,3,297.1,1294.4,1,0,4.99,37.0,6.4,0.3,Snow,65.8,0.415,0,206.27,4.42,0
SHP-102866,Montreal QC,Winnipeg MB,Contract Owner-Op,standard,Bulk,Silver,4,1270.6,475.1,0,0,18.66,62.0,16.3,6.1,Clear,75.4,0.455,0,176.68,17.4,0
SHP-101187,Toronto ON,Montreal QC,MapleFreight Fleet,Standard,Refrigerated,Gold,7,1242.6,555.0,3,0,17.21,2.0,0.9,4.0,Fog,47.1,0.256,1,98.71,27.34,1
SHP-102823,Mississauga ON,Toronto ON,Contract Owner-Op,Standard,Bulk,Bronze,6,497.3,1249.3,5,0,10.15,13.0,7.5,8.8,Clear,47.8,0.45,1,170.46,9.66,0
SHP-102865,Calgary AB,Ottawa ON,MapleFreight Fleet,Economy,General Freight,Silver,11,1219.7,257.1,2,0,17.02,23.0,5.4,0.9,Clear,69.3,0.251,1,216.3,16.44,0
SHP-100422,Winnipeg MB,Sudbury ON,PrairieLine,Standard,Fragile,Bronze,11,848.9,993.5,2,0,12.75,61.0,2.4,9.3,Clear,73.5,0.602,1,98.72,13.1,0
SHP-105084,Mississauga ON,Calgary AB,MapleFreight Fleet,Express,General Freight,Silver,7,148.1,306.8,4,0,6.09,9.0,13.5,1.7,Snow,44.3,0.433,2,151.46,5.65,0
SHP-103302,Ottawa ON,Calgary AB,MapleFreight Fleet,Standard,General Freight,Silver,1,963.5,1287.8,5,0,15.89,1.0,2.2,4.1,Clear,,0.608,4,245.64,14.28,0
SHP-105184,Toronto ON,Sudbury ON,MapleFreight Fleet,Economy,Fragile,Bronze,2,677.6,2281.2,1,0,8.57,59.0,9.2,10.9,Clear,67.1,0.446,2,143.44,9.02,0
SHP-101361,Mississauga ON,Hamilton ON,MapleFreight Fleet,Express,Hazardous,Silver,3,570.1,832.9,1,1,8.96,3.0,15.6,6.7,Clear,63.3,0.284,0,138.35,8.47,0
SHP-101468,Toronto ON,Calgary AB,Contract Owner-Op,Express,General Freight,Gold,7,471.1,709.4,1,0,8.43,33.0,7.5,4.9,Clear,39.7,0.576,1,83.83,7.87,0
SHP-100920,Calgary AB,Winnipeg MB,QuebecExpress,Standard,Hazardous,Silver,12,206.8,1663.8,2,0,4.63,20.0,0.6,3.2,Clear,68.6,0.383,1,76.41,4.43,0
SHP-105155,Toronto ON,Winnipeg MB,PrairieLine,standard,Bulk,Bronze,5,865.4,743.7,4,1,14.5,-20.0,1.3,5.0,Storm,69.1,0.218,1,125.33,12.92,0
SHP-103169,London ON,Calgary AB,MapleFreight Fleet,Economy,General Freight,Gold,5,417.9,954.1,0,0,6.62,38.0,3.3,1.1,Fog,63.2,0.307,1,138.13,5.97,0
SHP-101742,Montreal QC,Montreal QC,MapleFreight Fleet,Standard,General Freight,Bronze,7,853.3,438.4,4,0,15.14,12.0,,0.4,Storm,68.4,0.296,3,,23.94,1
SHP-103658,Mississauga ON,Sudbury ON,NorthStar Carriers,Express,Refrigerated,Bronze,7,271.2,1072.4,2,0,5.09,47.0,1.9,4.8,Rain,76.7,0.41,2,163.13,4.77,0
SHP-105881,Toronto ON,Sudbury ON,MapleFreight Fleet,Standard,General Freight,Silver,7,450.0,1021.0,0,0,6.53,47.0,0.9,12.3,Clear,41.8,0.629,1,100.85,6.85,0
SHP-101357,Toronto ON,Toronto ON,MapleFreight Fleet,Standard,Refrigerated,Silver,6,981.9,610.3,3,0,15.96,21.0,7.4,2.8,Clear,47.1,0.614,1,135.08,16.04,0
SHP-102157,Calgary AB,Ottawa ON,NorthStar Carriers,Economy,General Freight,Gold,8,515.8,463.6,4,0,7.44,30.0,1.6,9.0,Rain,68.6,0.304,4,238.97,8.93,1
SHP-103085,Montreal QC,Toronto ON,NorthStar Carriers,Standard,General Freight,Silver,10,719.5,972.3,3,0,13.58,2.0,8.4,6.3,Clear,54.8,0.21,0,285.09,13.17,0
SHP-103681,Ottawa ON,Quebec City QC,MapleFreight Fleet,Standard,General Freight,Silver,2,205.8,1109.5,5,0,7.96,46.0,7.4,3.1,Clear,85.8,0.401,0,120.31,7.94,0
SHP-104076,Mississauga ON,Ottawa ON,QuebecExpress,Express,General Freight,Bronze,5,759.7,802.7,0,0,11.45,47.0,17.3,4.3,Rain,60.0,0.259,2,78.37,11.44,0
SHP-105282,Calgary AB,Ottawa ON,NorthStar Carriers,Standard,Hazardous,Silver,9,273.2,452.6,2,0,5.41,-18.0,22.8,10.0,Storm,70.5,0.579,1,243.63,5.62,0
SHP-102086,Calgary AB,Toronto ON,NorthStar Carriers,standard,Bulk,Silver,10,334.5,405.1,4,0,8.84,-20.0,7.5,3.5,Rain,83.2,0.426,1,260.26,8.18,0
SHP-101370,Mississauga ON,Edmonton AB,Contract Owner-Op,Standard,Fragile,Silver,12,620.1,1291.3,1,0,10.06,70.0,4.0,4.7,Clear,46.9,0.375,1,156.16,10.41,0
SHP-101123,Calgary AB,Calgary AB,MapleFreight Fleet,Economy,Refrigerated,Silver,11,622.9,988.3,5,0,12.46,-13.0,4.7,5.4,Clear,50.9,0.473,2,213.6,12.75,0
SHP-102028,Toronto ON,Regina SK,MapleFreight Fleet,Standard,Hazardous,Gold,12,315.2,799.9,3,0,8.28,-20.0,2.9,2.2,Clear,35.5,0.586,0,105.11,8.43,0
SHP-101182,Toronto ON,Montreal QC,QuebecExpress,Standard,Hazardous,Bronze,4,926.5,800.8,3,0,12.19,23.0,4.5,5.4,Fog,84.9,0.591,1,254.66,11.63,0
SHP-103407,Toronto ON,Sudbury ON,NorthStar Carriers,Standard,Fragile,Bronze,11,891.5,1550.3,5,0,16.77,19.0,13.1,6.7,Clear,34.5,0.572,0,134.42,24.91,1
SHP-101099,London ON,Ottawa ON,NorthStar Carriers,Express,General Freight,Bronze,8,373.9,744.5,0,0,2.82,21.0,8.0,16.0,Clear,26.9,0.659,1,277.55,2.71,0
SHP-101290,Mississauga ON,Quebec City QC,MapleFreight Fleet,Standard,General Freight,Silver,8,360.4,958.4,4,1,6.54,-20.0,13.4,9.8,Snow,91.2,0.613,1,181.69,5.76,0
SHP-100879,Toronto ON,Hamilton ON,NorthStar Carriers,Standard,General Freight,Silver,5,497.7,1407.8,1,0,7.83,76.0,0.6,2.3,Clear,48.8,0.747,1,109.4,6.96,0
SHP-104094,Toronto ON,Ottawa ON,MapleFreight Fleet,Express,Hazardous,Gold,10,226.4,848.2,1,0,4.42,56.0,6.1,3.0,Snow,30.2,0.506,2,143.69,4.4,0
SHP-103734,Calgary AB,Edmonton AB,Contract Owner-Op,Standard,Refrigerated,Silver,9,414.9,1282.2,0,0,7.02,-6.0,7.1,3.4,Fog,90.7,0.278,0,155.46,7.37,0
SHP-105998,Ottawa ON,Sudbury ON,NorthStar Carriers,Standard,General Freight,Bronze,3,504.4,681.4,2,0,8.49,47.0,2.7,2.4,Clear,23.5,0.407,3,129.77,7.92,0
SHP-105811,Ottawa ON,Ottawa ON,MapleFreight Fleet,Express,General Freight,Silver,7,708.3,1985.3,5,1,10.92,-14.0,3.6,2.1,Clear,57.8,0.371,1,,10.76,0
SHP-103541,Mississauga ON,Ottawa ON,MapleFreight Fleet,Standard,General Freight,Bronze,12,333.7,1269.9,2,0,4.7,4.0,6.2,6.3,Storm,53.3,0.442,1,121.31,6.94,1
SHP-105908,Montreal QC,Calgary AB,Contract Owner-Op,Economy,Fragile,Silver,12,1026.0,1985.2,4,0,16.04,7.0,3.8,5.8,Clear,25.9,0.539,1,224.69,24.05,1
SHP-103637,Ottawa ON,Calgary AB,QuebecExpress,Express,Refrigerated,Silver,7,447.1,415.0,5,0,9.34,56.0,5.9,9.9,Clear,65.2,0.253,2,226.38,9.48,0
SHP-102379,Calgary AB,Sudbury ON,MapleFreight Fleet,Economy,General Freight,Bronze,9,917.8,962.1,2,0,15.08,39.0,9.1,11.8,Rain,64.6,0.345,1,172.63,14.13,0
SHP-100936,Toronto ON,Calgary AB,PrairieLine,Standard,Hazardous,Silver,7,1511.6,1118.6,5,0,26.39,-0.0,7.6,6.1,Storm,78.1,0.538,0,148.5,30.87,1
SHP-102963,Mississauga ON,Edmonton AB,PrairieLine,Economy,Bulk,Gold,12,275.4,1185.8,2,0,4.6,-12.0,15.8,3.2,Clear,66.5,0.685,0,213.53,4.19,0
SHP-100704,Calgary AB,Montreal QC,NorthStar Carriers,Express,Refrigerated,Gold,9,1467.2,183.7,0,0,23.17,38.0,7.0,1.2,Clear,29.7,0.36,0,186.38,23.17,0
SHP-100306,Montreal QC,Sudbury ON,MapleFreight Fleet,Standard,General Freight,Silver,11,517.8,1229.8,4,0,11.79,-8.0,7.4,3.6,Fog,69.8,0.389,1,125.41,12.42,0
SHP-105341,Calgary AB,Edmonton AB,NorthStar Carriers,Standard,General Freight,Bronze,4,1234.1,888.7,1,0,18.17,43.0,11.8,1.3,Snow,46.9,0.412,0,105.99,16.09,0
SHP-100381,Toronto ON,Sudbury ON,NorthStar Carriers,Express,General Freight,Gold,5,581.2,701.8,3,0,10.51,7.0,2.7,7.3,Rain,41.0,0.587,2,199.43,9.48,0
SHP-101193,Calgary AB,Hamilton ON,NorthStar Carriers,Express,General Freight,Silver,3,368.7,2272.8,1,0,4.47,17.0,10.0,14.2,Clear,71.5,0.384,3,244.41,4.43,0
SHP-103359,Mississauga ON,Quebec City QC,MapleFreight Fleet,Economy,Refrigerated,Bronze,5,481.9,764.5,1,0,7.77,-6.0,1.8,2.4,Clear,70.7,0.535,3,125.75,8.08,0
SHP-101919,Toronto ON,Montreal QC,MapleFreight Fleet,Standard,General Freight,Silver,5,789.1,702.7,4,1,13.98,46.0,4.7,10.9,Clear,32.9,0.475,4,107.19,16.69,1
SHP-100639,Montreal QC,Regina SK,NorthStar Carriers,express,Hazardous,Silver,6,217.4,1878.9,3,0,3.82,50.0,3.6,15.1,Clear,71.8,0.959,3,145.54,4.72,1
SHP-100810,London ON,Montreal QC,NorthStar Carriers,economy,General Freight,Silver,2,689.0,1850.3,4,0,11.04,26.0,3.5,5.5,Fog,60.2,0.472,2,166.7,17.64,1
SHP-103103,Toronto ON,Winnipeg MB,MapleFreight Fleet,Economy,General Freight,Bronze,3,312.4,961.5,2,0,5.33,90.0,6.4,4.6,Fog,50.7,0.48,2,248.29,4.7,0
SHP-105135,Toronto ON,Sudbury ON,Contract Owner-Op,Economy,Refrigerated,Silver,7,356.8,1103.6,4,0,7.87,57.0,23.7,6.0,Clear,70.1,0.413,2,181.39,8.22,0
SHP-103492,Toronto ON,Regina SK,PrairieLine,Express,General Freight,Gold,6,190.2,1657.1,4,0,3.9,6.0,1.1,6.0,Clear,35.8,0.269,2,337.62,4.12,0
SHP-103261,Toronto ON,Winnipeg MB,MapleFreight Fleet,Standard,Refrigerated,Gold,12,715.7,1288.7,1,0,9.63,17.0,8.0,12.3,Rain,67.6,0.844,0,300.08,9.44,0
SHP-102701,Ottawa ON,Regina SK,MapleFreight Fleet,Standard,General Freight,Bronze,5,695.6,1009.6,5,1,12.29,53.0,21.4,4.0,Clear,45.0,0.198,1,137.92,10.93,0
SHP-101704,Calgary AB,Ottawa ON,MapleFreight Fleet,standard,General Freight,Silver,12,1021.2,2227.9,1,0,13.69,6.0,3.0,3.4,Rain,14.2,0.585,2,106.56,14.3,0
SHP-104533,Mississauga ON,Hamilton ON,QuebecExpress,Standard,General Freight,Silver,5,538.9,459.4,0,0,6.52,58.0,5.6,1.9,Clear,46.4,0.44,0,262.95,6.02,0
SHP-100234,Calgary AB,Calgary AB,MapleFreight Fleet,Standard,Refrigerated,Silver,7,257.5,393.5,1,0,2.57,54.0,6.6,6.4,Clear,37.1,0.377,1,96.09,2.53,0
SHP-102052,Ottawa ON,Regina SK,NorthStar Carriers,Express,General Freight,Silver,2,277.9,267.5,3,1,5.25,6.0,0.4,3.1,Fog,77.4,0.47,1,240.72,4.64,0
SHP-105950,Mississauga ON,Toronto ON,Contract Owner-Op,Economy,Bulk,Silver,9,741.7,2194.8,3,0,12.03,47.0,15.5,13.1,Clear,39.3,0.371,2,171.08,11.75,0
SHP-100885,Toronto ON,Hamilton ON,PrairieLine,Express,Bulk,Bronze,8,455.3,1900.7,3,1,8.83,18.0,10.8,11.7,Snow,59.1,0.898,2,157.86,11.09,1
SHP-104943,Mississauga ON,Ottawa ON,MapleFreight Fleet,Standard,Refrigerated,Silver,5,387.8,1331.7,4,0,9.33,3.0,11.1,10.8,Clear,59.8,0.548,2,211.46,8.87,0
SHP-103779,Calgary AB,Toronto ON,MapleFreight Fleet,Economy,General Freight,Gold,11,486.6,254.9,4,0,11.55,54.0,1.6,6.7,Clear,69.3,0.516,1,307.3,16.74,1
SHP-105058,Toronto ON,Ottawa ON,NorthStar Carriers,Economy,General Freight,Bronze,4,368.6,1365.3,0,0,4.25,8.0,13.8,4.6,Clear,66.3,0.464,1,174.81,4.04,0
SHP-102636,Toronto ON,Calgary AB,Contract Owner-Op,Economy,General Freight,Silver,7,1274.3,1542.2,1,0,18.06,3.0,2.1,5.3,Clear,43.9,0.428,1,187.6,23.92,1
SHP-103437,Ottawa ON,Calgary AB,MapleFreight Fleet,Standard,General Freight,Gold,9,1529.1,828.5,1,0,20.22,19.0,16.5,3.9,Clear,44.1,0.596,1,86.79,20.7,0
SHP-105947,Toronto ON,Calgary AB,MapleFreight Fleet,Express,Bulk,Silver,3,829.4,622.0,1,0,8.97,13.0,4.0,5.0,Rain,40.7,0.328,6,122.85,9.09,0
SHP-100008,Calgary AB,Ottawa ON,NorthStar Carriers,express,General Freight,Bronze,10,442.4,894.0,1,1,5.53,-10.0,5.0,3.5,Rain,71.3,0.435,1,202.71,5.27,0
SHP-103855,Toronto ON,Hamilton ON,QuebecExpress,Standard,General Freight,Bronze,7,187.9,1039.4,0,1,1.59,34.0,4.3,11.5,Clear,58.0,0.744,1,121.0,1.67,0
SHP-103802,Calgary AB,Montreal QC,MapleFreight Fleet,Express,General Freight,Silver,7,592.7,2333.3,3,1,10.08,40.0,6.7,2.1,Clear,52.3,0.587,0,209.7,10.31,0
SHP-102845,Montreal QC,Quebec City QC,NorthStar Carriers,Economy,General Freight,Silver,1,1258.4,467.1,5,0,23.38,10.0,3.9,2.9,Clear,51.4,0.828,1,257.49,24.22,0
SHP-105685,Montreal QC,Quebec City QC,NorthStar Carriers,Express,Bulk,Bronze,8,482.0,853.2,4,0,7.9,12.0,4.8,11.1,Fog,22.2,0.496,1,253.79,7.1,0
SHP-103065,Montreal QC,Calgary AB,QuebecExpress,Standard,General Freight,Bronze,6,468.2,282.6,1,0,5.88,20.0,9.0,5.5,Clear,40.4,0.278,0,280.0,5.29,0
SHP-101869,Montreal QC,Calgary AB,MapleFreight Fleet,Standard,General Freight,Silver,3,1585.7,1539.7,1,0,21.5,38.0,1.3,6.5,Clear,41.7,0.683,2,233.77,21.39,0
SHP-101217,Calgary AB,Regina SK,PrairieLine,Standard,General Freight,Gold,9,494.2,543.5,0,0,7.35,-2.0,7.5,12.8,Snow,85.5,0.339,2,130.76,6.72,0
SHP-105516,Toronto ON,Winnipeg MB,QuebecExpress,Express,Hazardous,Gold,8,521.5,174.5,0,0,6.91,1.0,12.3,5.6,Clear,,0.377,0,210.84,6.88,0
SHP-105731,Toronto ON,Calgary AB,MapleFreight Fleet,Standard,Bulk,Bronze,1,249.7,475.7,1,0,3.43,-9.0,1.1,5.4,Storm,39.9,0.626,3,210.18,4.82,1
SHP-103370,Winnipeg MB,Montreal QC,MapleFreight Fleet,Economy,General Freight,Gold,3,711.4,1148.4,5,0,15.2,23.0,13.4,0.8,Clear,43.5,0.255,1,131.14,15.2,0
SHP-105368,Montreal QC,Regina SK,QuebecExpress,Economy,Hazardous,Silver,4,681.1,1868.6,5,0,11.6,33.0,2.6,0.7,Fog,49.8,0.316,1,176.56,10.59,0
SHP-100300,Mississauga ON,Ottawa ON,MapleFreight Fleet,Standard,Bulk,Silver,8,682.5,808.3,5,0,13.3,13.0,0.8,2.1,Fog,64.6,0.436,1,96.12,12.23,0
SHP-100682,Montreal QC,Calgary AB,PrairieLine,Express,Fragile,Bronze,4,301.8,379.2,4,0,5.93,50.0,5.1,4.0,Clear,59.7,0.079,2,177.24,5.29,0
SHP-104984,Ottawa ON,Montreal QC,QuebecExpress,Standard,Hazardous,Bronze,9,393.3,866.6,0,0,6.54,23.0,20.0,4.0,Clear,60.0,0.563,1,281.84,6.57,0
SHP-103583,London ON,Edmonton AB,MapleFreight Fleet,Standard,Refrigerated,Gold,9,973.7,951.1,5,0,17.64,-14.0,7.9,6.5,Storm,29.5,0.539,0,155.77,17.3,0
SHP-105767,Toronto ON,Winnipeg MB,MapleFreight Fleet,Standard,General Freight,Bronze,10,836.8,909.3,0,0,11.37,30.0,3.0,3.3,Rain,40.1,0.438,4,95.66,11.45,0
SHP-102094,Calgary AB,Hamilton ON,NorthStar Carriers,Economy,Bulk,Silver,4,484.4,760.6,0,0,6.05,-20.0,6.8,2.3,Rain,32.4,0.177,0,211.18,5.89,0
SHP-103613,London ON,Winnipeg MB,Contract Owner-Op,Standard,General Freight,Silver,8,856.1,1111.3,3,0,14.4,8.0,0.4,10.3,Rain,74.6,0.544,0,230.53,14.9,0
SHP-104489,Calgary AB,Regina SK,MapleFreight Fleet,Standard,General Freight,Gold,4,547.6,925.8,3,0,10.9,59.0,2.1,20.0,Clear,53.8,0.535,1,261.33,13.98,1
SHP-102186,Toronto ON,Winnipeg MB,PrairieLine,Standard,Refrigerated,Bronze,8,721.7,889.3,3,0,12.42,70.0,10.5,3.9,Clear,64.7,0.342,0,,11.03,0
SHP-102594,Ottawa ON,Edmonton AB,MapleFreight Fleet,Express,Bulk,Silver,3,259.4,513.9,4,0,6.22,19.0,1.9,3.2,Snow,55.2,0.515,0,163.67,6.56,0
SHP-103108,Montreal QC,Montreal QC,QuebecExpress,Standard,Bulk,Silver,12,769.3,1847.9,4,1,14.01,-18.0,11.1,4.8,Rain,49.5,0.542,1,199.36,14.54,0
SHP-103606,Toronto ON,Edmonton AB,PrairieLine,Standard,General Freight,Gold,4,322.2,1331.8,4,0,8.39,48.0,,15.9,Fog,81.1,0.434,1,173.77,11.06,1
SHP-105286,Toronto ON,Toronto ON,Contract Owner-Op,Standard,Hazardous,Silver,9,321.9,797.4,5,0,5.25,8.0,3.5,3.0,Snow,68.3,0.336,1,85.31,7.66,1
SHP-105151,Toronto ON,Edmonton AB,QuebecExpress,Express,General Freight,Silver,6,933.1,1066.6,5,0,16.7,7.0,10.7,2.2,Clear,59.8,0.317,1,,16.2,0
SHP-105714,Toronto ON,Montreal QC,Contract Owner-Op,Standard,Refrigerated,Bronze,12,1301.4,2176.8,5,0,24.44,-20.0,9.7,4.0,Rain,53.3,0.283,1,151.11,30.54,1
SHP-104478,Toronto ON,Regina SK,MapleFreight Fleet,Express,General Freight,Bronze,7,768.1,369.6,5,0,14.88,61.0,2.5,1.6,Snow,47.7,0.514,0,219.15,14.67,0
SHP-100206,Toronto ON,Ottawa ON,MapleFreight Fleet,Standard,Bulk,Bronze,8,1070.9,1191.9,5,0,18.55,78.0,1.6,3.0,Rain,29.0,0.499,0,213.9,18.97,0
SHP-105088,London ON,Sudbury ON,PrairieLine,Express,General Freight,Silver,5,434.9,2695.9,2,0,5.28,48.0,2.1,5.0,Clear,25.5,0.735,1,191.39,5.34,0
SHP-101833,Montreal QC,Toronto ON,MapleFreight Fleet,Economy,General Freight,Gold,12,177.4,248.6,5,0,4.67,20.0,3.7,2.4,Snow,78.3,0.479,3,187.6,7.02,1
SHP-102924,Ottawa ON,Ottawa ON,MapleFreight Fleet,Standard,Refrigerated,Silver,7,516.8,357.5,5,0,10.32,29.0,4.0,2.3,Fog,68.5,0.628,4,196.35,10.07,0
SHP-103315,Calgary AB,Quebec City QC,NorthStar Carriers,Standard,General Freight,Gold,1,250.0,629.1,5,0,7.02,-4.0,4.4,4.5,Snow,60.1,1.0,0,151.64,6.29,0
SHP-101909,Calgary AB,Toronto ON,NorthStar Carriers,Express,General Freight,Bronze,8,547.4,590.4,4,0,10.52,25.0,6.9,6.8,Clear,50.7,0.216,0,277.63,10.42,0
SHP-100511,Ottawa ON,Ottawa ON,NorthStar Carriers,Standard,Bulk,Gold,7,565.9,1393.3,0,1,8.39,-20.0,9.2,4.9,Clear,62.8,0.756,0,179.04,7.47,0
SHP-102472,Toronto ON,Sudbury ON,MapleFreight Fleet,Economy,General Freight,Bronze,4,717.1,998.9,4,0,12.18,47.0,6.1,4.0,Rain,33.3,0.347,0,207.74,11.05,0
SHP-105218,Toronto ON,Hamilton ON,MapleFreight Fleet,Economy,Refrigerated,Silver,11,942.4,815.7,4,0,16.29,44.0,2.5,7.7,,67.4,0.239,0,225.8,19.69,1
SHP-103483,Toronto ON,Toronto ON,PrairieLine,Standard,General Freight,Bronze,11,364.2,2218.8,0,0,6.57,33.0,17.2,0.8,Clear,61.9,0.757,0,265.84,6.95,0
SHP-103713,Ottawa ON,Edmonton AB,NorthStar Carriers,Standard,Bulk,Silver,6,465.1,1254.1,2,1,10.53,23.0,8.1,3.5,Rain,47.1,0.32,1,142.73,10.99,0
SHP-103615,Montreal QC,Hamilton ON,MapleFreight Fleet,Economy,General Freight,Gold,10,422.7,1351.6,2,0,8.48,34.0,5.4,5.3,Clear,81.2,0.624,1,169.36,7.77,0
SHP-103819,Montreal QC,Quebec City QC,MapleFreight Fleet,Express,General Freight,Bronze,9,639.2,563.2,5,0,13.96,2.0,,8.3,Clear,71.2,0.382,1,60.34,12.85,0
SHP-104129,Montreal QC,Toronto ON,PrairieLine,Express,General Freight,Silver,4,1193.3,2493.8,3,0,16.81,58.0,2.7,4.7,Clear,54.6,0.5,4,158.97,15.4,0
SHP-105910,London ON,Regina SK,NorthStar Carriers,Standard,Refrigerated,Bronze,7,844.3,696.2,4,0,15.65,46.0,3.6,2.9,Snow,58.1,0.775,0,158.15,19.18,1
SHP-102570,Mississauga ON,Edmonton AB,NorthStar Carriers,Economy,General Freight,Silver,9,552.1,557.2,0,1,8.22,-4.0,2.2,2.0,Clear,,0.022,2,118.49,7.84,0
SHP-101359,Montreal QC,Quebec City QC,MapleFreight Fleet,Economy,General Freight,Silver,6,261.1,490.0,1,0,5.17,59.0,14.0,1.4,Rain,52.8,0.282,1,258.58,4.98,0
SHP-102539,Ottawa ON,Calgary AB,NorthStar Carriers,Economy,General Freight,Silver,3,382.2,616.7,3,0,10.24,38.0,11.5,3.0,Clear,55.5,0.393,0,212.08,10.8,0
SHP-101005,Toronto ON,Montreal QC,MapleFreight Fleet,Economy,General Freight,Silver,9,501.9,402.6,3,0,10.27,-20.0,1.3,2.3,Snow,50.9,0.175,0,61.38,10.46,0
SHP-103288,Toronto ON,Toronto ON,MapleFreight Fleet,Express,General Freight,Silver,10,368.4,498.2,4,0,8.92,-15.0,8.2,7.1,Clear,52.9,0.714,0,154.82,8.2,0
SHP-104095,Montreal QC,Regina SK,NorthStar Carriers,Standard,General Freight,Silver,5,742.6,1454.8,1,0,11.0,40.0,1.4,9.4,Clear,46.1,0.261,4,173.45,12.98,1
SHP-101572,Mississauga ON,Toronto ON,NorthStar Carriers,Standard,Hazardous,Silver,1,720.0,619.4,3,0,11.73,38.0,1.8,1.9,Rain,57.8,0.421,1,148.18,12.18,0
SHP-101261,Winnipeg MB,Toronto ON,Contract Owner-Op,Standard,Hazardous,Bronze,1,642.9,1167.9,5,0,12.72,21.0,7.7,5.3,Clear,50.3,0.359,1,252.07,12.5,0
SHP-105807,Toronto ON,Montreal QC,NorthStar Carriers,Standard,General Freight,Bronze,4,274.9,302.1,4,0,4.76,-18.0,6.3,7.4,Clear,57.1,0.46,1,88.98,4.89,0
SHP-105144,Mississauga ON,Montreal QC,QuebecExpress,Standard,Refrigerated,Silver,10,242.2,667.8,2,0,4.11,35.0,,11.2,,63.8,0.378,0,262.43,3.97,0
SHP-105365,Toronto ON,Calgary AB,MapleFreight Fleet,Standard,General Freight,Silver,12,494.1,660.5,3,0,8.78,1.0,4.9,3.2,Clear,42.4,0.364,1,196.25,8.3,0
SHP-105091,Toronto ON,Sudbury ON,PrairieLine,Standard,General Freight,Silver,5,436.0,446.9,3,0,6.17,40.0,9.7,2.2,Rain,61.7,0.109,0,184.36,5.48,0
SHP-100351,Toronto ON,Sudbury ON,PrairieLine,Economy,Hazardous,Silver,12,530.4,545.2,3,1,10.94,21.0,2.0,4.4,Clear,74.0,0.74,4,214.96,16.86,1
SHP-104503,Ottawa ON,Toronto ON,QuebecExpress,Express,Fragile,Gold,3,270.1,1874.7,5,0,7.87,27.0,6.6,3.4,Clear,68.4,0.695,1,152.74,7.15,0
SHP-100940,Montreal QC,Calgary AB,QuebecExpress,Express,General Freight,Silver,2,483.8,506.5,3,0,10.79,13.0,6.7,13.0,Fog,52.6,0.218,1,134.7,10.07,0
SHP-100546,Mississauga ON,Quebec City QC,MapleFreight Fleet,Economy,General Freight,Bronze,7,1067.0,640.5,0,0,14.09,51.0,2.4,16.4,Storm,57.3,0.397,0,201.17,16.48,1
SHP-105865,Mississauga ON,Regina SK,NorthStar Carriers,Standard,Refrigerated,Gold,4,240.4,1314.2,4,0,5.79,31.0,6.9,2.6,Snow,57.1,0.393,0,150.23,5.26,0
SHP-103550,Winnipeg MB,Winnipeg MB,MapleFreight Fleet,Express,General Freight,Silver,5,512.5,469.7,0,0,7.25,-9.0,7.7,1.5,Rain,66.1,0.585,1,178.35,7.4,0
SHP-105667,London ON,Ottawa ON,MapleFreight Fleet,Standard,Refrigerated,Bronze,1,679.1,1066.4,5,0,12.02,13.0,6.6,7.2,Clear,47.7,0.566,0,206.88,11.65,0
SHP-101038,Mississauga ON,Winnipeg MB,NorthStar Carriers,Express,Refrigerated,Gold,6,595.7,636.8,2,0,9.39,40.0,8.0,5.1,Clear,56.4,0.847,0,30.0,8.45,0
SHP-104778,Toronto ON,Calgary AB,MapleFreight Fleet,Standard,Bulk,Silver,4,462.5,535.4,0,0,5.72,77.0,7.3,0.8,Rain,23.7,0.539,0,192.02,5.7,0
SHP-104992,Toronto ON,Sudbury ON,QuebecExpress,Standard,General Freight,Silver,10,1211.2,378.4,3,1,18.9,1.0,5.2,5.3,Clear,66.0,0.675,1,186.06,17.18,0
SHP-101918,London ON,Sudbury ON,NorthStar Carriers,Economy,Bulk,Silver,9,333.6,1997.8,0,0,5.84,-5.0,1.2,1.6,Clear,100.0,0.545,0,238.58,6.01,0
SHP-100154,Ottawa ON,Winnipeg MB,NorthStar Carriers,Express,Hazardous,Silver,1,625.0,2949.7,3,0,12.44,63.0,4.6,1.1,Clear,43.8,0.378,2,191.92,12.0,0
SHP-100123,Winnipeg MB,Montreal QC,NorthStar Carriers,Standard,Hazardous,Silver,4,604.9,446.7,4,1,9.76,1.0,7.3,7.0,Snow,60.6,0.421,0,145.39,13.27,1
SHP-105922,Toronto ON,Sudbury ON,QuebecExpress,Economy,Refrigerated,Silver,8,526.4,1038.4,4,0,9.81,-9.0,13.4,5.4,Storm,39.0,0.421,1,209.39,11.19,1
SHP-105186,Mississauga ON,Montreal QC,PrairieLine,Economy,Refrigerated,Bronze,7,876.7,1222.0,0,0,11.06,40.0,1.9,4.1,,64.7,0.735,2,86.49,13.74,1
SHP-102512,Ottawa ON,Toronto ON,MapleFreight Fleet,Standard,Refrigerated,Silver,2,456.3,380.3,5,0,9.39,26.0,1.4,6.1,Clear,74.2,0.573,3,232.95,14.98,1
SHP-101263,Toronto ON,Winnipeg MB,QuebecExpress,Standard,General Freight,Gold,11,848.9,1219.6,0,0,12.25,52.0,7.3,7.6,,35.1,0.24,0,281.79,10.79,0
SHP-105448,Montreal QC,Toronto ON,MapleFreight Fleet,Standard,Refrigerated,Bronze,9,846.2,1140.2,5,0,14.67,-19.0,3.8,7.5,Clear,60.7,0.349,1,189.21,13.67,0
SHP-101842,Winnipeg MB,Montreal QC,NorthStar Carriers,Standard,General Freight,Gold,2,745.3,80.6,3,0,12.54,14.0,5.9,4.7,Rain,34.8,0.366,0,133.18,12.56,0
SHP-105263,Winnipeg MB,Sudbury ON,MapleFreight Fleet,Economy,General Freight,Silver,8,699.7,777.7,0,0,7.85,99.0,3.3,5.9,Rain,61.1,0.278,0,185.68,7.11,0
SHP-103825,Montreal QC,Hamilton ON,QuebecExpress,Economy,Bulk,Silver,2,446.0,92.5,3,1,6.56,-11.0,2.5,3.9,Snow,58.8,0.224,1,242.92,9.48,1
SHP-104049,Montreal QC,Winnipeg MB,QuebecExpress,Economy,Bulk,Gold,10,575.9,1089.9,0,0,8.03,39.0,1.3,5.4,Clear,48.5,0.872,1,60.65,7.12,0
SHP-101544,Toronto ON,Ottawa ON,MapleFreight Fleet,Economy,General Freight,Bronze,12,1278.8,1077.4,3,0,21.16,35.0,9.6,4.5,Clear,61.9,0.393,1,165.89,20.84,0
SHP-105355,London ON,Toronto ON,PrairieLine,Standard,General Freight,Silver,2,729.3,921.2,3,0,12.38,30.0,1.1,3.9,Clear,55.9,0.667,5,243.83,18.28,1
SHP-104683,Mississauga ON,Toronto ON,MapleFreight Fleet,Express,General Freight,Silver,8,519.8,624.0,4,0,9.65,-20.0,4.2,8.8,Snow,62.8,0.679,0,181.64,8.68,0
SHP-101905,Calgary AB,Edmonton AB,MapleFreight Fleet,Standard,Bulk,Silver,3,1084.6,801.4,3,0,17.2,-20.0,1.3,4.2,Rain,32.6,0.105,0,123.69,17.02,0
SHP-101274,Mississauga ON,Toronto ON,Contract Owner-Op,Express,General Freight,Gold,7,542.1,2092.6,5,0,11.67,27.0,9.9,3.3,Clear,98.4,0.315,1,73.06,17.41,1
SHP-100947,Mississauga ON,Edmonton AB,MapleFreight Fleet,Economy,General Freight,Silver,7,295.6,451.9,1,0,4.73,15.0,3.0,6.5,Clear,55.7,0.407,2,111.14,4.26,0
SHP-105819,Toronto ON,Quebec City QC,Contract Owner-Op,Standard,General Freight,Bronze,3,424.3,1149.1,0,0,5.33,21.0,8.7,3.1,Clear,63.4,0.545,0,199.21,4.81,0
SHP-101083,London ON,Ottawa ON,PrairieLine,Standard,Hazardous,Bronze,1,596.1,544.2,5,0,11.0,-20.0,4.7,5.1,Rain,42.1,0.542,1,235.97,11.61,0
SHP-103430,Mississauga ON,Calgary AB,MapleFreight Fleet,Standard,General Freight,Silver,10,1059.4,2182.3,2,0,16.51,-17.0,11.2,5.9,Clear,84.0,0.357,2,215.03,17.25,0
SHP-100198,Mississauga ON,Sudbury ON,NorthStar Carriers,Standard,General Freight,Bronze,6,1025.6,1672.8,3,0,17.17,-20.0,2.9,9.9,Clear,56.6,0.446,1,131.3,20.29,1
SHP-103279,Mississauga ON,Ottawa ON,MapleFreight Fleet,Economy,Refrigerated,Bronze,9,830.0,2170.8,2,0,9.88,36.0,2.9,4.2,Rain,59.5,0.407,4,208.94,11.37,1
SHP-100151,Toronto ON,Hamilton ON,PrairieLine,Express,Bulk,Bronze,12,686.3,1642.0,1,0,10.98,-1.0,13.4,7.3,Snow,49.6,0.347,1,150.68,10.19,0
SHP-102739,Calgary AB,Winnipeg MB,MapleFreight Fleet,Standard,Bulk,Bronze,4,874.4,978.6,2,0,14.02,64.0,3.2,3.8,Clear,51.9,0.286,2,75.12,13.27,0
SHP-100181,Calgary AB,Winnipeg MB,NorthStar Carriers,Standard,Bulk,Bronze,12,584.1,658.4,2,0,7.15,-6.0,1.5,1.5,Clear,27.9,0.609,0,96.23,7.14,0
SHP-105724,Calgary AB,Ottawa ON,MapleFreight Fleet,Standard,Refrigerated,Silver,9,721.8,848.2,1,0,11.3,84.0,1.1,2.3,Snow,58.9,0.502,1,173.36,10.97,0
SHP-101805,Mississauga ON,Montreal QC,PrairieLine,Standard,General Freight,Bronze,1,1174.5,346.3,0,0,17.23,17.0,7.2,5.4,Clear,56.9,0.162,1,137.4,15.67,0
SHP-105089,Toronto ON,Toronto ON,Contract Owner-Op,Standard,General Freight,Silver,10,201.4,191.4,2,0,4.12,40.0,7.9,1.6,Snow,35.5,0.49,3,136.63,3.78,0
SHP-104382,Mississauga ON,Toronto ON,QuebecExpress,Standard,General Freight,Bronze,11,798.7,684.0,5,0,12.39,-20.0,4.5,2.7,,55.4,0.987,0,187.93,11.18,0
SHP-102699,Ottawa ON,Hamilton ON,QuebecExpress,Standard,General Freight,Silver,2,160.7,745.4,2,0,3.05,-6.0,,2.9,Clear,42.1,0.558,1,171.05,3.15,0
SHP-100258,Winnipeg MB,Winnipeg MB,MapleFreight Fleet,Express,General Freight,Bronze,9,521.1,603.4,1,0,8.15,72.0,,9.2,Snow,36.4,0.177,2,176.22,8.64,0
SHP-100393,Ottawa ON,Sudbury ON,MapleFreight Fleet,Standard,General Freight,Silver,3,504.9,887.3,5,0,10.43,-5.0,7.5,4.5,Rain,59.3,0.632,2,176.85,10.05,0
SHP-103094,Toronto ON,Hamilton ON,MapleFreight Fleet,Standard,General Freight,Bronze,3,748.0,1213.8,2,0,11.43,18.0,8.4,10.6,Clear,62.3,0.422,0,30.0,11.67,0
SHP-103006,Toronto ON,Quebec City QC,NorthStar Carriers,Standard,General Freight,Silver,1,851.8,361.8,3,0,14.14,59.0,3.7,1.6,Clear,,0.506,1,149.13,13.12,0
SHP-105369,Montreal QC,Hamilton ON,QuebecExpress,Standard,Fragile,Silver,1,730.8,1260.6,0,0,10.74,-20.0,13.1,6.1,Snow,86.2,0.326,2,193.89,10.06,0
SHP-101506,Mississauga ON,Regina SK,MapleFreight Fleet,Standard,Hazardous,Gold,8,1345.8,4038.7,3,0,21.18,-20.0,3.2,6.2,Rain,35.8,0.422,0,149.82,32.86,1
SHP-100475,Montreal QC,Regina SK,MapleFreight Fleet,Standard,General Freight,Silver,3,191.9,834.9,3,0,2.43,11.0,3.5,11.0,Clear,48.1,0.739,1,236.62,2.45,0
SHP-104215,Montreal QC,Ottawa ON,NorthStar Carriers,Standard,Bulk,Silver,2,662.3,1687.1,1,0,12.12,38.0,4.5,6.7,Clear,26.4,0.601,2,207.22,12.46,0
SHP-104275,Toronto ON,Montreal QC,MapleFreight Fleet,Standard,Refrigerated,Silver,12,1133.9,922.4,0,1,14.21,46.0,,5.6,Fog,85.0,0.32,0,198.92,12.7,0
SHP-103410,London ON,Quebec City QC,MapleFreight Fleet,Standard,Fragile,Silver,10,286.2,2450.9,0,0,4.1,-20.0,7.6,5.0,Clear,70.4,0.637,4,111.06,3.76,0
SHP-100687,Calgary AB,Regina SK,MapleFreight Fleet,Standard,Bulk,Gold,8,881.9,64.6,2,0,12.17,43.0,3.9,4.2,Clear,51.7,0.918,0,193.71,11.15,0
SHP-101634,Winnipeg MB,Regina SK,MapleFreight Fleet,Economy,Refrigerated,Bronze,9,558.5,462.5,2,1,9.41,27.0,4.7,3.5,Rain,74.6,0.323,2,218.72,8.8,0
SHP-102346,Winnipeg MB,Quebec City QC,MapleFreight Fleet,Standard,Bulk,Bronze,8,367.5,365.2,0,1,2.93,27.0,6.6,1.4,Rain,52.2,0.417,0,201.82,3.04,0
SHP-102573,Winnipeg MB,Toronto ON,MapleFreight Fleet,Standard,General Freight,Silver,5,512.3,960.8,0,0,7.18,34.0,1.3,8.5,Clear,43.4,0.462,0,157.64,7.09,0
SHP-101790,London ON,Regina SK,QuebecExpress,Economy,General Freight,Silver,3,395.5,1544.6,3,0,6.93,33.0,8.0,4.0,Clear,56.4,0.602,0,139.79,6.88,0
SHP-100762,Montreal QC,Ottawa ON,MapleFreight Fleet,Standard,Bulk,Gold,8,251.0,321.0,1,1,6.35,-20.0,1.6,1.0,Storm,37.0,0.596,2,162.96,9.89,1
SHP-101967,Mississauga ON,Winnipeg MB,PrairieLine,Standard,General Freight,Gold,12,756.2,563.1,5,0,12.79,95.0,6.0,6.0,Fog,49.2,0.469,1,182.09,13.2,0
SHP-105928,Calgary AB,Edmonton AB,MapleFreight Fleet,Standard,Bulk,Bronze,10,573.5,536.7,3,0,10.04,31.0,2.5,6.4,Clear,46.7,0.113,1,129.92,9.47,0
SHP-102158,Ottawa ON,Winnipeg MB,MapleFreight Fleet,Standard,General Freight,Silver,9,477.9,403.8,0,1,6.62,53.0,2.6,1.5,Snow,38.4,0.199,2,234.92,6.87,0
SHP-101664,Montreal QC,Calgary AB,QuebecExpress,Standard,General Freight,Silver,3,788.2,719.1,0,0,9.17,11.0,,4.5,Rain,65.9,0.538,2,103.29,9.32,0
SHP-105909,Toronto ON,Ottawa ON,QuebecExpress,Standard,General Freight,Silver,5,804.0,624.3,1,0,12.75,35.0,18.5,2.8,Snow,55.1,0.297,3,171.34,20.04,1
SHP-102591,Montreal QC,Quebec City QC,MapleFreight Fleet,Express,Fragile,Bronze,11,343.1,753.7,2,0,6.33,-10.0,16.6,3.4,Rain,41.2,0.512,0,78.87,6.69,0
SHP-103792,Toronto ON,Sudbury ON,QuebecExpress,Standard,General Freight,Gold,1,733.4,796.2,4,0,13.37,-18.0,3.5,3.1,Rain,50.3,0.642,3,202.19,13.93,0
SHP-103378,Calgary AB,Quebec City QC,NorthStar Carriers,Express,Hazardous,Bronze,10,1112.3,1494.2,1,1,15.95,-6.0,10.4,2.6,Snow,32.0,0.756,1,199.43,16.82,0
SHP-105032,Mississauga ON,Quebec City QC,Contract Owner-Op,Standard,Fragile,Gold,3,452.2,1033.2,0,0,8.89,-10.0,16.7,2.3,Clear,49.8,0.252,0,161.47,8.54,0
SHP-100650,London ON,Hamilton ON,Contract Owner-Op,Standard,General Freight,Silver,7,1040.6,166.8,5,0,19.43,29.0,4.5,9.7,Clear,48.0,0.443,2,216.56,25.25,1
SHP-105507,Toronto ON,Hamilton ON,NorthStar Carriers,Economy,Bulk,Bronze,4,318.4,414.3,4,0,7.91,-16.0,,5.6,Clear,52.2,0.438,0,177.57,7.19,0
SHP-103716,Toronto ON,Ottawa ON,NorthStar Carriers,Express,Bulk,Bronze,3,366.6,1550.5,5,0,8.19,64.0,5.3,5.9,Clear,74.8,0.686,0,66.39,12.13,1
SHP-105847,Montreal QC,Hamilton ON,MapleFreight Fleet,Economy,Fragile,Silver,5,2114.4,3995.9,0,0,29.52,-9.0,16.4,2.3,Clear,,0.586,0,184.01,29.96,0
SHP-105339,Winnipeg MB,Calgary AB,PrairieLine,Standard,General Freight,Gold,11,248.3,674.2,5,0,6.34,-18.0,6.9,4.0,Storm,92.5,0.108,0,187.23,6.53,0
SHP-101035,Toronto ON,Edmonton AB,PrairieLine,Standard,Fragile,Bronze,7,472.2,779.4,2,0,6.63,35.0,13.3,1.7,Clear,45.9,0.473,2,211.96,6.15,0
SHP-100733,London ON,Sudbury ON,NorthStar Carriers,Economy,General Freight,Bronze,6,651.7,708.4,1,0,8.61,49.0,2.3,6.3,Rain,91.9,0.601,2,,10.59,1
SHP-100685,Toronto ON,Hamilton ON,NorthStar Carriers,Standard,General Freight,Silver,12,777.9,712.5,3,0,12.42,-20.0,4.8,4.0,Clear,43.0,0.873,0,235.33,12.96,0
SHP-103845,Toronto ON,Toronto ON,Contract Owner-Op,Standard,General Freight,Silver,3,1006.1,1306.4,2,0,14.35,14.0,4.9,4.9,Clear,42.8,0.214,2,144.81,13.72,0
SHP-104236,Winnipeg MB,Calgary AB,PrairieLine,Standard,General Freight,Bronze,7,1051.1,518.4,4,0,16.98,64.0,7.9,5.2,Snow,79.6,0.409,1,,19.86,1
SHP-104320,Toronto ON,Sudbury ON,MapleFreight Fleet,Standard,Refrigerated,Silver,1,549.1,2266.9,5,0,13.0,40.0,,4.1,Clear,56.6,0.394,0,202.94,13.61,0
SHP-102124,Toronto ON,Toronto ON,MapleFreight Fleet,Standard,General Freight,Silver,8,757.5,405.5,4,0,11.22,-2.0,7.5,2.8,Rain,55.3,0.213,1,233.93,11.23,0
SHP-101882,Mississauga ON,Edmonton AB,NorthStar Carriers,Standard,General Freight,Gold,4,537.8,2455.2,1,0,6.53,11.0,9.7,7.2,Clear,69.7,0.498,3,190.34,5.87,0
SHP-103625,Calgary AB,Regina SK,NorthStar Carriers,Economy,General Freight,Bronze,9,1175.9,1018.8,4,0,19.5,-18.0,3.0,10.1,Rain,58.3,0.338,2,233.4,17.84,0
SHP-102931,Toronto ON,Calgary AB,PrairieLine,Standard,Refrigerated,Bronze,11,868.8,946.2,0,0,12.62,44.0,3.3,1.7,Snow,,0.456,5,82.82,17.32,1
SHP-101825,Calgary AB,Regina SK,MapleFreight Fleet,Standard,Refrigerated,Silver,1,428.3,505.8,0,0,2.69,-2.0,,3.4,Clear,86.1,0.761,1,169.93,2.43,0
SHP-104165,Toronto ON,Montreal QC,NorthStar Carriers,Standard,Bulk,Gold,5,293.5,296.4,1,1,6.48,34.0,2.2,7.6,Storm,63.8,0.44,2,176.02,5.74,0
SHP-100644,Winnipeg MB,Montreal QC,PrairieLine,Standard,General Freight,Gold,6,198.5,888.1,3,0,6.47,-20.0,3.0,4.3,Clear,70.8,0.781,1,93.69,5.88,0
SHP-103381,Calgary AB,Edmonton AB,MapleFreight Fleet,Standard,General Freight,Bronze,7,682.3,249.5,4,0,13.02,-13.0,5.3,4.8,Fog,69.7,0.58,2,225.49,18.42,1
SHP-104685,Toronto ON,Ottawa ON,NorthStar Carriers,Economy,Refrigerated,Bronze,7,721.0,915.2,4,0,12.13,13.0,0.6,5.1,Rain,80.1,0.334,2,266.24,15.58,1
SHP-103110,Montreal QC,Ottawa ON,QuebecExpress,standard,General Freight,Bronze,2,652.4,1083.0,0,0,9.13,-2.0,8.0,1.3,Clear,52.8,0.448,0,158.18,9.03,0
SHP-103920,Montreal QC,Regina SK,QuebecExpress,Standard,Refrigerated,Bronze,7,780.5,276.9,5,0,15.48,-5.0,7.8,4.6,Clear,72.6,0.357,1,212.03,13.92,0
SHP-103580,Toronto ON,Sudbury ON,NorthStar Carriers,Standard,General Freight,Gold,12,735.8,2882.6,4,1,12.07,48.0,5.8,13.4,Clear,57.2,0.761,1,217.19,17.36,1
SHP-101551,Calgary AB,Regina SK,QuebecExpress,Standard,General Freight,Bronze,1,529.3,195.6,4,0,8.53,9.0,15.6,3.5,Snow,55.8,0.367,2,217.63,8.79,0
SHP-101598,Montreal QC,Sudbury ON,NorthStar Carriers,Standard,General Freight,Bronze,9,879.1,1692.1,5,0,14.71,14.0,2.3,4.1,Snow,43.2,0.272,1,190.88,22.98,1
SHP-103358,Winnipeg MB,Regina SK,MapleFreight Fleet,Standard,General Freight,Gold,9,475.1,341.6,5,0,12.2,-20.0,7.2,2.7,Rain,61.2,0.657,2,177.93,10.99,0
SHP-103922,Toronto ON,Hamilton ON,Contract Owner-Op,Express,Fragile,Bronze,7,672.7,1504.7,4,0,12.81,59.0,9.1,6.9,Clear,72.0,0.266,3,127.45,20.42,1
SHP-101718,Mississauga ON,Regina SK,NorthStar Carriers,Economy,General Freight,Bronze,4,704.2,772.5,2,0,9.88,20.0,4.0,6.1,Rain,26.0,0.212,0,152.31,9.48,0
SHP-102757,Ottawa ON,Winnipeg MB,Contract Owner-Op,Standard,General Freight,Bronze,6,582.1,407.6,2,0,9.03,44.0,4.1,8.0,Snow,70.7,0.417,1,104.95,10.72,1
SHP-103668,Mississauga ON,Ottawa ON,PrairieLine,Express,Refrigerated,Silver,7,302.7,1644.7,0,0,4.18,2.0,15.3,2.8,Snow,62.7,0.481,0,261.59,4.34,0
SHP-105815,Winnipeg MB,Quebec City QC,NorthStar Carriers,Standard,General Freight,Silver,4,1356.3,1301.9,4,1,21.99,39.0,1.5,4.7,Snow,59.6,0.689,0,153.36,28.35,1
SHP-105601,Toronto ON,Calgary AB,NorthStar Carriers,Economy,Hazardous,Silver,10,835.1,468.2,3,0,14.1,-8.0,,3.6,Snow,62.6,0.379,2,169.91,19.39,1
SHP-104896,Ottawa ON,Regina SK,Contract Owner-Op,Standard,General Freight,Gold,12,774.1,211.5,0,0,12.14,18.0,4.7,3.1,Clear,34.8,0.362,0,192.58,11.83,0
SHP-102444,Montreal QC,Quebec City QC,QuebecExpress,Standard,Fragile,Silver,7,430.2,1130.1,5,0,9.62,23.0,0.2,2.7,Clear,90.9,0.329,0,125.77,9.33,0
SHP-100840,Ottawa ON,Regina SK,MapleFreight Fleet,Standard,Refrigerated,Silver,8,1101.3,1433.0,4,0,15.55,52.0,2.6,7.2,Clear,52.1,0.661,0,145.13,16.47,0
SHP-101614,Ottawa ON,Calgary AB,MapleFreight Fleet,Economy,Bulk,Silver,6,1190.3,717.0,5,0,19.21,3.0,11.2,3.8,Rain,52.7,0.163,0,144.95,29.8,1
SHP-105305,Toronto ON,Hamilton ON,MapleFreight Fleet,Economy,Refrigerated,Silver,8,668.6,692.5,5,0,11.1,65.0,8.9,2.8,Clear,71.5,0.172,4,180.4,11.46,0
SHP-105411,London ON,Sudbury ON,PrairieLine,Express,Refrigerated,Gold,2,751.8,2384.8,5,0,12.9,21.0,10.1,4.0,Clear,86.8,0.46,1,271.76,11.98,0
SHP-103870,Montreal QC,Winnipeg MB,NorthStar Carriers,Express,Refrigerated,Silver,1,137.1,152.9,3,0,4.49,28.0,10.5,9.9,Fog,60.2,0.346,0,178.91,4.71,0
SHP-100011,Mississauga ON,Montreal QC,MapleFreight Fleet,Express,Refrigerated,Bronze,9,417.4,802.2,3,0,8.96,-20.0,5.6,9.3,Clear,52.3,0.21,1,132.74,9.26,0
SHP-100166,Montreal QC,Hamilton ON,MapleFreight Fleet,Standard,Fragile,Silver,3,493.5,1291.7,4,0,9.29,33.0,1.4,5.5,Rain,58.7,0.336,1,157.81,11.44,1
SHP-104652,Toronto ON,Quebec City QC,QuebecExpress,Express,Hazardous,Silver,7,242.1,1955.2,5,0,7.9,8.0,2.0,7.2,Clear,28.9,0.428,2,217.24,7.58,0
SHP-105941,Montreal QC,Sudbury ON,MapleFreight Fleet,Economy,General Freight,Bronze,4,653.9,1582.2,1,1,9.19,-20.0,4.7,2.6,Storm,58.0,0.644,1,118.08,13.85,1
SHP-105659,Montreal QC,Edmonton AB,MapleFreight Fleet,Express,General Freight,Silver,8,563.2,2307.0,5,0,13.46,-20.0,2.3,6.4,Clear,58.7,0.272,2,233.42,14.22,0
SHP-104212,Ottawa ON,Sudbury ON,MapleFreight Fleet,Economy,General Freight,Bronze,8,340.0,184.9,1,1,6.13,-20.0,1.8,4.4,Snow,67.1,0.441,0,115.24,5.41,0
SHP-104779,London ON,Winnipeg MB,MapleFreight Fleet,Economy,Refrigerated,Bronze,3,335.5,1206.8,2,0,5.59,6.0,13.1,10.6,Snow,38.6,0.172,1,243.02,5.59,0
SHP-104407,Montreal QC,Sudbury ON,Contract Owner-Op,Express,General Freight,Silver,10,559.6,242.8,2,0,10.68,-5.0,1.1,2.7,Storm,45.2,0.506,1,175.24,10.81,0
SHP-105942,Winnipeg MB,Regina SK,PrairieLine,Express,Fragile,Gold,4,633.6,231.6,1,0,11.07,17.0,2.3,5.2,Snow,78.8,0.712,0,232.73,10.55,0
SHP-104572,Calgary AB,Ottawa ON,QuebecExpress,Express,General Freight,Gold,5,479.5,255.2,2,0,6.7,-2.0,12.8,2.4,Clear,34.9,0.494,0,256.01,6.73,0
SHP-105319,London ON,Ottawa ON,Contract Owner-Op,Express,Refrigerated,Bronze,8,537.4,544.6,0,0,7.13,74.0,8.7,4.4,Rain,68.1,0.559,3,215.93,9.75,1
SHP-104976,Mississauga ON,Sudbury ON,NorthStar Carriers,Standard,Refrigerated,Silver,6,104.9,173.1,4,1,6.46,10.0,2.4,1.8,Rain,29.2,0.578,3,177.5,5.89,0
SHP-103386,Winnipeg MB,Edmonton AB,MapleFreight Fleet,Economy,General Freight,Gold,5,865.1,952.9,3,0,15.95,48.0,15.0,10.3,Snow,31.8,0.343,1,163.37,14.48,0
SHP-104315,Toronto ON,Montreal QC,NorthStar Carriers,Standard,Refrigerated,Silver,12,725.6,635.5,0,0,11.2,56.0,7.1,2.4,Snow,89.0,0.537,2,228.38,11.46,0
SHP-100212,Mississauga ON,Winnipeg MB,QuebecExpress,Standard,General Freight,Bronze,6,606.3,2131.5,4,0,12.19,8.0,3.3,3.1,Clear,86.1,0.822,1,111.57,11.11,0
SHP-102683,Montreal QC,Winnipeg MB,MapleFreight Fleet,Economy,Bulk,Bronze,6,743.8,577.9,1,0,10.51,-20.0,10.8,1.9,Fog,42.0,0.061,0,193.67,10.61,0
SHP-101667,Toronto ON,Sudbury ON,NorthStar Carriers,Standard,Bulk,Silver,11,388.1,1478.2,0,0,5.62,18.0,12.3,8.4,Clear,75.6,0.26,1,288.65,5.15,0
SHP-103979,Toronto ON,Quebec City QC,QuebecExpress,Express,General Freight,Bronze,10,271.6,499.6,5,0,8.91,75.0,15.2,3.9,Snow,69.2,0.369,1,185.9,11.05,1
SHP-105602,Winnipeg MB,Hamilton ON,MapleFreight Fleet,Standard,General Freight,Silver,8,304.1,845.4,0,0,4.75,33.0,9.5,2.8,Clear,53.5,0.329,0,198.12,4.98,0
SHP-103127,Winnipeg MB,Montreal QC,MapleFreight Fleet,Express,General Freight,Bronze,1,314.2,2230.2,3,0,7.11,31.0,8.5,16.9,Clear,52.4,0.282,1,147.28,6.92,0
SHP-101556,Toronto ON,Edmonton AB,Contract Owner-Op,Economy,General Freight,Silver,5,367.0,562.6,4,0,7.78,18.0,3.3,4.3,Rain,70.6,0.315,2,151.23,7.48,0
SHP-104537,Ottawa ON,Ottawa ON,NorthStar Carriers,Standard,Bulk,Gold,3,1849.1,759.0,0,0,23.67,54.0,3.7,4.6,Fog,60.4,0.332,0,271.07,23.78,0
SHP-104745,London ON,Winnipeg MB,NorthStar Carriers,Standard,General Freight,Silver,9,653.9,1782.6,0,0,7.86,23.0,5.1,4.3,Clear,27.4,0.353,2,203.95,7.31,0
SHP-101595,Calgary AB,Calgary AB,MapleFreight Fleet,Standard,General Freight,Bronze,8,645.0,254.6,3,0,11.41,4.0,7.4,1.2,Rain,44.7,0.554,0,293.01,11.2,0
SHP-105109,Mississauga ON,Ottawa ON,Contract Owner-Op,Standard,General Freight,Silver,7,839.5,1830.3,4,0,14.37,57.0,4.2,0.6,Clear,39.9,0.507,1,220.15,13.02,0
SHP-103760,London ON,Sudbury ON,NorthStar Carriers,Express,Refrigerated,Silver,8,630.3,2798.6,1,0,8.87,21.0,,4.8,Clear,54.9,0.373,0,223.58,8.55,0
SHP-103395,Montreal QC,Ottawa ON,PrairieLine,Standard,Refrigerated,Bronze,2,539.1,647.5,5,0,9.46,2.0,5.9,2.3,Storm,52.6,0.329,1,180.23,9.33,0
SHP-101354,Ottawa ON,Montreal QC,QuebecExpress,Express,General Freight,Silver,8,414.4,2427.6,4,0,9.43,72.0,5.1,7.5,Clear,58.3,0.47,2,209.39,9.97,0
SHP-101916,Calgary AB,Winnipeg MB,QuebecExpress,Standard,Fragile,Silver,11,253.5,2310.7,0,0,4.1,29.0,12.7,9.2,Rain,33.8,0.268,1,221.6,3.76,0
SHP-101517,Ottawa ON,Edmonton AB,PrairieLine,Standard,General Freight,Gold,9,684.2,1206.2,0,0,9.45,48.0,2.2,4.1,Fog,45.5,0.551,2,,13.44,1
SHP-101934,Montreal QC,Winnipeg MB,MapleFreight Fleet,Standard,General Freight,Gold,1,783.1,1032.6,2,0,12.58,9.0,1.3,4.6,Clear,71.8,1.0,1,171.53,12.01,0
SHP-105661,Ottawa ON,Winnipeg MB,MapleFreight Fleet,Standard,Refrigerated,Bronze,9,746.2,1833.0,2,0,9.82,36.0,6.3,4.2,Clear,66.1,0.445,1,170.39,9.2,0
SHP-102196,Toronto ON,Winnipeg MB,MapleFreight Fleet,Economy,General Freight,Silver,1,520.6,1225.0,4,0,7.81,34.0,1.2,4.7,Storm,42.5,0.102,0,86.76,11.56,1
SHP-103002,Calgary AB,Quebec City QC,MapleFreight Fleet,Express,General Freight,Bronze,7,1115.4,844.1,1,0,18.49,-3.0,17.1,6.2,Snow,44.4,0.362,1,238.06,19.27,0
SHP-102155,Mississauga ON,Regina SK,QuebecExpress,Standard,General Freight,Gold,9,826.4,1270.8,4,0,13.66,-20.0,2.8,12.0,Clear,76.7,0.766,0,133.66,18.5,1
SHP-100566,Winnipeg MB,Edmonton AB,NorthStar Carriers,Express,Fragile,Silver,4,585.5,166.3,1,0,8.04,-0.0,2.4,1.3,,29.7,0.75,2,218.75,8.5,0
SHP-105665,Ottawa ON,Hamilton ON,PrairieLine,Express,Refrigerated,Gold,7,513.0,1193.2,3,0,10.29,-20.0,11.1,3.2,Clear,18.2,0.336,2,268.17,10.62,0
SHP-105990,Winnipeg MB,Edmonton AB,PrairieLine,Standard,Fragile,Gold,11,484.5,218.0,2,0,9.72,65.0,5.0,11.5,Clear,30.5,0.321,1,247.67,9.67,0
SHP-100231,Mississauga ON,Quebec City QC,QuebecExpress,Economy,General Freight,Gold,4,229.0,349.5,1,0,4.94,3.0,8.0,2.0,Clear,52.5,0.826,0,153.64,4.89,0
SHP-103789,Ottawa ON,Hamilton ON,MapleFreight Fleet,Economy,General Freight,Silver,6,523.3,1436.8,1,0,8.77,26.0,3.1,9.9,Rain,53.5,0.894,0,156.33,8.3,0
SHP-102195,Calgary AB,Sudbury ON,NorthStar Carriers,Standard,General Freight,Silver,4,502.5,1640.1,0,0,9.16,21.0,16.4,0.8,Fog,40.4,0.472,1,152.18,8.19,0
SHP-104145,Mississauga ON,Regina SK,QuebecExpress,Standard,Bulk,Gold,4,501.2,1217.2,5,0,12.15,3.0,5.5,11.1,Clear,31.7,0.465,2,117.24,11.79,0
SHP-101020,Toronto ON,Calgary AB,MapleFreight Fleet,Express,Hazardous,Bronze,7,576.8,732.9,3,0,9.8,8.0,5.5,2.1,Rain,100.0,0.191,0,242.99,9.79,0
SHP-101529,Ottawa ON,Sudbury ON,PrairieLine,Standard,Refrigerated,Gold,3,243.6,937.6,0,0,3.54,-3.0,3.4,13.5,Snow,54.2,0.567,1,187.01,4.9,1
SHP-105053,Ottawa ON,Sudbury ON,Contract Owner-Op,Economy,Refrigerated,Silver,2,380.3,579.0,1,0,7.19,13.0,10.5,3.6,Clear,76.7,0.575,0,188.13,11.1,1
SHP-100053,Toronto ON,Regina SK,Contract Owner-Op,standard,General Freight,Bronze,8,807.5,1435.5,1,0,13.78,37.0,4.9,4.3,Clear,83.2,0.19,0,,14.56,0
SHP-100599,Ottawa ON,Winnipeg MB,QuebecExpress,Economy,General Freight,Bronze,12,425.4,491.2,2,0,6.3,12.0,4.4,3.4,Clear,31.3,0.46,4,,5.56,0
SHP-101756,Toronto ON,Quebec City QC,MapleFreight Fleet,express,General Freight,Silver,4,217.8,304.6,4,0,5.97,15.0,5.6,2.4,Rain,63.6,0.069,2,217.33,5.58,0
SHP-104905,Mississauga ON,Montreal QC,MapleFreight Fleet,Standard,Fragile,Silver,12,912.4,754.2,5,0,15.4,42.0,5.2,5.9,Fog,55.6,0.663,0,190.15,14.3,0
SHP-102096,Montreal QC,Toronto ON,MapleFreight Fleet,Economy,Refrigerated,Gold,8,726.5,499.8,1,0,10.56,26.0,5.1,5.8,Clear,77.5,0.2,0,213.33,11.09,0
SHP-103759,Toronto ON,Regina SK,NorthStar Carriers,Express,Hazardous,Silver,8,1009.7,313.2,2,0,17.35,41.0,2.1,2.4,Rain,72.7,0.359,2,208.77,17.55,0
SHP-103374,Montreal QC,Toronto ON,NorthStar Carriers,Standard,General Freight,Bronze,8,691.7,2265.5,3,0,14.16,11.0,1.7,15.7,Fog,66.5,0.438,4,117.39,22.35,1
SHP-100400,Montreal QC,Edmonton AB,QuebecExpress,Economy,General Freight,Silver,10,515.3,1146.5,2,0,9.48,38.0,19.1,2.8,Clear,,0.407,2,108.52,9.84,0
SHP-104748,Mississauga ON,Quebec City QC,QuebecExpress,Economy,Bulk,Bronze,5,987.0,740.1,1,1,16.13,6.0,13.3,5.3,Snow,64.8,0.482,1,185.44,16.36,0
SHP-102907,Toronto ON,Hamilton ON,NorthStar Carriers,Standard,Refrigerated,Gold,5,563.1,1048.7,4,0,8.92,19.0,2.6,4.4,Clear,60.5,0.602,2,317.74,8.06,0
SHP-100469,Montreal QC,Regina SK,MapleFreight Fleet,Economy,General Freight,Silver,6,741.2,356.6,1,0,9.68,-2.0,3.8,3.0,Rain,35.9,0.303,2,109.88,10.86,1
SHP-101014,Mississauga ON,Montreal QC,PrairieLine,Express,General Freight,Silver,12,422.9,1690.2,2,0,5.77,-2.0,8.0,2.5,Fog,,0.208,1,151.4,5.85,0
SHP-103670,Ottawa ON,Regina SK,PrairieLine,Standard,General Freight,Silver,9,438.4,918.1,2,0,8.65,46.0,14.7,2.1,Clear,38.3,0.338,1,238.3,8.63,0
SHP-104097,Toronto ON,Toronto ON,MapleFreight Fleet,Express,General Freight,Gold,4,1503.9,1664.1,2,0,22.82,54.0,8.5,1.2,Fog,58.6,0.314,3,,24.11,0
SHP-100348,Calgary AB,Toronto ON,PrairieLine,Standard,General Freight,Gold,7,407.5,1223.2,0,0,5.82,-14.0,6.1,3.5,Rain,43.5,0.688,0,203.57,6.08,0
SHP-102329,Winnipeg MB,Ottawa ON,MapleFreight Fleet,Economy,General Freight,Bronze,12,626.8,2247.3,3,0,12.24,-20.0,4.5,7.7,Clear,69.2,0.73,0,157.46,12.17,0
SHP-100991,Ottawa ON,Ottawa ON,MapleFreight Fleet,Standard,Hazardous,Silver,1,952.2,1194.4,5,0,16.89,43.0,3.1,2.2,Clear,53.3,0.548,1,169.91,20.63,1
SHP-105705,London ON,Hamilton ON,Contract Owner-Op,Standard,General Freight,Bronze,5,368.0,705.0,2,0,7.04,86.0,2.8,3.3,Clear,39.5,0.45,4,127.2,6.68,0
SHP-101484,Toronto ON,Winnipeg MB,MapleFreight Fleet,Express,Refrigerated,Silver,12,952.3,103.6,2,0,14.78,5.0,6.2,4.9,Rain,44.5,0.136,0,30.02,14.45,0
SHP-100716,Mississauga ON,Quebec City QC,NorthStar Carriers,Standard,Fragile,Silver,2,562.1,836.1,0,0,8.24,-2.0,2.3,2.8,Fog,55.0,0.799,1,109.68,13.13,1
SHP-100010,Montreal QC,Montreal QC,Contract Owner-Op,Standard,General Freight,Bronze,4,155.7,992.6,0,0,2.32,-20.0,19.6,7.2,Storm,56.3,0.066,1,37.88,2.05,0
SHP-102789,Montreal QC,Toronto ON,PrairieLine,Standard,General Freight,Silver,1,320.4,1053.2,5,0,11.44,-3.0,4.5,8.5,Clear,53.0,0.322,2,188.41,11.08,0
SHP-101669,London ON,Regina SK,MapleFreight Fleet,Standard,Bulk,Silver,10,479.6,800.4,0,0,7.49,-20.0,8.6,10.4,Snow,38.1,0.367,2,105.45,7.61,0
SHP-103567,Toronto ON,Quebec City QC,MapleFreight Fleet,Standard,General Freight,Silver,7,445.5,1574.2,5,0,9.79,-20.0,4.6,4.6,Snow,60.8,0.565,0,195.18,9.52,0
SHP-103943,Toronto ON,Hamilton ON,QuebecExpress,Standard,Bulk,Silver,2,1034.6,2413.0,5,0,19.5,50.0,8.6,2.1,,61.8,0.223,2,141.31,19.0,0
SHP-100286,Toronto ON,Ottawa ON,NorthStar Carriers,Standard,Fragile,Silver,3,1438.4,1581.9,2,0,20.07,23.0,8.1,7.3,Clear,57.3,0.223,0,125.2,18.97,0
SHP-102590,Calgary AB,Montreal QC,QuebecExpress,Economy,Refrigerated,Silver,3,563.7,485.8,1,0,10.84,31.0,3.1,3.9,Fog,35.0,0.419,1,188.26,10.34,0
SHP-102790,Toronto ON,Edmonton AB,MapleFreight Fleet,Standard,Fragile,Silver,11,1008.4,2312.4,5,0,17.11,-20.0,10.3,5.9,Snow,67.5,0.193,1,190.91,22.83,1
SHP-100445,Toronto ON,Ottawa ON,MapleFreight Fleet,Express,General Freight,Silver,11,741.3,698.2,4,0,10.13,22.0,0.5,7.0,Rain,44.4,0.367,1,218.68,9.73,0
SHP-102392,Ottawa ON,Toronto ON,QuebecExpress,Standard,General Freight,Silver,1,917.8,1856.8,2,0,14.7,14.0,2.3,4.2,Clear,38.0,0.453,3,185.61,15.1,0
SHP-101876,Calgary AB,Winnipeg MB,NorthStar Carriers,Standard,General Freight,Bronze,7,635.8,1299.0,5,0,11.03,-20.0,4.1,8.7,Rain,53.2,0.486,2,117.82,10.1,0
SHP-100831,Winnipeg MB,Calgary AB,NorthStar Carriers,Standard,Bulk,Bronze,4,301.7,1209.7,3,0,7.51,13.0,15.5,1.3,Clear,42.5,0.749,0,185.51,7.95,0
SHP-102152,Winnipeg MB,Regina SK,PrairieLine,Standard,General Freight,Silver,11,255.1,202.3,1,0,3.47,63.0,4.3,3.4,Clear,53.5,0.529,1,145.0,3.32,0
SHP-104196,Toronto ON,Hamilton ON,MapleFreight Fleet,Express,Hazardous,Bronze,6,510.7,811000.0,3,0,10.66,-19.0,14.4,4.4,Clear,63.6,0.831,0,258.67,10.9,0
SHP-103965,Winnipeg MB,Quebec City QC,NorthStar Carriers,Express,General Freight,Silver,12,830.0,442.4,4,0,13.01,119.0,2.5,3.5,Snow,72.8,0.152,4,151.59,16.36,1
SHP-104878,Mississauga ON,Edmonton AB,QuebecExpress,Express,General Freight,Silver,9,573.3,1295.9,1,0,8.06,-20.0,14.2,4.4,Rain,27.9,0.303,0,78.03,7.66,0
SHP-104900,Toronto ON,Quebec City QC,NorthStar Carriers,Express,Fragile,Gold,6,620.5,592.0,2,1,8.88,56.0,4.0,5.9,Snow,25.5,0.433,1,160.45,8.97,0
SHP-102904,Mississauga ON,Sudbury ON,MapleFreight Fleet,Economy,General Freight,Bronze,1,331.0,536.4,3,1,6.03,-15.0,2.1,6.4,Rain,38.2,0.495,2,194.91,5.82,0
SHP-102262,Toronto ON,Quebec City QC,NorthStar Carriers,Express,Refrigerated,Silver,12,568.5,1110.8,1,0,6.87,56.0,14.8,4.0,Rain,43.3,0.588,0,148.02,6.9,0
SHP-100496,Toronto ON,Quebec City QC,QuebecExpress,Standard,General Freight,Bronze,11,200.1,955.2,1,0,3.01,47.0,6.4,6.0,Rain,54.4,0.421,2,123.14,2.95,0
SHP-102191,Montreal QC,Montreal QC,MapleFreight Fleet,Standard,Fragile,Silver,4,789.2,194.2,1,0,11.25,42.0,21.0,6.5,Snow,45.5,0.197,1,283.3,14.0,1
SHP-100828,Toronto ON,Regina SK,MapleFreight Fleet,Standard,Hazardous,Silver,8,680.7,1033.6,4,0,13.51,14.0,5.5,9.7,Rain,44.6,0.506,0,,14.01,0
SHP-103656,Toronto ON,Hamilton ON,MapleFreight Fleet,Economy,Bulk,Bronze,1,901.3,1617.4,2,0,14.35,69.0,8.3,9.8,Snow,65.9,0.748,0,276.96,18.67,1
SHP-102210,Toronto ON,Sudbury ON,MapleFreight Fleet,Economy,General Freight,Gold,7,630.0,1412.2,1,0,8.79,-16.0,1.9,7.2,Clear,77.8,0.389,1,177.53,8.34,0
SHP-103715,Toronto ON,Hamilton ON,MapleFreight Fleet,Standard,General Freight,Gold,8,664.8,841.5,1,0,10.37,43.0,17.4,16.2,Clear,13.8,0.856,2,236.65,10.08,0
SHP-103698,Toronto ON,Hamilton ON,MapleFreight Fleet,Express,General Freight,Gold,12,966.3,403.7,4,0,16.95,55.0,0.8,11.1,Rain,36.6,0.459,1,151.95,15.12,0
SHP-103209,Calgary AB,Quebec City QC,MapleFreight Fleet,Economy,Fragile,Silver,3,198.5,1402.4,4,0,5.88,6.0,2.7,3.3,Clear,82.6,0.384,1,131.67,5.83,0
SHP-103089,Toronto ON,Ottawa ON,NorthStar Carriers,Standard,General Freight,Silver,2,248.8,1196.8,1,0,5.1,-16.0,6.5,2.5,Rain,68.1,0.571,2,113.18,5.04,0
SHP-105234,Winnipeg MB,Edmonton AB,QuebecExpress,Standard,Fragile,Bronze,10,494.4,1315.7,1,0,4.7,87.0,3.1,2.2,Rain,81.0,0.427,2,76.4,5.62,1
SHP-104104,Mississauga ON,Winnipeg MB,MapleFreight Fleet,Standard,General Freight,Silver,4,306.2,407.3,5,0,6.72,27.0,11.7,7.2,Rain,62.2,0.288,1,82.22,6.55,0
SHP-105316,Montreal QC,Ottawa ON,Contract Owner-Op,Standard,Hazardous,Silver,11,490.7,1260.8,3,0,9.17,38.0,16.7,4.4,Fog,57.7,0.253,4,236.53,9.09,0
SHP-103298,Calgary AB,Calgary AB,PrairieLine,Standard,Fragile,Gold,9,575.4,1172.6,1,0,7.56,29.0,0.4,6.6,Clear,53.5,0.454,1,153.44,7.79,0
SHP-102495,Montreal QC,Calgary AB,NorthStar Carriers,Standard,Fragile,Gold,7,713.6,297.3,2,0,9.75,35.0,3.4,11.1,Snow,24.5,0.568,0,33.58,9.64,0
SHP-103879,Toronto ON,Calgary AB,PrairieLine,Economy,General Freight,Bronze,6,616.2,828.9,4,0,11.66,13.0,6.8,5.9,Rain,45.4,0.577,0,96.34,11.1,0
SHP-105921,Winnipeg MB,Quebec City QC,QuebecExpress,Standard,Hazardous,Bronze,9,763.7,1000.9,4,0,12.32,63.0,6.8,2.9,Rain,58.2,0.423,2,191.5,12.55,0
SHP-102915,Toronto ON,Regina SK,QuebecExpress,Standard,Refrigerated,Bronze,11,938.3,488.8,0,0,12.23,-12.0,15.2,4.7,Clear,47.0,0.374,4,185.52,11.4,0
SHP-102628,Toronto ON,Toronto ON,MapleFreight Fleet,Economy,Bulk,Bronze,8,571.7,941.9,4,1,9.65,33.0,9.4,13.6,Storm,34.5,0.635,2,165.61,11.95,1
SHP-103546,Mississauga ON,Ottawa ON,MapleFreight Fleet,Standard,General Freight,Silver,10,589.9,913.3,1,0,9.38,18.0,4.1,0.5,Clear,78.5,0.387,2,124.4,9.33,0
SHP-100869,Toronto ON,Ottawa ON,MapleFreight Fleet,Standard,Bulk,Bronze,8,571.3,1690.1,5,0,11.15,28.0,4.1,7.8,Clear,77.8,0.367,1,211.02,11.42,0
SHP-103955,Mississauga ON,Hamilton ON,QuebecExpress,Standard,General Freight,Bronze,2,1051.3,1295.9,3,0,15.95,-12.0,10.9,4.4,Clear,77.6,0.459,2,85.19,14.23,0
SHP-102253,Ottawa ON,Regina SK,Contract Owner-Op,standard,Fragile,Gold,6,987.2,62.0,2,0,15.17,-20.0,5.7,7.0,,29.7,0.0,1,129.44,14.08,0
SHP-104999,Mississauga ON,Sudbury ON,NorthStar Carriers,Standard,General Freight,Gold,7,601.6,1294.0,1,0,7.59,53.0,11.6,4.5,Clear,64.1,0.759,1,189.62,7.38,0
SHP-100581,London ON,Edmonton AB,MapleFreight Fleet,Standard,General Freight,Gold,5,569.6,1028.4,1,0,8.42,31.0,3.5,7.0,Fog,22.5,0.495,0,,8.26,0
SHP-105900,Ottawa ON,Toronto ON,Contract Owner-Op,Standard,General Freight,Silver,2,992.2,421.2,4,0,17.8,-9.0,4.7,7.7,Clear,71.1,0.529,0,135.76,26.45,1
SHP-103185,Toronto ON,Ottawa ON,MapleFreight Fleet,Express,Fragile,Silver,2,653.7,906.6,1,0,8.27,8.0,13.7,1.1,Clear,54.7,0.457,0,90.35,8.31,0
SHP-100486,Montreal QC,Ottawa ON,QuebecExpress,Standard,Hazardous,Silver,9,452.8,1227.3,4,0,8.27,-8.0,5.2,6.9,Rain,48.6,0.587,2,284.15,12.63,1
SHP-103049,Montreal QC,Ottawa ON,QuebecExpress,Standard,General Freight,Silver,7,670.6,822.8,0,0,9.25,27.0,7.9,4.4,Clear,63.1,0.343,1,250.63,9.37,0
SHP-103889,Montreal QC,Montreal QC,Contract Owner-Op,Standard,General Freight,Silver,12,309.9,251.8,0,0,4.12,16.0,5.8,1.2,Rain,44.7,0.271,0,137.41,3.92,0
SHP-104741,Toronto ON,Toronto ON,MapleFreight Fleet,Express,Hazardous,Bronze,7,505.7,1012.1,4,0,8.76,-20.0,2.3,2.4,Rain,20.7,0.43,2,134.86,7.91,0
SHP-105960,Montreal QC,Regina SK,NorthStar Carriers,Standard,Hazardous,Silver,2,548.0,2107.4,0,0,8.26,59.0,2.8,7.1,Snow,76.3,0.591,2,261.84,7.38,0
SHP-105042,Toronto ON,Ottawa ON,PrairieLine,Standard,General Freight,Silver,9,696.3,931.5,5,0,12.81,49.0,7.4,5.0,Rain,61.4,0.15,2,226.24,13.15,0
SHP-102011,Toronto ON,Ottawa ON,MapleFreight Fleet,Economy,General Freight,Silver,12,403.8,876.8,4,0,8.51,10.0,8.5,3.0,Snow,63.1,0.141,2,87.28,7.89,0
SHP-102908,Calgary AB,Hamilton ON,MapleFreight Fleet,Express,Refrigerated,Silver,11,606.7,1445.7,1,0,9.49,27.0,4.4,3.4,Rain,76.0,0.392,0,194.92,9.32,0
SHP-103784,London ON,Calgary AB,MapleFreight Fleet,Standard,Refrigerated,Bronze,10,334.6,320.6,0,0,3.91,55.0,11.1,3.3,Rain,43.1,0.35,0,316.06,3.89,0
SHP-102715,Montreal QC,Regina SK,MapleFreight Fleet,Economy,General Freight,Bronze,12,621.1,3157.6,5,0,12.11,67.0,,5.1,Snow,52.5,0.122,0,137.09,12.48,0
SHP-101487,London ON,Regina SK,Contract Owner-Op,Economy,Fragile,Silver,6,542.6,1194.1,1,0,9.25,8.0,1.9,8.7,Clear,35.3,0.517,3,149.15,12.41,1
SHP-104100,Calgary AB,Calgary AB,NorthStar Carriers,Economy,Refrigerated,Gold,12,755.7,1103.2,4,0,14.04,-20.0,6.5,5.4,Rain,42.4,0.622,1,143.54,16.14,1
SHP-103981,Montreal QC,Sudbury ON,NorthStar Carriers,Standard,Refrigerated,Silver,8,344.7,1598.9,4,0,6.55,10.0,2.2,8.1,Clear,58.6,0.825,1,85.56,5.78,0
SHP-105134,Mississauga ON,Quebec City QC,MapleFreight Fleet,Standard,General Freight,Bronze,3,523.0,1092.1,1,0,4.99,-6.0,2.3,4.1,Clear,30.5,0.432,2,220.43,4.83,0
SHP-102407,Montreal QC,Hamilton ON,Contract Owner-Op,Express,Refrigerated,Bronze,7,345.0,492.1,5,0,9.18,15.0,6.2,6.8,Clear,53.5,0.289,3,52.91,8.82,0
SHP-102325,Calgary AB,Edmonton AB,MapleFreight Fleet,Standard,Fragile,Silver,3,182.7,898.9,2,0,5.72,10.0,7.0,10.1,Clear,60.4,0.412,3,197.44,5.48,0
SHP-100267,Calgary AB,Quebec City QC,QuebecExpress,Standard,Hazardous,Silver,9,444.2,867.3,0,0,4.66,-11.0,11.9,4.1,Rain,46.0,0.646,0,138.94,4.12,0
SHP-105587,Mississauga ON,Winnipeg MB,MapleFreight Fleet,Standard,General Freight,Gold,4,537.3,1208.5,2,0,8.74,-5.0,7.6,3.9,Clear,54.7,0.836,0,201.63,8.32,0
SHP-100750,Toronto ON,Regina SK,NorthStar Carriers,Standard,Fragile,Gold,12,756.6,86.1,0,0,12.28,-20.0,29.2,1.4,Rain,77.5,0.501,0,223.97,10.85,0
SHP-100492,Mississauga ON,Hamilton ON,MapleFreight Fleet,Standard,General Freight,Bronze,1,688.2,1315.4,0,0,9.89,72.0,5.8,0.5,Rain,55.2,0.327,2,154.79,9.5,0
SHP-101894,Calgary AB,Sudbury ON,Contract Owner-Op,Standard,General Freight,Silver,2,652.8,86.2,5,0,14.93,28.0,13.6,15.2,Rain,18.8,0.406,1,128.74,14.17,0
SHP-104542,Montreal QC,Toronto ON,PrairieLine,Express,General Freight,Bronze,8,554.3,222.8,4,0,8.01,-20.0,7.0,2.4,Storm,62.7,0.498,2,173.06,10.62,1
SHP-104002,Toronto ON,Calgary AB,Contract Owner-Op,Express,Fragile,Bronze,12,1068.0,2638.2,5,0,17.65,-6.0,4.5,5.8,Clear,75.4,1.0,3,222.81,25.0,1
SHP-102422,Calgary AB,Toronto ON,MapleFreight Fleet,Economy,Fragile,Bronze,9,214.6,901.2,0,0,4.49,5.0,2.1,5.1,Rain,12.0,0.303,1,207.62,4.6,0
SHP-105296,Calgary AB,Sudbury ON,QuebecExpress,Express,Fragile,Silver,4,646.6,1754.5,2,0,10.28,-20.0,10.6,5.9,Snow,59.3,0.314,1,,10.2,0
SHP-103131,Toronto ON,Sudbury ON,Contract Owner-Op,Standard,Bulk,Bronze,11,791.8,1004.5,1,0,10.92,14.0,5.3,2.9,Storm,33.3,0.511,1,260.92,17.07,1
SHP-103189,Mississauga ON,Ottawa ON,MapleFreight Fleet,Express,General Freight,Gold,12,574.3,316.9,3,0,11.08,56.0,5.7,6.3,Snow,9.4,0.499,2,259.71,14.96,1
SHP-105343,Montreal QC,Ottawa ON,NorthStar Carriers,Standard,General Freight,Silver,7,449.3,450.2,4,0,9.83,70.0,5.1,3.9,Clear,56.8,0.617,1,210.5,14.99,1
SHP-105579,Winnipeg MB,Regina SK,MapleFreight Fleet,Economy,Hazardous,Silver,10,302.7,394.3,5,0,8.67,55.0,3.0,3.6,Rain,39.9,0.676,3,182.06,8.42,0
SHP-104714,Ottawa ON,Montreal QC,NorthStar Carriers,Economy,Bulk,Silver,8,1020.7,1726.1,4,0,13.43,44.0,2.6,7.4,Storm,31.0,0.293,1,245.31,19.12,1
SHP-104960,Toronto ON,Hamilton ON,NorthStar Carriers,Express,General Freight,Silver,2,895.3,386.1,4,0,14.27,14.0,0.3,7.1,Clear,46.5,0.653,1,210.55,13.72,0
SHP-101225,Montreal QC,Calgary AB,MapleFreight Fleet,Standard,Bulk,Silver,2,460.9,1210.8,0,0,6.95,9.0,3.5,4.8,Fog,47.8,0.53,2,220.14,6.25,0
SHP-101678,Mississauga ON,Ottawa ON,QuebecExpress,Standard,General Freight,Gold,12,392.8,1316.8,2,0,7.08,-20.0,4.1,3.4,Clear,61.6,0.412,1,252.97,7.18,0
SHP-105740,Toronto ON,Ottawa ON,Contract Owner-Op,Economy,General Freight,Silver,7,1041.4,753.1,3,0,17.18,95.0,1.5,1.6,Clear,54.8,0.523,2,190.67,23.84,1
SHP-101656,Mississauga ON,Edmonton AB,MapleFreight Fleet,Standard,General Freight,Gold,4,244.4,1448.6,0,0,2.61,12.0,2.5,4.8,Clear,44.9,0.579,0,133.73,2.53,0
SHP-105126,Toronto ON,Regina SK,MapleFreight Fleet,Express,Bulk,Bronze,8,849.6,1009.4,1,0,13.28,9.0,4.9,7.2,Clear,64.4,0.563,1,138.21,12.51,0
SHP-105835,Ottawa ON,Quebec City QC,PrairieLine,Standard,General Freight,Silver,9,742.5,773.6,4,0,11.77,-5.0,6.8,7.5,Rain,74.9,0.561,2,166.18,10.52,0
SHP-104003,Montreal QC,Calgary AB,MapleFreight Fleet,Standard,General Freight,Silver,10,442.8,1083.4,5,1,10.56,21.0,6.6,7.3,Clear,78.8,0.41,2,236.37,9.47,0
SHP-105041,Winnipeg MB,Ottawa ON,QuebecExpress,Economy,General Freight,Bronze,8,554.2,552.3,2,0,8.64,-6.0,5.6,1.5,Clear,52.5,0.323,2,114.33,8.19,0
SHP-101526,Toronto ON,Regina SK,MapleFreight Fleet,Standard,Fragile,Bronze,10,1014.2,1170.0,2,0,16.46,40.0,4.3,6.3,Rain,6.4,0.508,0,250.11,15.66,0
SHP-102440,Calgary AB,Sudbury ON,MapleFreight Fleet,Economy,Bulk,Silver,9,251.0,1902.3,0,0,4.04,36.0,4.5,11.4,Clear,72.2,0.617,1,236.5,3.77,0
SHP-102932,Mississauga ON,Regina SK,NorthStar Carriers,Economy,General Freight,Gold,3,774.4,307.9,4,0,13.41,28.0,7.8,17.2,Rain,52.7,0.2,0,205.69,13.81,0
SHP-104614,London ON,Quebec City QC,QuebecExpress,Standard,Fragile,Bronze,8,517.7,721.8,4,0,9.82,-11.0,14.8,3.1,Clear,45.4,0.682,4,111.65,9.77,0
SHP-104576,Mississauga ON,Ottawa ON,MapleFreight Fleet,Economy,General Freight,Silver,9,553.6,399.7,2,0,7.57,-4.0,9.8,1.7,Fog,69.3,0.267,0,222.5,7.47,0
SHP-100800,Ottawa ON,Hamilton ON,QuebecExpress,Standard,Hazardous,Silver,3,416.4,1997.3,2,0,6.9,27.0,5.2,6.3,Clear,83.6,0.421,1,143.8,7.15,0
SHP-102083,Montreal QC,Toronto ON,MapleFreight Fleet,Express,Fragile,Bronze,10,490.7,992.6,2,1,10.56,-1.0,1.4,2.7,Clear,64.6,0.336,0,,9.65,0
SHP-101269,Montreal QC,Montreal QC,NorthStar Carriers,Standard,Fragile,Bronze,1,818.3,982.6,2,0,14.09,65.0,6.0,7.3,Rain,32.7,0.711,0,235.05,14.68,0
SHP-104105,Montreal QC,Toronto ON,Contract Owner-Op,Standard,Fragile,Silver,4,467.1,1014.5,2,0,7.32,-20.0,7.3,8.0,Snow,82.9,0.57,1,248.0,11.42,1
SHP-103599,Mississauga ON,Winnipeg MB,QuebecExpress,Standard,Hazardous,Silver,2,923.5,1183.8,0,0,10.44,-20.0,8.7,5.0,Clear,61.2,0.872,2,165.38,10.67,0
SHP-104328,Mississauga ON,Regina SK,MapleFreight Fleet,Standard,Hazardous,Silver,3,378.5,1878.3,3,0,8.42,9.0,2.9,9.6,Clear,,0.577,2,201.93,8.64,0
SHP-103392,Winnipeg MB,Montreal QC,MapleFreight Fleet,Standard,Bulk,Bronze,11,262.7,900.0,0,0,4.0,22.0,14.0,3.5,Clear,85.4,0.234,2,141.61,3.54,0
SHP-100441,Montreal QC,Winnipeg MB,Contract Owner-Op,Standard,General Freight,Bronze,8,423.4,411.2,3,1,9.69,49.0,3.6,1.4,Rain,35.7,0.282,1,,11.67,1
SHP-104622,Mississauga ON,Quebec City QC,MapleFreight Fleet,Economy,General Freight,Silver,11,1170.9,664.4,3,1,20.59,28.0,,8.4,Snow,71.1,0.527,0,117.94,20.86,0
SHP-100625,Ottawa ON,Montreal QC,MapleFreight Fleet,Standard,Hazardous,Gold,7,553.7,761.7,3,0,8.34,-20.0,8.2,5.7,Rain,62.4,0.404,1,170.44,8.07,0
SHP-105469,Toronto ON,Calgary AB,MapleFreight Fleet,Express,Refrigerated,Gold,8,623.2,802.4,3,0,10.93,29.0,7.3,3.9,Fog,37.6,0.684,0,216.31,11.13,0
SHP-104191,Calgary AB,Toronto ON,NorthStar Carriers,Standard,Hazardous,Silver,12,706.6,1042.4,3,0,12.24,-20.0,8.7,2.3,Clear,68.2,0.22,2,283.26,12.77,0
SHP-103947,Calgary AB,Sudbury ON,QuebecExpress,Standard,General Freight,Silver,8,930.5,674.9,5,0,16.45,-6.0,1.8,2.5,Clear,39.8,0.463,2,140.4,15.46,0
SHP-105732,Toronto ON,Winnipeg MB,MapleFreight Fleet,Standard,General Freight,Silver,5,480.7,518.1,4,0,9.28,-2.0,7.9,9.9,Storm,28.0,0.575,2,209.24,8.39,0
SHP-100416,Ottawa ON,Toronto ON,MapleFreight Fleet,Economy,General Freight,Bronze,9,948.7,821.8,4,0,15.95,-7.0,2.5,2.8,Fog,5.0,0.728,3,143.66,16.9,0
SHP-100210,Toronto ON,Toronto ON,MapleFreight Fleet,Economy,General Freight,Silver,12,958.0,1276.8,1,0,14.05,26.0,3.8,3.6,Clear,61.8,0.514,3,218.65,12.96,0
SHP-101200,Toronto ON,Quebec City QC,MapleFreight Fleet,Standard,General Freight,Bronze,5,798.4,1519.8,1,0,12.69,45.0,5.8,4.7,Clear,55.0,0.106,1,149.55,11.3,0
SHP-101505,Mississauga ON,Calgary AB,MapleFreight Fleet,Economy,General Freight,Bronze,8,371.5,1212.1,2,0,8.0,-19.0,6.4,1.7,Clear,31.4,0.789,2,118.54,7.81,0
SHP-104006,London ON,Sudbury ON,MapleFreight Fleet,Express,General Freight,Silver,2,352.6,380.3,0,0,3.41,20.0,2.7,3.9,Rain,58.4,0.188,0,267.78,3.18,0
SHP-104378,Mississauga ON,Montreal QC,MapleFreight Fleet,Economy,Bulk,Bronze,11,776.4,827.0,5,1,13.45,65.0,4.5,3.7,Clear,47.1,0.237,0,275.07,16.0,1
SHP-101131,Mississauga ON,Sudbury ON,NorthStar Carriers,Standard,Hazardous,Silver,1,442.1,1998.3,5,0,8.76,-20.0,15.6,9.6,Rain,77.8,0.446,2,207.46,11.37,1
SHP-103852,Toronto ON,Calgary AB,QuebecExpress,Standard,General Freight,Bronze,1,746.3,1088.3,0,0,9.77,23.0,3.0,4.4,,99.4,0.109,0,,9.17,0
SHP-102438,Montreal QC,Regina SK,MapleFreight Fleet,Standard,General Freight,Bronze,10,600.3,783.3,4,1,10.36,8.0,6.6,3.7,Fog,78.0,0.507,0,185.36,9.57,0
SHP-102300,Mississauga ON,Edmonton AB,PrairieLine,Economy,Bulk,Silver,9,592.0,1299.6,3,0,10.31,-12.0,2.2,2.2,Clear,61.4,0.439,3,220.19,10.48,0
SHP-101158,Calgary AB,Montreal QC,MapleFreight Fleet,Express,Hazardous,Silver,2,717.4,1048.2,4,0,13.21,-20.0,1.1,4.3,Clear,79.6,0.582,0,122.38,11.96,0
SHP-102939,Ottawa ON,Montreal QC,QuebecExpress,Economy,Refrigerated,Silver,1,410.4,1219.7,4,1,8.72,-20.0,12.3,1.3,Fog,55.2,0.507,0,239.51,8.2,0
SHP-105843,Ottawa ON,Ottawa ON,PrairieLine,standard,Bulk,Silver,8,658.2,1440.0,1,1,9.87,35.0,7.2,12.0,Clear,42.0,0.835,3,227.59,10.3,0
SHP-100521,Mississauga ON,Ottawa ON,MapleFreight Fleet,Standard,Refrigerated,Gold,4,351.3,725.5,0,0,5.21,-2.0,3.8,8.5,Rain,85.9,0.275,3,157.01,5.16,0
SHP-101352,Mississauga ON,Regina SK,MapleFreight Fleet,Standard,Refrigerated,Gold,12,1020.5,552.9,5,0,17.35,-20.0,11.4,2.8,Clear,76.9,0.415,0,176.14,18.21,0
SHP-101037,Toronto ON,Winnipeg MB,PrairieLine,Standard,General Freight,Silver,6,827.4,983.9,1,0,11.45,-9.0,3.8,9.2,Clear,43.3,0.843,2,213.13,10.38,0
SHP-104765,Toronto ON,Calgary AB,MapleFreight Fleet,Standard,Fragile,Silver,10,433.2,812.9,4,0,9.14,28.0,6.1,3.1,Clear,72.0,0.125,0,241.06,8.21,0
SHP-104114,Montreal QC,Regina SK,QuebecExpress,Express,General Freight,Silver,10,596.3,2623.0,0,0,10.9,-18.0,11.7,2.1,Rain,60.2,0.488,1,42.03,11.32,0
SHP-102925,Montreal QC,Quebec City QC,NorthStar Carriers,Standard,Bulk,Gold,5,237.3,416.8,0,0,3.48,22.0,4.7,11.7,Fog,52.4,0.733,0,103.2,3.62,0
SHP-105076,Montreal QC,Hamilton ON,MapleFreight Fleet,Standard,General Freight,Silver,6,1178.3,630.1,1,1,15.82,0.0,8.0,6.2,Fog,46.3,0.509,1,64.24,15.96,0
SHP-103062,London ON,Montreal QC,MapleFreight Fleet,Standard,General Freight,Silver,10,739.1,494.8,0,0,10.41,3.0,3.9,0.4,Clear,20.2,0.383,1,233.5,9.31,0
SHP-102770,Calgary AB,Edmonton AB,Contract Owner-Op,Standard,Fragile,Silver,11,846.3,827.4,0,0,12.65,86.0,1.9,2.8,Rain,50.7,0.64,0,69.06,14.68,1
SHP-104850,Montreal QC,Edmonton AB,QuebecExpress,Standard,General Freight,Silver,6,226.5,1172.5,4,0,6.38,-12.0,9.8,7.8,Snow,86.9,0.531,2,234.73,7.5,1
SHP-105359,Calgary AB,Edmonton AB,MapleFreight Fleet,Standard,General Freight,Silver,4,501.9,1553.1,4,0,9.48,30.0,5.4,6.7,Clear,81.1,0.7,3,194.55,8.67,0
SHP-103289,Mississauga ON,Edmonton AB,QuebecExpress,Economy,General Freight,Silver,12,1003.8,912.5,5,0,18.4,36.0,4.2,1.9,Clear,59.2,0.239,2,157.56,16.67,0
SHP-100958,London ON,Regina SK,MapleFreight Fleet,Economy,Fragile,Bronze,10,990.8,751.2,4,0,16.55,77.0,2.4,2.2,Fog,74.5,0.281,2,224.93,25.08,1
SHP-103495,Mississauga ON,Toronto ON,Contract Owner-Op,Economy,General Freight,Silver,2,897.0,238.5,5,1,16.28,34.0,11.2,11.4,Clear,50.1,0.296,2,100.77,23.1,1
SHP-101446,London ON,Regina SK,QuebecExpress,Standard,General Freight,Bronze,12,452.5,1045.8,3,0,9.24,-20.0,5.7,2.6,Clear,47.9,0.453,2,181.21,8.29,0
SHP-102134,Calgary AB,Calgary AB,MapleFreight Fleet,Standard,General Freight,Silver,10,768.4,1732.8,2,0,11.46,14.0,4.3,7.3,Clear,70.9,0.292,0,250.29,10.6,0
SHP-100913,Winnipeg MB,Toronto ON,MapleFreight Fleet,Express,Fragile,Silver,2,456.4,840.6,3,0,9.25,43.0,4.3,2.2,Fog,60.8,0.157,3,141.97,9.49,0
SHP-102515,Calgary AB,Edmonton AB,MapleFreight Fleet,Standard,General Freight,Gold,1,944.1,186.5,1,0,11.91,19.0,4.3,14.0,Rain,31.3,0.257,2,83.12,10.65,0
SHP-101964,Montreal QC,Edmonton AB,QuebecExpress,Standard,Refrigerated,Silver,7,1177.0,1944.5,5,0,20.89,-15.0,1.6,7.6,Clear,38.2,0.264,1,226.81,21.02,0
SHP-100418,Mississauga ON,Montreal QC,NorthStar Carriers,Express,Fragile,Silver,12,455.1,1440.7,4,1,10.85,-11.0,13.8,4.5,Clear,69.8,0.176,2,214.88,10.14,0
SHP-100413,London ON,Regina SK,NorthStar Carriers,Standard,Refrigerated,Silver,11,570.9,285.0,5,0,10.86,-0.0,1.6,6.4,Clear,54.0,1.0,1,204.25,15.39,1
SHP-100197,Toronto ON,Regina SK,QuebecExpress,Economy,General Freight,Silver,12,208.9,178.4,4,0,6.43,28.0,9.5,2.2,Rain,16.2,0.429,2,234.2,5.9,0
SHP-105894,Calgary AB,Hamilton ON,QuebecExpress,Economy,Hazardous,Silver,10,462.3,1116.7,3,0,6.78,21.0,8.7,7.2,Clear,39.2,0.776,2,254.0,6.15,0
SHP-100285,Winnipeg MB,Hamilton ON,QuebecExpress,Economy,Hazardous,Silver,1,589.9,1149.5,5,1,11.04,-1.0,8.3,2.8,Snow,34.5,0.523,3,207.03,11.41,0
SHP-103921,Ottawa ON,Regina SK,MapleFreight Fleet,Express,General Freight,Bronze,10,405.0,2254.1,2,0,7.61,11.0,12.6,10.5,Rain,51.8,0.703,3,94.44,6.94,0
SHP-105232,Toronto ON,Edmonton AB,PrairieLine,Standard,Fragile,Silver,12,549.7,2385.6,4,0,11.68,71.0,18.5,1.4,Storm,91.5,0.408,4,77.02,17.68,1
SHP-101569,Montreal QC,Edmonton AB,MapleFreight Fleet,Standard,Hazardous,Silver,11,785.8,445.0,4,0,13.93,35.0,8.4,9.0,Clear,67.4,0.387,2,204.32,18.23,1
SHP-105266,Mississauga ON,Quebec City QC,MapleFreight Fleet,Economy,General Freight,Silver,5,726.1,280.5,0,1,10.37,12.0,15.7,8.4,Fog,62.2,0.695,0,285.76,14.45,1
SHP-102733,Ottawa ON,Edmonton AB,NorthStar Carriers,Standard,General Freight,Bronze,5,617.4,252.1,4,0,11.77,78.0,9.8,5.6,Clear,74.6,0.344,0,201.61,11.6,0
SHP-103572,Montreal QC,Regina SK,QuebecExpress,Express,General Freight,Bronze,6,817.4,1853.4,2,0,13.22,13.0,6.9,3.0,Rain,38.7,0.549,1,230.2,11.68,0
SHP-101239,Ottawa ON,Ottawa ON,MapleFreight Fleet,Standard,Bulk,Silver,8,881.7,2018.4,1,0,13.49,-12.0,4.3,11.0,Rain,57.0,0.26,1,191.63,14.12,0
SHP-101804,Mississauga ON,Edmonton AB,PrairieLine,Economy,Hazardous,Bronze,9,851.1,388.9,0,0,11.96,16.0,3.9,6.7,Clear,71.7,0.703,2,228.4,12.11,0
SHP-100360,Ottawa ON,Toronto ON,PrairieLine,Express,Refrigerated,Bronze,7,2262.3,1234.4,3,0,34.26,58.0,7.5,5.6,Clear,66.3,0.205,1,223.47,51.66,1
SHP-104671,Montreal QC,Regina SK,PrairieLine,Economy,Bulk,Silver,2,988.8,2174.7,3,0,13.57,17.0,4.3,18.0,Clear,71.0,0.488,1,200.92,20.01,1
SHP-100694,Toronto ON,Calgary AB,MapleFreight Fleet,Standard,Refrigerated,Silver,12,327.8,1287.8,3,0,6.74,49.0,3.5,4.6,Clear,,0.511,3,77.93,6.01,0
SHP-102753,Ottawa ON,Calgary AB,MapleFreight Fleet,Standard,General Freight,Silver,8,665.4,468.7,0,0,8.52,-20.0,0.9,1.9,Clear,29.9,0.616,1,176.59,7.7,0
SHP-103774,Mississauga ON,Hamilton ON,PrairieLine,Standard,General Freight,Gold,11,1359.0,1124.6,0,0,19.16,11.0,4.8,4.5,Snow,62.9,0.539,1,169.81,26.23,1
SHP-100113,Toronto ON,Ottawa ON,MapleFreight Fleet,Standard,Bulk,Bronze,7,1391.8,1699.0,1,0,19.56,-11.0,3.0,7.2,Clear,,0.141,0,274.97,17.98,0
SHP-100415,Mississauga ON,Hamilton ON,NorthStar Carriers,Standard,Bulk,Bronze,11,483.0,425.4,4,0,11.34,10.0,4.3,10.4,Snow,64.5,0.392,0,,11.46,0
SHP-105311,Mississauga ON,Calgary AB,PrairieLine,Standard,Refrigerated,Gold,9,461.4,1472.6,3,0,9.44,52.0,5.0,1.8,Clear,67.9,0.269,0,264.5,8.6,0
SHP-100339,Montreal QC,Montreal QC,Contract Owner-Op,Standard,Bulk,Bronze,2,1100.7,1192.0,0,0,15.26,-8.0,2.1,2.1,Snow,59.4,0.313,1,117.66,20.87,1
SHP-102535,Calgary AB,Hamilton ON,PrairieLine,Economy,Bulk,Bronze,5,662.5,1038.3,3,0,10.59,-20.0,4.9,3.3,Clear,78.0,0.616,0,229.54,9.59,0
SHP-105173,Mississauga ON,Sudbury ON,MapleFreight Fleet,Express,Hazardous,Silver,9,333.1,355.8,3,0,6.32,31.0,2.4,0.7,Clear,41.4,0.453,0,,5.76,0
SHP-103101,Toronto ON,Quebec City QC,MapleFreight Fleet,Standard,Hazardous,Silver,3,375.0,463.1,5,0,9.24,46.0,2.1,14.2,Storm,81.4,0.85,0,191.73,12.85,1
SHP-101090,Mississauga ON,Edmonton AB,MapleFreight Fleet,Standard,Refrigerated,Bronze,2,272.2,1022.7,5,0,7.38,75.0,5.1,4.5,Fog,62.0,0.562,3,136.84,8.66,1
SHP-102923,Calgary AB,Regina SK,Contract Owner-Op,Economy,Fragile,Silver,8,670.1,1426.8,5,0,12.28,15.0,3.2,9.1,Clear,88.0,0.728,1,142.76,11.27,0
SHP-105996,Toronto ON,Winnipeg MB,MapleFreight Fleet,Standard,General Freight,Silver,1,626.9,562.7,5,0,12.93,44.0,5.6,11.3,Clear,55.0,0.485,2,133.22,12.26,0
SHP-103394,Mississauga ON,Toronto ON,QuebecExpress,Standard,Bulk,Gold,11,359.8,1638.3,2,0,5.51,-4.0,8.1,20.0,Snow,58.5,0.042,3,179.91,5.0,0
SHP-102892,Winnipeg MB,Quebec City QC,QuebecExpress,Express,General Freight,Silver,11,467.8,2359.2,1,0,4.69,0.0,1.7,0.6,Clear,68.6,0.511,1,185.47,4.53,0
SHP-100928,Montreal QC,Ottawa ON,MapleFreight Fleet,standard,General Freight,Silver,5,141.2,1942.8,2,0,4.43,11.0,5.8,4.8,Clear,53.6,0.637,1,155.2,4.42,0
SHP-101896,Montreal QC,Hamilton ON,MapleFreight Fleet,Standard,General Freight,Gold,8,265.3,908.0,2,0,4.96,-18.0,15.2,4.9,Snow,71.7,0.41,3,166.9,4.38,0
SHP-105475,London ON,Ottawa ON,MapleFreight Fleet,Express,General Freight,Silver,11,566.0,1021.3,2,0,9.33,-7.0,0.5,7.1,Snow,67.0,0.261,1,206.48,8.49,0
SHP-104256,Montreal QC,Ottawa ON,MapleFreight Fleet,Standard,Fragile,Bronze,6,613.4,460600.0,4,0,10.18,47.0,4.5,2.4,Fog,91.2,0.758,0,163.75,13.42,1
SHP-105896,Ottawa ON,Montreal QC,MapleFreight Fleet,Express,General Freight,Gold,4,981.3,727.3,3,0,14.77,-13.0,5.7,10.1,Clear,39.0,0.758,5,245.72,14.44,0
SHP-102235,Toronto ON,Montreal QC,NorthStar Carriers,Standard,General Freight,Silver,1,906.7,321.9,4,0,14.44,-20.0,0.5,4.4,Rain,98.0,0.456,3,209.4,13.84,0
SHP-104341,Calgary AB,Quebec City QC,NorthStar Carriers,Standard,Fragile,Silver,5,767.9,127.2,5,0,12.81,17.0,12.5,1.1,Rain,62.8,0.585,0,204.04,13.04,0
SHP-103440,Winnipeg MB,Calgary AB,Contract Owner-Op,Standard,General Freight,Silver,11,474.2,1373.5,4,1,9.18,-20.0,9.1,7.9,Snow,69.1,0.383,2,229.76,8.7,0
SHP-105196,Toronto ON,Calgary AB,PrairieLine,Economy,Refrigerated,Silver,11,201.2,1277.8,0,0,2.5,-20.0,2.9,5.6,Rain,24.8,0.531,0,246.4,2.43,0
SHP-102206,Winnipeg MB,Winnipeg MB,PrairieLine,express,General Freight,Bronze,6,369.4,1992.9,4,0,8.91,-0.0,11.3,3.2,Clear,54.5,0.524,0,143.07,8.71,0
SHP-104072,London ON,Edmonton AB,MapleFreight Fleet,Economy,Fragile,Silver,10,380.1,96.3,2,0,5.62,-20.0,8.2,8.1,Rain,10.2,0.692,3,207.49,8.07,1
SHP-103796,Toronto ON,Edmonton AB,Contract Owner-Op,Standard,General Freight,Gold,9,777.9,206.3,4,0,12.85,69.0,1.9,12.6,Clear,,0.284,0,222.83,12.21,0
SHP-105962,Ottawa ON,Calgary AB,PrairieLine,Express,General Freight,Silver,2,640.9,410.5,0,1,8.21,42.0,7.2,6.7,Clear,36.5,0.455,0,182.29,8.44,0
SHP-101084,Ottawa ON,Winnipeg MB,QuebecExpress,Standard,General Freight,Bronze,10,555.9,816.6,5,1,9.83,-20.0,3.2,5.6,Clear,53.9,0.665,4,206.94,8.87,0
SHP-102826,Mississauga ON,Winnipeg MB,PrairieLine,Standard,General Freight,Silver,2,676.5,546.8,0,0,10.13,41.0,4.7,11.3,Clear,53.3,0.52,1,209.25,9.39,0
SHP-105925,Mississauga ON,Quebec City QC,PrairieLine,Standard,Fragile,Gold,12,377.3,528.4,1,0,5.61,65.0,0.3,4.0,Fog,23.2,0.463,1,223.29,5.73,0
SHP-102231,Mississauga ON,Sudbury ON,QuebecExpress,Standard,General Freight,Bronze,11,494.9,1463.3,4,0,11.69,27.0,1.7,6.4,,57.8,0.506,1,214.13,13.55,1
SHP-102902,London ON,Quebec City QC,MapleFreight Fleet,Express,Refrigerated,Silver,11,861.9,1913.3,5,0,15.84,-20.0,1.5,4.0,Clear,65.3,0.246,2,224.72,15.37,0
SHP-104942,Calgary AB,Quebec City QC,MapleFreight Fleet,Express,General Freight,Bronze,12,475.7,571.7,1,0,7.63,-20.0,6.6,6.1,Rain,46.1,0.353,0,98.91,7.08,0
SHP-104785,Ottawa ON,Winnipeg MB,MapleFreight Fleet,Standard,Refrigerated,Bronze,5,509.5,830.5,3,0,8.09,-17.0,16.6,6.6,Clear,45.3,0.625,0,160.9,8.56,0
SHP-105641,London ON,Toronto ON,MapleFreight Fleet,Standard,General Freight,Silver,8,428.0,1028.9,2,0,6.03,-20.0,2.8,1.7,Rain,82.3,0.383,0,215.59,5.72,0
SHP-104039,Toronto ON,Calgary AB,NorthStar Carriers,Standard,General Freight,Silver,3,303.1,1236.1,1,0,2.21,23.0,8.8,5.1,Clear,82.6,0.729,2,244.28,3.42,1
SHP-101253,Montreal QC,Regina SK,MapleFreight Fleet,Standard,General Freight,Bronze,10,490.6,1956.0,4,0,10.32,-20.0,7.6,4.6,Clear,50.8,0.486,0,169.62,10.66,0
SHP-101774,Ottawa ON,Hamilton ON,PrairieLine,Standard,General Freight,Silver,6,734.4,1579.4,3,0,13.05,54.0,1.7,7.8,,,0.423,2,187.54,20.27,1
SHP-100274,Calgary AB,Winnipeg MB,MapleFreight Fleet,Standard,Refrigerated,Silver,10,723.6,1250.3,5,0,14.08,10.0,6.5,13.2,Clear,62.9,0.723,4,192.55,13.66,0
SHP-100183,Calgary AB,Montreal QC,Contract Owner-Op,Standard,General Freight,Bronze,7,1079.9,1080.2,1,0,14.02,17.0,5.2,9.0,Storm,56.0,0.485,1,116.86,20.47,1
SHP-104535,Toronto ON,Quebec City QC,QuebecExpress,Standard,Fragile,Silver,11,319.5,314.1,2,0,4.99,13.0,5.4,4.3,Clear,66.2,0.746,4,276.53,4.69,0
SHP-105172,Mississauga ON,Montreal QC,NorthStar Carriers,Standard,Refrigerated,Silver,4,368.8,1121.6,1,0,3.57,39.0,8.6,4.8,Snow,45.1,0.474,2,169.84,3.76,0
SHP-104559,Montreal QC,Regina SK,MapleFreight Fleet,Standard,Bulk,Bronze,1,345.4,606.0,2,0,4.37,73.0,6.0,7.6,Rain,44.5,0.615,2,142.59,4.01,0
SHP-103524,Mississauga ON,Quebec City QC,QuebecExpress,Standard,General Freight,Silver,1,374.8,450.4,4,1,10.6,51.0,0.6,5.9,Fog,42.3,0.591,1,133.6,15.77,1
SHP-102138,Toronto ON,Ottawa ON,MapleFreight Fleet,Express,General Freight,Bronze,10,553.5,259.3,1,0,9.17,92.0,6.5,4.2,Clear,65.8,0.183,0,223.17,9.2,0
SHP-103297,Mississauga ON,Winnipeg MB,MapleFreight Fleet,Standard,Fragile,Silver,3,739.4,647.1,4,0,14.74,-20.0,7.6,1.0,Snow,72.3,0.058,3,294.86,13.86,0
SHP-105887,Montreal QC,Regina SK,MapleFreight Fleet,Standard,Bulk,Silver,10,750.0,2051.1,0,0,9.35,40.0,6.2,6.5,,61.3,0.447,2,156.79,9.26,0
SHP-104147,Ottawa ON,Toronto ON,MapleFreight Fleet,Standard,General Freight,Gold,5,572.1,594.6,3,0,10.16,49.0,3.2,6.5,Clear,47.2,0.016,2,117.31,9.01,0
SHP-103772,Ottawa ON,Toronto ON,PrairieLine,Express,General Freight,Silver,2,402.7,498.7,5,0,9.96,33.0,4.1,1.7,Clear,51.0,0.0,2,146.37,10.22,0
SHP-104950,Toronto ON,Quebec City QC,MapleFreight Fleet,Standard,General Freight,Bronze,8,1549.3,969.5,4,0,25.72,57.0,7.0,3.2,Rain,56.5,0.235,0,200.22,30.84,1
SHP-102725,Montreal QC,Hamilton ON,MapleFreight Fleet,Standard,Bulk,Gold,1,508.2,579.6,4,0,9.14,-13.0,2.3,6.5,Clear,35.3,0.227,1,229.19,9.11,0
SHP-103439,Montreal QC,Edmonton AB,MapleFreight Fleet,Economy,Bulk,Bronze,9,708.7,657.1,0,0,10.11,5.0,16.2,4.2,Storm,72.2,0.58,2,184.28,9.83,0
SHP-104631,Ottawa ON,Montreal QC,PrairieLine,Economy,General Freight,Gold,12,256.1,2022.1,1,0,1.0,-18.0,7.0,15.7,,23.7,0.759,3,189.02,1.46,1
SHP-101855,Montreal QC,Winnipeg MB,QuebecExpress,Standard,General Freight,Silver,1,708.3,505.9,1,0,11.38,28.0,1.1,2.0,Fog,69.1,0.357,1,80.56,10.18,0
SHP-104331,Mississauga ON,Edmonton AB,MapleFreight Fleet,Express,Bulk,Silver,6,815.2,2851.3,3,0,12.45,48.0,10.2,7.8,Clear,48.3,0.282,0,125.89,12.53,0
SHP-101514,Montreal QC,Edmonton AB,QuebecExpress,Economy,General Freight,Silver,8,1178.6,2111.5,2,0,18.47,34.0,4.2,4.8,Clear,48.0,0.278,0,248.53,17.31,0
SHP-104777,Ottawa ON,Regina SK,QuebecExpress,Standard,Refrigerated,Gold,7,716.8,594.6,4,0,12.42,11.0,20.1,10.5,Clear,54.7,0.544,1,163.8,11.07,0
SHP-100582,Calgary AB,Ottawa ON,NorthStar Carriers,Standard,Fragile,Silver,11,376.0,532.0,4,0,8.52,-20.0,,7.4,Clear,44.3,0.328,2,130.66,7.67,0
SHP-102450,Calgary AB,Ottawa ON,PrairieLine,Standard,Fragile,Silver,3,427.2,177.4,2,0,7.37,-20.0,1.9,3.1,Clear,39.6,0.654,0,184.88,7.48,0
SHP-100699,Ottawa ON,Winnipeg MB,NorthStar Carriers,Standard,General Freight,Silver,3,574.5,837.2,3,0,10.43,5.0,6.5,5.7,Clear,100.0,0.647,2,191.81,10.75,0
SHP-101762,Toronto ON,Toronto ON,PrairieLine,Standard,Refrigerated,Bronze,6,909.3,532.6,1,0,12.74,44.0,2.2,4.9,Snow,48.2,0.645,1,252.62,12.79,0
SHP-100439,Montreal QC,Regina SK,NorthStar Carriers,Economy,Hazardous,Silver,2,302.9,1505.2,0,0,5.17,21.0,3.2,4.2,Clear,49.8,0.614,0,194.53,5.0,0
SHP-100528,London ON,Montreal QC,MapleFreight Fleet,Economy,General Freight,Bronze,9,292.2,1569.0,1,0,5.67,2.0,2.1,10.5,Rain,66.6,0.535,1,302.36,5.87,0
SHP-104725,Ottawa ON,Regina SK,NorthStar Carriers,Express,General Freight,Silver,8,148.6,1557.9,0,1,2.09,-5.0,11.1,1.7,Snow,82.5,0.051,1,149.81,2.17,0
SHP-103441,Mississauga ON,Regina SK,MapleFreight Fleet,Economy,Bulk,Bronze,10,696.6,1488.2,0,0,9.72,20.0,5.6,5.6,Clear,,0.629,0,224.01,9.12,0
SHP-100718,Montreal QC,Sudbury ON,MapleFreight Fleet,Standard,General Freight,Gold,9,402.6,324.1,5,0,8.55,56.0,4.8,10.1,Snow,46.4,0.6,1,161.02,7.92,0
SHP-101464,Toronto ON,Hamilton ON,MapleFreight Fleet,Standard,General Freight,Bronze,10,1445.9,1071.5,3,0,24.18,5.0,9.1,2.2,Clear,51.7,0.503,2,209.07,22.48,0
SHP-104835,Toronto ON,Montreal QC,NorthStar Carriers,express,Bulk,Silver,12,602.7,1045.6,5,0,8.62,-10.0,3.6,4.4,Clear,70.9,0.258,2,208.57,13.66,1
SHP-102688,Montreal QC,Montreal QC,QuebecExpress,Standard,Fragile,Silver,1,304.9,627.5,0,0,4.27,3.0,9.0,8.4,Snow,68.3,0.969,2,150.81,4.06,0
SHP-100239,Montreal QC,Winnipeg MB,MapleFreight Fleet,Standard,General Freight,Silver,12,1458.8,349.1,3,0,22.08,36.0,3.9,6.6,Rain,68.3,0.779,1,265.54,20.5,0
SHP-101360,Toronto ON,Hamilton ON,PrairieLine,Express,Hazardous,Gold,6,485.1,1192.3,3,0,7.71,-20.0,2.7,4.2,Clear,62.3,0.397,1,126.8,7.24,0
SHP-102372,Ottawa ON,Regina SK,Contract Owner-Op,Standard,General Freight,Bronze,8,484.3,441.5,2,0,8.05,23.0,2.0,7.0,Clear,81.2,0.569,1,250.57,8.3,0
SHP-101879,Mississauga ON,Edmonton AB,NorthStar Carriers,Standard,General Freight,Bronze,8,338.2,536.6,0,0,3.51,49.0,1.4,2.4,Rain,42.0,0.313,4,214.86,3.44,0
SHP-104866,London ON,Sudbury ON,MapleFreight Fleet,Express,General Freight,Gold,1,917.6,302.6,4,0,19.41,30.0,5.7,5.4,Clear,65.1,0.666,2,188.14,22.5,1
SHP-103818,Toronto ON,Edmonton AB,NorthStar Carriers,Express,General Freight,Bronze,8,266.1,523.1,0,0,4.15,17.0,5.0,12.7,Clear,53.6,0.888,3,160.21,4.18,0
SHP-100228,Ottawa ON,Montreal QC,MapleFreight Fleet,Standard,General Freight,Silver,4,635.4,388.4,5,0,13.14,8.0,6.4,10.9,Clear,39.6,0.762,1,205.93,13.34,0
SHP-102257,Toronto ON,Calgary AB,MapleFreight Fleet,Standard,Refrigerated,Bronze,5,298.4,1165.7,0,0,6.19,73.0,2.6,4.8,Fog,51.5,0.454,0,296.38,9.22,1
SHP-101021,Ottawa ON,Ottawa ON,MapleFreight Fleet,Express,Hazardous,Silver,10,430.9,669.7,0,0,7.16,24.0,2.1,3.2,,50.1,0.572,0,202.73,6.55,0
SHP-104476,Montreal QC,Hamilton ON,QuebecExpress,Standard,General Freight,Bronze,4,782.5,1209.6,5,1,14.26,51.0,7.4,10.0,Clear,64.7,0.522,6,193.92,16.76,1
SHP-101583,Ottawa ON,Hamilton ON,Contract Owner-Op,Standard,General Freight,Bronze,8,447.8,1453.8,4,0,8.27,0.0,11.5,2.7,Snow,65.2,0.181,3,269.39,8.14,0
SHP-103588,Montreal QC,Ottawa ON,PrairieLine,Standard,General Freight,Bronze,7,964.0,246.9,4,0,17.18,27.0,2.1,6.7,Clear,76.6,0.388,0,155.87,17.07,0
SHP-103953,London ON,Edmonton AB,QuebecExpress,Express,General Freight,Gold,3,549.3,1694.2,1,0,8.57,41.0,6.3,1.3,Clear,53.6,0.418,0,227.96,8.06,0
SHP-101976,Montreal QC,Edmonton AB,PrairieLine,Standard,General Freight,Bronze,10,220.2,708.7,0,0,1.85,9.0,2.9,7.4,Clear,57.4,0.639,0,100.02,1.75,0
SHP-104844,Calgary AB,Edmonton AB,NorthStar Carriers,Standard,Hazardous,Silver,6,1185.7,549.0,2,0,17.76,-6.0,21.0,11.3,Fog,29.0,0.429,1,261.4,16.97,0
SHP-101772,Calgary AB,Toronto ON,MapleFreight Fleet,standard,Fragile,Silver,4,708.1,445.9,0,0,8.13,49.0,6.4,2.5,Storm,61.4,0.519,2,123.06,7.42,0
SHP-103739,Mississauga ON,Quebec City QC,QuebecExpress,Express,General Freight,Silver,7,232.6,1401.7,4,0,5.51,21.0,8.1,13.5,Storm,59.0,0.445,4,211.42,4.97,0
SHP-105529,Montreal QC,Quebec City QC,NorthStar Carriers,Economy,Hazardous,Silver,8,850.2,347.0,3,0,12.22,6.0,3.1,3.4,Rain,34.5,0.024,3,222.2,11.62,0
SHP-102399,Ottawa ON,Quebec City QC,PrairieLine,Economy,General Freight,Silver,2,476.5,470.3,2,0,9.65,-20.0,0.9,4.6,Rain,18.7,0.339,0,184.81,9.87,0
SHP-103321,Montreal QC,Calgary AB,NorthStar Carriers,Standard,General Freight,Gold,5,207.1,594.8,3,0,6.94,25.0,7.2,4.0,Clear,53.7,0.14,2,201.03,10.55,1
SHP-103628,Mississauga ON,Montreal QC,QuebecExpress,Express,General Freight,Silver,10,506.8,1468.0,1,0,5.52,21.0,3.8,14.2,Snow,49.3,0.562,0,249.46,4.99,0
SHP-100052,Montreal QC,Calgary AB,MapleFreight Fleet,Standard,General Freight,Bronze,9,338.9,508.2,1,1,5.33,-20.0,1.8,3.8,Clear,51.0,0.481,0,,5.45,0
SHP-100508,Montreal QC,Sudbury ON,MapleFreight Fleet,Express,General Freight,Silver,10,982.2,330.3,5,0,18.31,-20.0,5.2,5.5,Rain,63.0,0.555,2,138.78,16.43,0
SHP-103109,Winnipeg MB,Ottawa ON,NorthStar Carriers,Economy,Fragile,Bronze,4,669.0,1166.5,2,0,11.16,9.0,4.8,3.5,Clear,14.3,0.503,0,89.58,11.42,0
SHP-103682,Mississauga ON,Quebec City QC,PrairieLine,Economy,Fragile,Bronze,4,1396.6,1372.5,4,0,20.49,78.0,4.5,2.7,Clear,51.5,0.512,3,256.69,26.32,1
SHP-103151,Montreal QC,Regina SK,Contract Owner-Op,Express,Bulk,Silver,9,626.2,1222.9,1,0,7.47,20.0,1.9,4.1,Clear,48.0,0.591,2,136.14,7.12,0
SHP-103086,London ON,Montreal QC,NorthStar Carriers,Standard,General Freight,Silver,10,186.9,628.2,2,0,3.29,-20.0,,4.8,Rain,23.9,0.651,0,196.08,3.4,0
SHP-101700,Calgary AB,Edmonton AB,NorthStar Carriers,Standard,General Freight,Bronze,6,1011.1,278.0,0,0,15.14,-20.0,,3.1,Clear,65.0,0.337,2,231.68,14.8,0
SHP-105179,Winnipeg MB,Ottawa ON,NorthStar Carriers,Express,General Freight,Silver,2,230.4,592.2,3,0,5.08,-10.0,,10.3,Clear,53.7,0.547,0,112.64,5.38,0
SHP-102624,Toronto ON,Montreal QC,NorthStar Carriers,Standard,General Freight,Silver,2,651.6,1166.1,3,0,11.78,-5.0,9.3,4.9,Rain,62.5,0.427,4,153.42,13.78,1
SHP-104330,Toronto ON,Regina SK,NorthStar Carriers,Standard,General Freight,Silver,7,227.1,1709.9,5,0,8.51,-10.0,19.7,5.6,Clear,78.0,0.363,2,200.02,8.95,0
SHP-105297,Toronto ON,Quebec City QC,Contract Owner-Op,Economy,General Freight,Gold,6,570.8,2552.6,3,0,9.95,23.0,10.4,4.2,Storm,66.3,1.0,0,128.52,15.84,1
SHP-101286,Calgary AB,Edmonton AB,MapleFreight Fleet,Economy,Refrigerated,Bronze,4,266.3,929.0,0,0,3.31,-20.0,,5.1,Rain,57.0,0.195,1,194.36,3.03,0
SHP-105533,London ON,Edmonton AB,MapleFreight Fleet,Standard,Fragile,Silver,6,185.7,219.5,0,1,1.0,-20.0,,4.5,Clear,27.5,0.478,3,172.95,0.97,0
SHP-100479,Montreal QC,Calgary AB,MapleFreight Fleet,Standard,Fragile,Silver,8,1323.2,1625.7,1,0,16.25,-19.0,9.8,5.1,Clear,31.1,0.58,1,199.18,16.8,0
SHP-103990,Montreal QC,Ottawa ON,PrairieLine,Express,General Freight,Silver,10,329.8,1370.5,1,0,7.85,5.0,8.3,4.1,Clear,37.8,0.325,3,237.57,7.64,0
SHP-101802,Montreal QC,Calgary AB,MapleFreight Fleet,Standard,General Freight,Gold,7,420.2,984.9,3,0,7.96,-6.0,2.6,0.8,,59.0,0.12,2,,8.22,0
SHP-102242,Toronto ON,Edmonton AB,NorthStar Carriers,Economy,Refrigerated,Bronze,5,781.6,709.5,2,0,12.48,-20.0,6.6,7.3,Snow,57.4,0.333,1,231.24,12.35,0
SHP-103457,Calgary AB,Ottawa ON,QuebecExpress,Standard,Bulk,Bronze,6,573.3,2027.2,0,0,6.32,-3.0,1.2,9.1,Rain,42.4,0.175,0,236.96,6.32,0
SHP-102453,Montreal QC,Sudbury ON,Contract Owner-Op,Standard,General Freight,Bronze,7,589.0,833.0,5,0,10.65,13.0,4.8,2.3,Clear,43.9,0.418,0,90.92,15.64,1
SHP-101615,Montreal QC,Calgary AB,MapleFreight Fleet,Standard,General Freight,Silver,11,579.4,1415.0,3,0,8.48,56.0,2.4,8.1,Rain,70.8,0.446,0,150.1,7.73,0
SHP-104980,Winnipeg MB,Sudbury ON,NorthStar Carriers,standard,Bulk,Silver,5,278.7,750.5,2,0,4.71,67.0,6.7,7.1,Fog,70.9,0.384,4,220.7,5.43,1
SHP-103742,Winnipeg MB,Edmonton AB,MapleFreight Fleet,Standard,Refrigerated,Gold,6,388.7,2944.1,2,1,5.13,53.0,4.5,7.0,Snow,36.2,0.888,2,199.97,7.46,1
SHP-103705,Montreal QC,Montreal QC,Contract Owner-Op,Standard,Fragile,Silver,9,226.3,1676.4,3,0,4.33,2.0,6.6,1.8,Clear,59.1,0.544,4,133.25,4.14,0
SHP-101826,London ON,Montreal QC,MapleFreight Fleet,Express,Bulk,Bronze,1,1302.4,255.6,0,0,17.76,10.0,1.2,7.3,Clear,76.0,0.361,1,231.69,18.61,0
SHP-104353,Toronto ON,Montreal QC,MapleFreight Fleet,Standard,General Freight,Silver,12,825.8,362.1,3,0,13.84,-20.0,11.6,5.2,Snow,89.0,0.576,0,204.86,13.4,0
SHP-102943,Toronto ON,Regina SK,PrairieLine,Standard,Fragile,Silver,7,349.7,1274.1,4,0,8.36,14.0,5.4,3.4,Clear,83.4,0.492,1,259.51,8.55,0
SHP-101585,Mississauga ON,Montreal QC,PrairieLine,Express,Fragile,Silver,4,218.1,505.8,0,0,1.87,-20.0,10.3,3.3,Snow,61.0,0.0,1,116.22,1.95,0
SHP-104235,Toronto ON,Winnipeg MB,PrairieLine,Standard,Fragile,Bronze,6,1116.7,1142.5,0,1,15.49,33.0,5.3,2.5,Snow,47.3,0.269,1,192.21,23.55,1
SHP-102540,Toronto ON,Sudbury ON,NorthStar Carriers,Express,General Freight,Bronze,8,356.4,418.1,3,0,5.92,88.0,4.1,9.2,Clear,79.2,0.32,2,213.31,8.02,1
SHP-105668,Montreal QC,Regina SK,MapleFreight Fleet,Express,General Freight,Bronze,1,1027.2,625.7,0,0,14.16,0.0,18.9,7.8,Clear,62.9,0.602,2,232.13,12.47,0
SHP-103904,Montreal QC,Hamilton ON,Contract Owner-Op,Standard,General Freight,Silver,5,1384.0,1569.8,0,0,18.27,65.0,3.0,11.7,Rain,63.4,0.342,0,193.2,18.78,0
SHP-104675,Montreal QC,Quebec City QC,MapleFreight Fleet,Express,Refrigerated,Silver,8,617.4,885.6,1,0,7.62,-20.0,4.2,5.4,Snow,45.0,0.363,0,42.41,7.53,0
SHP-102755,Toronto ON,Sudbury ON,QuebecExpress,Express,Fragile,Bronze,12,107.8,589.0,4,0,3.76,-12.0,13.6,7.1,Clear,66.1,0.736,1,245.88,3.66,0
SHP-103762,Ottawa ON,Sudbury ON,NorthStar Carriers,Express,Fragile,Bronze,7,583.0,1085.6,2,0,8.68,-20.0,8.5,2.5,Clear,31.3,0.548,2,157.7,7.74,0
SHP-104303,Toronto ON,Toronto ON,MapleFreight Fleet,Standard,Bulk,Gold,2,848.8,1008.9,3,0,14.44,-10.0,5.1,6.1,Snow,40.3,0.454,0,202.63,13.97,0
SHP-103712,Mississauga ON,Sudbury ON,MapleFreight Fleet,Express,General Freight,Gold,8,1184.5,598.5,5,0,18.83,44.0,5.4,4.9,Clear,56.7,0.309,2,134.78,24.64,1
SHP-104945,Toronto ON,Toronto ON,MapleFreight Fleet,Economy,General Freight,Bronze,9,1092.4,613.8,2,0,17.63,13.0,4.5,4.4,Snow,48.1,0.285,0,208.83,17.34,0
SHP-101288,Ottawa ON,Ottawa ON,QuebecExpress,Standard,Refrigerated,Gold,3,279.5,1404.2,3,0,6.64,2.0,3.7,5.4,Snow,,0.468,1,62.89,6.77,0
SHP-100001,Ottawa ON,Calgary AB,MapleFreight Fleet,Standard,General Freight,Gold,2,402.0,490.4,0,0,7.3,12.0,9.6,2.3,Clear,61.8,0.366,1,242.27,7.53,0
SHP-103318,Toronto ON,Edmonton AB,QuebecExpress,Express,General Freight,Silver,8,793.2,1005.5,0,0,11.43,32.0,11.6,3.5,Rain,5.0,0.544,3,196.62,11.25,0
SHP-102010,Toronto ON,Regina SK,NorthStar Carriers,Economy,General Freight,Gold,12,536.7,955.1,0,0,7.87,46.0,5.1,0.4,Clear,60.7,0.119,2,96.6,7.39,0
SHP-101785,Calgary AB,Sudbury ON,Contract Owner-Op,Express,Refrigerated,Gold,7,633.4,1328.9,4,0,10.58,15.0,8.1,2.2,Clear,56.0,0.512,0,202.74,13.51,1
SHP-102298,Mississauga ON,Ottawa ON,NorthStar Carriers,Standard,General Freight,Silver,3,406.5,1537.1,0,0,7.01,46.0,3.4,5.6,Snow,56.2,0.662,2,122.46,6.56,0
SHP-103542,Montreal QC,Quebec City QC,MapleFreight Fleet,Express,General Freight,Silver,2,216.0,576.0,4,0,6.18,48.0,8.2,4.5,Clear,27.7,0.738,2,196.55,5.76,0
SHP-100890,Toronto ON,Ottawa ON,PrairieLine,Express,General Freight,Bronze,9,389.4,491.9,1,1,4.87,3.0,4.8,5.3,Storm,59.4,0.413,2,98.28,6.8,1
SHP-103181,Montreal QC,Montreal QC,MapleFreight Fleet,Express,General Freight,Bronze,3,863.9,748.1,0,0,13.14,71.0,5.1,4.3,Clear,74.9,0.345,1,95.7,12.78,0
SHP-103499,Calgary AB,Toronto ON,PrairieLine,Standard,Fragile,Silver,4,596.3,899.3,4,1,8.45,35.0,14.7,4.1,Clear,61.3,0.677,3,211.04,12.95,1
SHP-102754,Mississauga ON,Quebec City QC,QuebecExpress,Express,Fragile,Gold,1,792.9,578.5,4,0,12.92,24.0,2.3,2.6,Clear,57.3,0.762,0,252.04,12.24,0
SHP-100980,Ottawa ON,Quebec City QC,QuebecExpress,Standard,Fragile,Bronze,8,609.3,1371.2,3,0,10.66,40.0,6.7,2.5,Clear,72.1,0.393,3,102.01,13.67,1
SHP-102332,London ON,Montreal QC,NorthStar Carriers,Standard,General Freight,Silver,5,583.1,1068.2,0,0,6.79,-20.0,5.4,10.9,Snow,7.2,0.483,1,56.9,6.86,0
SHP-102362,Toronto ON,Edmonton AB,PrairieLine,Standard,General Freight,Gold,6,408.7,310.3,5,0,10.19,27.0,11.0,7.7,Snow,46.1,0.069,0,249.02,8.99,0
SHP-102645,Mississauga ON,Winnipeg MB,QuebecExpress,Standard,General Freight,Silver,10,527.1,1730.3,0,0,7.82,38.0,3.7,9.0,Clear,63.9,0.635,3,89.59,7.52,0
SHP-101764,Montreal QC,Hamilton ON,QuebecExpress,Standard,Hazardous,Bronze,11,960.7,1205.1,3,0,14.05,-19.0,10.1,2.3,Snow,41.9,0.373,3,247.32,14.02,0
SHP-104156,Montreal QC,Regina SK,QuebecExpress,Economy,General Freight,Silver,12,981.3,1372.7,1,0,14.21,19.0,7.0,5.7,Clear,51.6,0.935,1,231.62,13.88,0
SHP-104062,Toronto ON,Hamilton ON,QuebecExpress,Standard,Refrigerated,Gold,3,377.4,233.1,2,0,5.36,28.0,,2.6,Fog,26.7,0.33,4,140.28,4.92,0
SHP-105466,Ottawa ON,Winnipeg MB,MapleFreight Fleet,Standard,Refrigerated,Bronze,9,411.9,1400.9,0,0,5.51,33.0,5.0,1.8,Clear,57.8,0.527,0,181.29,4.96,0
SHP-104144,Toronto ON,Quebec City QC,PrairieLine,Standard,Bulk,Bronze,12,496.6,998.7,0,0,4.79,-5.0,5.6,4.0,Rain,75.9,0.714,2,189.83,4.8,0
SHP-100368,Winnipeg MB,Calgary AB,MapleFreight Fleet,Economy,General Freight,Bronze,2,669.4,2141.9,3,0,9.82,12.0,4.7,15.5,Snow,,0.415,2,194.52,14.21,1
SHP-102163,London ON,Sudbury ON,NorthStar Carriers,Standard,Fragile,Gold,7,2184.9,249.3,2,0,30.02,-3.0,6.6,2.5,Snow,35.0,0.366,1,154.3,26.66,0
SHP-103035,Montreal QC,Toronto ON,Contract Owner-Op,Economy,General Freight,Gold,3,307.2,212.9,0,0,5.29,27.0,11.1,11.2,Snow,45.2,0.777,2,247.97,8.15,1
SHP-103018,London ON,Quebec City QC,PrairieLine,Express,Refrigerated,Silver,6,628.5,1128.7,0,0,8.96,-13.0,4.7,3.0,Clear,84.0,0.318,2,98.36,8.22,0
SHP-105407,Toronto ON,Toronto ON,PrairieLine,Standard,General Freight,Silver,11,1209.1,989.2,3,0,17.92,23.0,6.5,12.2,Snow,53.5,0.547,1,166.31,22.07,1
SHP-102983,Toronto ON,Montreal QC,NorthStar Carriers,Standard,Hazardous,Gold,2,1294.8,565.1,2,0,20.93,52.0,3.3,6.3,Clear,47.4,0.605,1,124.54,19.21,0
SHP-105964,Ottawa ON,Calgary AB,MapleFreight Fleet,Standard,General Freight,Silver,11,917.9,1527.7,4,0,15.02,-12.0,6.1,6.0,Clear,38.0,0.426,2,,14.27,0
SHP-104855,Mississauga ON,Winnipeg MB,NorthStar Carriers,Economy,Hazardous,Silver,6,1023.8,578.1,1,0,15.17,16.0,10.1,5.1,Clear,43.6,0.723,1,162.16,14.28,0
SHP-100979,Mississauga ON,Montreal QC,MapleFreight Fleet,Standard,Refrigerated,Gold,1,1011.3,844.7,4,0,16.86,11.0,10.7,5.0,Clear,33.6,0.563,0,184.45,14.99,0
SHP-104349,Toronto ON,Sudbury ON,MapleFreight Fleet,Standard,General Freight,Silver,12,319.9,552.3,2,0,7.44,15.0,1.7,5.0,Clear,61.8,0.535,2,183.79,6.92,0
SHP-103751,Montreal QC,Ottawa ON,NorthStar Carriers,Economy,Refrigerated,Bronze,2,558.8,1056.8,1,0,6.63,-20.0,7.7,5.7,Fog,63.0,0.628,2,230.87,10.44,1
SHP-104188,Montreal QC,Regina SK,MapleFreight Fleet,Economy,General Freight,Silver,3,455.5,615.2,1,0,8.39,19.0,6.3,3.1,Clear,73.3,0.263,4,245.18,7.43,0
SHP-104818,London ON,Montreal QC,MapleFreight Fleet,Standard,General Freight,Gold,10,480.2,585.6,4,0,11.82,127.0,,6.3,Clear,79.1,0.489,2,227.73,13.84,1
SHP-105625,Montreal QC,Ottawa ON,NorthStar Carriers,Standard,Fragile,Gold,9,560.7,867.4,1,0,6.09,37.0,3.2,5.7,Clear,57.3,0.566,2,117.55,6.42,0
SHP-101266,Toronto ON,Edmonton AB,NorthStar Carriers,Standard,Bulk,Silver,4,427.7,1477.0,5,0,7.21,-17.0,4.9,7.1,Storm,75.7,0.0,2,156.01,8.87,1
SHP-102783,Montreal QC,Edmonton AB,MapleFreight Fleet,Economy,General Freight,Silver,1,694.5,412.7,2,1,12.19,61.0,7.7,0.9,Rain,58.0,0.649,0,239.27,12.44,0
SHP-102860,Montreal QC,Ottawa ON,MapleFreight Fleet,Express,Refrigerated,Silver,12,723.0,2298.9,5,0,12.37,30.0,1.0,5.2,Clear,33.0,0.649,3,264.21,11.44,0
SHP-101750,Mississauga ON,Montreal QC,MapleFreight Fleet,Economy,General Freight,Silver,8,823.7,719700.0,4,0,15.04,25.0,3.2,3.4,Clear,85.3,0.306,1,131.36,14.97,0
SHP-104556,Montreal QC,Toronto ON,QuebecExpress,Economy,General Freight,Gold,3,422.8,251.3,2,0,9.14,-20.0,2.2,3.0,Rain,29.1,0.949,1,246.57,9.19,0
SHP-104727,Mississauga ON,Edmonton AB,PrairieLine,Standard,Fragile,Gold,2,899.9,1077.9,3,0,13.5,43.0,8.7,0.8,Rain,79.4,0.871,2,188.4,17.44,1
SHP-103533,Montreal QC,Toronto ON,PrairieLine,Express,Bulk,Silver,9,673.2,1218.2,2,0,11.4,-7.0,9.4,1.6,Rain,64.2,0.521,4,130.31,10.43,0
SHP-100850,Toronto ON,Calgary AB,MapleFreight Fleet,Express,Refrigerated,Bronze,2,282.5,533.6,3,0,5.33,-2.0,10.3,19.1,Clear,82.3,0.435,1,145.48,5.36,0
SHP-104480,Ottawa ON,Ottawa ON,MapleFreight Fleet,Express,Fragile,Bronze,3,919.2,1632.4,3,0,16.28,-18.0,1.1,1.9,Snow,60.0,0.24,1,203.01,15.23,0
SHP-102066,Montreal QC,Sudbury ON,MapleFreight Fleet,standard,Bulk,Silver,4,1157.7,1855.3,5,0,19.52,10.0,,5.8,Rain,30.5,0.607,0,266.31,27.87,1
SHP-105052,Toronto ON,Toronto ON,MapleFreight Fleet,Economy,Hazardous,Silver,11,353.2,503.0,1,0,3.44,86.0,8.3,2.5,Fog,42.3,0.254,4,,3.2,0
SHP-105163,Toronto ON,Winnipeg MB,MapleFreight Fleet,Economy,General Freight,Silver,10,1284.3,2703.8,0,0,16.28,0.0,10.0,2.7,Clear,22.9,0.593,2,253.04,16.01,0
SHP-101210,London ON,Winnipeg MB,Contract Owner-Op,Express,General Freight,Bronze,1,631.0,489.7,3,0,9.44,3.0,5.5,6.4,Clear,63.9,0.05,5,271.17,8.6,0
SHP-100115,Toronto ON,Winnipeg MB,MapleFreight Fleet,Economy,General Freight,Silver,2,206.2,908.1,5,0,5.3,17.0,10.0,2.1,Clear,54.8,0.402,2,201.6,5.41,0
SHP-104590,Mississauga ON,Sudbury ON,MapleFreight Fleet,Express,General Freight,Silver,11,1089.5,906.6,1,0,15.92,-20.0,1.1,2.5,Snow,27.8,0.644,1,30.0,14.89,0
SHP-104608,Mississauga ON,Toronto ON,MapleFreight Fleet,Standard,Bulk,Gold,1,735.5,420.5,2,0,13.19,17.0,0.2,3.9,Fog,87.5,0.363,0,241.29,12.13,0
SHP-102979,Toronto ON,Edmonton AB,QuebecExpress,Standard,General Freight,Silver,10,393.2,532.6,4,0,8.45,22.0,6.0,6.8,Clear,42.0,0.599,1,200.8,7.59,0
SHP-104682,Mississauga ON,Sudbury ON,PrairieLine,Standard,General Freight,Gold,9,709.6,356.8,3,0,10.44,-20.0,9.3,11.4,Clear,34.9,0.175,0,152.28,9.68,0
SHP-100819,Mississauga ON,Calgary AB,NorthStar Carriers,Express,Fragile,Gold,6,699.9,1146.1,4,0,11.95,-10.0,5.5,3.7,Storm,74.0,0.423,1,,11.98,0
SHP-100788,Toronto ON,Quebec City QC,MapleFreight Fleet,Standard,Refrigerated,Silver,10,288.9,803.7,2,0,5.93,35.0,0.9,6.5,Snow,52.0,0.415,1,274.07,6.1,0
SHP-102604,London ON,Calgary AB,MapleFreight Fleet,Express,Bulk,Bronze,2,760.2,342.2,1,0,12.88,13.0,7.2,1.7,Snow,82.3,0.56,1,132.57,13.07,0
SHP-103225,Ottawa ON,Montreal QC,MapleFreight Fleet,Express,Refrigerated,Bronze,9,877.8,1582.5,3,0,14.65,25.0,9.0,1.4,Rain,70.0,0.499,1,171.1,15.13,0
SHP-101057,Montreal QC,Hamilton ON,MapleFreight Fleet,Economy,General Freight,Gold,6,298.3,350.1,4,0,6.39,32.0,0.4,6.0,Rain,65.9,0.167,2,103.71,6.63,0
SHP-104112,Winnipeg MB,Calgary AB,MapleFreight Fleet,Standard,General Freight,Bronze,6,619.3,675.0,2,0,8.5,66.0,11.3,4.8,Snow,45.2,0.422,1,165.5,8.11,0
SHP-104532,Montreal QC,Winnipeg MB,NorthStar Carriers,Standard,Bulk,Silver,4,790.4,560.8,2,0,15.07,-20.0,18.5,2.8,Clear,67.3,0.555,0,163.34,13.39,0
SHP-102547,Calgary AB,Edmonton AB,NorthStar Carriers,Express,Hazardous,Bronze,6,110.4,1466.2,1,0,3.43,16.0,,2.3,Fog,55.6,0.457,1,190.97,3.04,0
SHP-102668,Calgary AB,Calgary AB,MapleFreight Fleet,Standard,General Freight,Gold,9,450.8,1078.5,3,0,9.96,46.0,5.1,13.8,Storm,46.3,0.485,3,175.29,14.94,1
SHP-103578,Ottawa ON,Hamilton ON,MapleFreight Fleet,Standard,General Freight,Silver,12,773.0,553.5,0,0,10.57,17.0,10.1,2.9,Rain,53.5,0.661,0,181.01,9.45,0
SHP-104051,Toronto ON,Winnipeg MB,QuebecExpress,Economy,General Freight,Silver,4,332.4,377.3,5,0,11.11,35.0,10.0,7.4,Fog,45.0,0.201,4,130.59,10.52,0
SHP-101428,Montreal QC,Hamilton ON,MapleFreight Fleet,Standard,Fragile,Silver,1,387.9,2336.1,1,1,5.8,-1.0,13.9,5.8,Clear,71.1,0.514,1,142.08,5.4,0
SHP-103732,Toronto ON,Quebec City QC,NorthStar Carriers,Standard,General Freight,Silver,7,806.5,949.3,0,0,11.6,37.0,6.4,5.5,Fog,68.8,0.447,0,55.49,10.68,0
SHP-104547,Mississauga ON,Regina SK,MapleFreight Fleet,Standard,Fragile,Silver,5,327.2,1278.4,4,1,6.54,-20.0,6.3,3.7,Fog,56.3,0.616,2,291.42,6.82,0
SHP-103919,Toronto ON,Regina SK,QuebecExpress,Economy,General Freight,Silver,10,398.4,326.7,2,0,6.12,16.0,6.7,5.4,Fog,51.0,0.859,1,239.47,5.48,0
SHP-105346,Calgary AB,Hamilton ON,MapleFreight Fleet,Standard,General Freight,Gold,9,314.6,609.2,1,0,4.64,-4.0,11.3,1.7,Rain,61.6,0.497,0,188.99,4.78,0
SHP-105293,Toronto ON,Regina SK,PrairieLine,Standard,Bulk,Silver,2,255.1,891.0,4,0,6.37,27.0,2.6,20.0,Rain,80.1,0.555,3,235.1,7.44,1
SHP-103030,Montreal QC,Calgary AB,MapleFreight Fleet,Standard,General Freight,Silver,9,229.1,704.8,4,0,3.83,14.0,3.8,3.2,Clear,76.6,0.552,1,39.7,3.6,0
SHP-100242,Toronto ON,Calgary AB,MapleFreight Fleet,Standard,General Freight,Bronze,4,609.3,104.9,1,0,10.06,-20.0,11.0,7.4,Rain,44.2,0.616,1,145.03,10.47,0
SHP-100530,Mississauga ON,Ottawa ON,Contract Owner-Op,Standard,General Freight,Silver,2,543.4,1942.6,5,0,12.86,27.0,13.6,6.8,Rain,61.6,0.474,0,,11.99,0
SHP-104440,Mississauga ON,Calgary AB,QuebecExpress,Standard,Fragile,Silver,5,728.6,1556.7,5,1,14.5,11.0,2.0,3.3,Clear,38.6,0.487,2,127.84,13.24,0
SHP-101181,Montreal QC,Ottawa ON,MapleFreight Fleet,Standard,Fragile,Bronze,6,374.7,1600.7,4,0,7.6,32.0,4.2,3.0,Clear,77.0,0.783,0,110.01,6.88,0
SHP-101443,London ON,Winnipeg MB,NorthStar Carriers,Economy,General Freight,Bronze,6,645.0,1370.1,0,0,10.62,-6.0,10.0,5.8,Rain,49.8,0.533,2,210.35,9.49,0
SHP-101773,London ON,Quebec City QC,MapleFreight Fleet,Standard,General Freight,Gold,8,690.9,372.9,5,0,12.97,28.0,6.0,3.6,Rain,39.8,0.671,1,112.42,20.15,1
SHP-105945,Ottawa ON,Toronto ON,NorthStar Carriers,Standard,General Freight,Bronze,7,1320.4,560.1,0,0,18.58,7.0,1.9,5.6,Clear,54.2,0.548,0,155.48,17.02,0
SHP-103619,Mississauga ON,Toronto ON,NorthStar Carriers,Express,General Freight,Bronze,7,426.2,757.4,1,0,5.96,-4.0,3.6,2.5,Clear,,0.33,3,136.1,5.91,0
SHP-100507,Mississauga ON,Hamilton ON,NorthStar Carriers,Standard,Fragile,Gold,6,278.7,525.1,3,0,7.71,2.0,5.2,5.3,Rain,44.4,0.782,1,153.96,7.35,0
SHP-104237,Montreal QC,Toronto ON,MapleFreight Fleet,Economy,General Freight,Gold,8,660.0,997.0,3,1,13.36,47.0,1.9,2.8,Clear,39.0,0.236,4,192.98,14.15,0
SHP-101580,London ON,Ottawa ON,MapleFreight Fleet,Standard,General Freight,Silver,11,698.6,1182.8,3,0,10.68,64.0,,6.8,Clear,90.8,0.418,2,218.74,16.25,1
SHP-103958,Montreal QC,Regina SK,MapleFreight Fleet,Standard,Bulk,Silver,9,416.5,951.9,0,0,7.09,62.0,10.3,4.6,Rain,36.7,0.37,0,185.21,6.49,0
SHP-104161,Toronto ON,Toronto ON,NorthStar Carriers,Economy,Fragile,Bronze,10,768.7,658.1,5,0,12.53,-8.0,2.7,4.4,Snow,43.9,0.696,2,189.69,17.59,1
SHP-102059,Toronto ON,Sudbury ON,PrairieLine,Standard,General Freight,Silver,12,263.3,1322.5,1,0,3.88,3.0,10.0,2.4,Clear,65.6,0.575,2,226.74,3.61,0
SHP-101752,London ON,Sudbury ON,MapleFreight Fleet,Economy,General Freight,Bronze,7,464.1,1103.0,5,1,9.88,12.0,10.9,6.2,Clear,55.8,0.498,1,195.36,11.72,1
SHP-102006,Montreal QC,Regina SK,MapleFreight Fleet,Express,General Freight,Silver,10,576.7,1035.5,4,0,12.74,-20.0,7.1,8.4,Snow,48.7,0.575,0,316.58,11.86,0
SHP-105744,Toronto ON,Quebec City QC,QuebecExpress,Economy,Bulk,Gold,4,1011.5,922.0,1,0,12.66,22.0,5.2,3.0,Rain,64.9,0.246,0,264.99,17.13,1
SHP-103710,Mississauga ON,Ottawa ON,QuebecExpress,Standard,Refrigerated,Silver,12,1271.5,1628.8,3,0,19.62,0.0,2.3,1.8,Fog,43.5,0.268,1,236.32,20.25,0
SHP-103251,London ON,Winnipeg MB,PrairieLine,Express,General Freight,Gold,11,181.3,725.9,1,0,4.92,20.0,3.5,4.4,Clear,49.9,0.227,1,186.44,4.45,0
SHP-102301,London ON,Ottawa ON,MapleFreight Fleet,Standard,Bulk,Silver,9,272.7,1106.9,1,0,1.4,30.0,14.4,8.8,Rain,60.4,0.804,1,125.95,1.45,0
SHP-101630,Toronto ON,Regina SK,Contract Owner-Op,Standard,Refrigerated,Gold,9,895.1,375.1,5,0,16.26,-20.0,5.4,2.5,Snow,35.5,0.0,2,266.25,16.09,0
SHP-104700,Toronto ON,Quebec City QC,NorthStar Carriers,Standard,Fragile,Bronze,10,323.9,672.3,5,0,8.65,59.0,9.8,5.3,Snow,59.4,0.359,2,103.04,11.31,1
SHP-100806,Calgary AB,Edmonton AB,NorthStar Carriers,Standard,General Freight,Bronze,9,419.2,584.7,0,1,4.93,19.0,13.4,2.6,Rain,75.6,0.282,1,254.6,5.05,0
SHP-104041,Montreal QC,Regina SK,NorthStar Carriers,Standard,Fragile,Bronze,10,490.0,721.6,1,1,5.15,30.0,1.8,6.6,Rain,71.8,0.512,0,135.41,8.02,1
SHP-101125,Calgary AB,Toronto ON,QuebecExpress,Standard,Fragile,Bronze,2,205.1,213.9,4,0,5.37,24.0,9.1,1.0,Clear,25.3,0.403,2,228.66,4.86,0
SHP-105288,Calgary AB,Edmonton AB,MapleFreight Fleet,Express,Bulk,Bronze,8,802.8,920.5,3,0,13.96,7.0,6.3,4.0,Clear,35.5,1.0,0,,13.36,0
SHP-103650,Winnipeg MB,Toronto ON,PrairieLine,Standard,Fragile,Gold,7,1213.0,525.7,5,0,19.82,21.0,7.4,4.9,Rain,55.1,0.552,2,,26.49,1
SHP-100315,Mississauga ON,Winnipeg MB,NorthStar Carriers,Standard,Refrigerated,Silver,2,576.1,1998.1,1,0,8.44,-16.0,4.9,10.5,,61.9,0.364,0,189.91,8.33,0
SHP-101778,Mississauga ON,Toronto ON,Contract Owner-Op,Standard,Bulk,Silver,3,186.3,635.7,2,0,5.68,8.0,3.0,3.3,Storm,29.6,0.421,1,197.31,5.81,0
SHP-103945,Ottawa ON,Calgary AB,NorthStar Carriers,Standard,General Freight,Bronze,10,624.2,1195.5,3,0,11.5,32.0,12.1,3.0,Rain,48.5,0.562,4,225.89,11.5,0
SHP-102567,Calgary AB,Quebec City QC,QuebecExpress,Standard,Refrigerated,Silver,10,611.1,1261.2,0,0,7.75,72.0,4.3,10.8,Snow,73.5,0.664,1,236.79,10.76,1
SHP-102514,Montreal QC,Toronto ON,PrairieLine,Standard,General Freight,Silver,2,448.5,304.3,5,0,10.19,2.0,6.0,4.9,,61.4,0.818,1,165.59,12.49,1
SHP-100932,Mississauga ON,Hamilton ON,MapleFreight Fleet,Economy,Bulk,Bronze,7,490.4,647.7,2,1,8.07,3.0,12.7,4.6,Clear,66.5,0.641,2,,7.95,0
SHP-105060,Mississauga ON,Quebec City QC,PrairieLine,Standard,General Freight,Silver,1,1009.9,420.7,0,0,11.61,21.0,3.2,7.2,Clear,45.6,0.903,1,235.04,11.1,0
SHP-101686,Montreal QC,Winnipeg MB,MapleFreight Fleet,Standard,Bulk,Gold,2,1448.4,527.5,3,0,21.34,-20.0,8.6,3.4,Clear,95.6,0.442,1,124.1,27.58,1
SHP-104079,Calgary AB,Regina SK,MapleFreight Fleet,Standard,Fragile,Gold,2,1032.0,1120.9,3,0,15.26,111.0,15.3,3.8,Fog,49.1,0.435,1,98.43,13.85,0
SHP-102891,Mississauga ON,Sudbury ON,QuebecExpress,Standard,General Freight,Bronze,3,1863.0,401.4,4,0,29.71,10.0,6.3,4.5,Rain,68.3,0.531,1,96.98,40.06,1
SHP-103717,Montreal QC,Quebec City QC,PrairieLine,Standard,Bulk,Silver,1,629.5,897.3,3,0,13.06,74.0,23.6,4.9,Clear,39.3,0.231,1,184.35,12.17,0
SHP-103519,Mississauga ON,Toronto ON,PrairieLine,Economy,General Freight,Bronze,3,655.1,1274.3,2,1,11.83,-1.0,2.7,4.0,Clear,40.7,0.873,2,147.53,16.84,1
SHP-104464,Mississauga ON,Regina SK,NorthStar Carriers,Standard,Fragile,Silver,4,543.5,595.3,1,1,9.28,26.0,11.5,2.5,Clear,47.6,0.38,1,178.99,14.22,1
SHP-100363,Mississauga ON,Edmonton AB,Contract Owner-Op,Express,Refrigerated,Silver,7,815.7,1283.6,1,0,11.81,8.0,5.8,2.3,Clear,65.3,0.346,1,295.56,11.11,0
SHP-103733,Toronto ON,Toronto ON,MapleFreight Fleet,economy,General Freight,Bronze,3,797.9,2303.4,0,1,11.24,73.0,10.7,1.9,Fog,50.1,0.654,1,259.6,11.91,0
SHP-100631,Montreal QC,Edmonton AB,PrairieLine,Standard,Fragile,Silver,11,1520.0,556.1,1,0,23.19,11.0,,5.7,Rain,29.2,0.52,2,,31.8,1
SHP-104187,Toronto ON,Regina SK,PrairieLine,Economy,General Freight,Gold,1,632.9,828.8,2,0,10.19,-3.0,4.4,3.2,Rain,26.0,0.423,1,300.18,9.15,0
SHP-101789,Mississauga ON,Montreal QC,NorthStar Carriers,Express,General Freight,Gold,7,363.0,1534.0,5,0,6.51,-20.0,6.3,3.8,Fog,29.8,0.477,1,90.03,6.11,0
SHP-102370,Winnipeg MB,Calgary AB,NorthStar Carriers,Standard,General Freight,Silver,3,425.1,609.8,3,0,8.15,30.0,7.7,3.4,Clear,45.1,0.705,2,221.66,7.84,0
SHP-102234,Toronto ON,Quebec City QC,MapleFreight Fleet,Standard,General Freight,Bronze,6,257.1,360.6,3,0,7.08,39.0,,9.8,Clear,61.0,0.546,1,195.95,7.47,0
SHP-105774,Calgary AB,Montreal QC,PrairieLine,Express,Fragile,Bronze,4,513.9,1024.3,3,0,8.16,97.0,5.0,4.5,Clear,58.4,0.313,1,153.25,7.21,0
SHP-103205,Toronto ON,Winnipeg MB,MapleFreight Fleet,Standard,General Freight,Silver,11,534.6,486.2,1,0,9.06,58.0,4.4,5.4,Fog,40.9,0.334,2,182.48,8.77,0
SHP-102917,Montreal QC,Hamilton ON,Contract Owner-Op,Standard,General Freight,Silver,7,1027.7,746.1,2,0,15.33,108.0,2.4,8.9,Clear,81.4,0.13,1,245.81,23.25,1
SHP-105751,Toronto ON,Montreal QC,NorthStar Carriers,Standard,Fragile,Silver,12,380.6,359.8,2,1,5.68,54.0,7.1,0.8,Clear,46.1,0.289,2,284.94,5.24,0
SHP-102805,Toronto ON,Quebec City QC,MapleFreight Fleet,Express,General Freight,Bronze,1,850.4,469.0,1,0,11.99,-17.0,2.4,7.9,Clear,89.0,0.187,3,300.36,12.7,0
SHP-103872,Montreal QC,Regina SK,MapleFreight Fleet,Standard,Hazardous,Silver,11,1090.6,925.3,1,0,15.69,74.0,2.9,4.0,Clear,46.7,0.423,1,85.08,15.78,0
SHP-103959,London ON,Edmonton AB,MapleFreight Fleet,Standard,General Freight,Gold,1,535.5,775.9,0,0,9.48,28.0,3.7,0.8,Rain,62.4,0.51,0,215.1,9.75,0
SHP-100120,Calgary AB,Calgary AB,NorthStar Carriers,Economy,General Freight,Bronze,6,657.3,421.4,2,0,10.79,97.0,3.9,7.6,Snow,65.4,0.668,3,191.72,13.9,1
SHP-101960,Montreal QC,Toronto ON,NorthStar Carriers,express,General Freight,Silver,6,769.6,427.9,4,0,13.6,-3.0,7.8,16.3,Snow,49.7,0.451,0,185.22,20.84,1
SHP-101063,London ON,Sudbury ON,PrairieLine,Standard,General Freight,Silver,4,293.3,2418.1,3,0,6.81,12.0,2.1,5.4,Clear,31.2,0.344,0,255.01,6.76,0
SHP-100841,Toronto ON,Winnipeg MB,Contract Owner-Op,Standard,General Freight,Silver,1,516.6,321.9,4,0,10.69,23.0,6.8,4.8,Rain,70.4,0.35,2,172.84,10.21,0
SHP-100494,Montreal QC,Sudbury ON,PrairieLine,Economy,General Freight,Silver,8,482.7,537.5,1,0,6.29,9.0,12.3,5.2,Storm,63.6,0.434,2,172.66,6.32,0
SHP-100444,Calgary AB,Calgary AB,PrairieLine,Economy,Fragile,Gold,8,626.9,1351.6,5,1,14.0,-3.0,5.7,8.4,Clear,72.6,0.264,0,139.07,13.61,0
SHP-101843,Mississauga ON,Montreal QC,MapleFreight Fleet,Standard,Refrigerated,Bronze,1,913.8,2263.8,4,0,14.91,112.0,5.2,11.7,Clear,47.5,0.61,2,108.01,20.65,1
SHP-103157,Mississauga ON,Regina SK,PrairieLine,Standard,General Freight,Bronze,2,677.4,742.8,4,0,12.92,66.0,,9.2,,78.7,0.475,2,,19.05,1
SHP-104321,Calgary AB,Quebec City QC,PrairieLine,Standard,Refrigerated,Bronze,3,495.9,1160.0,5,1,9.89,13.0,3.5,4.9,Snow,50.4,0.566,1,196.67,9.02,0
SHP-100020,London ON,Quebec City QC,QuebecExpress,Standard,Bulk,Bronze,8,446.1,597.0,1,0,8.46,47.0,20.6,5.2,Clear,50.5,0.405,2,100.76,8.63,0
SHP-100419,Ottawa ON,Ottawa ON,MapleFreight Fleet,Economy,Bulk,Silver,7,542.6,566.3,0,0,9.41,35.0,13.8,7.5,Clear,43.3,0.311,1,164.61,9.85,0
SHP-103946,Ottawa ON,Hamilton ON,QuebecExpress,Standard,General Freight,Silver,6,281.1,1743.0,5,0,7.41,-20.0,18.2,8.8,Clear,43.2,0.114,2,,6.77,0
SHP-100992,Toronto ON,Hamilton ON,Contract Owner-Op,Standard,Fragile,Silver,12,830.9,1675.2,2,0,11.37,90.0,5.6,5.9,Rain,33.1,0.328,1,82.68,11.53,0
SHP-100386,Montreal QC,Montreal QC,MapleFreight Fleet,Standard,General Freight,Bronze,12,894.8,2108.4,0,0,13.45,26.0,4.3,0.9,Rain,33.1,0.636,1,48.86,14.07,0
SHP-100930,Calgary AB,Sudbury ON,MapleFreight Fleet,Economy,General Freight,Silver,2,554.2,3401.2,0,0,10.44,-20.0,18.8,1.5,Clear,72.5,0.006,1,178.61,10.86,0
SHP-100265,Toronto ON,Regina SK,PrairieLine,Standard,General Freight,Silver,2,282.7,298.4,5,0,7.25,-14.0,12.3,10.0,Clear,66.4,0.397,0,233.35,7.25,0
SHP-101453,Toronto ON,Winnipeg MB,QuebecExpress,Standard,Hazardous,Silver,1,1052.1,611.5,3,0,15.88,20.0,5.9,4.2,Rain,64.1,0.59,1,209.03,24.43,1
SHP-104257,Mississauga ON,Hamilton ON,NorthStar Carriers,Express,Bulk,Silver,10,543.2,2535.5,0,0,6.92,20.0,3.8,4.9,Clear,46.1,0.343,1,70.24,7.3,0
SHP-102159,Calgary AB,Edmonton AB,MapleFreight Fleet,Standard,Bulk,Silver,2,283.8,879.1,0,0,2.73,36.0,4.2,8.5,Clear,29.6,0.774,1,,2.87,0
SHP-104400,Calgary AB,Hamilton ON,Contract Owner-Op,Express,Fragile,Silver,7,544.0,1028.2,4,0,11.03,22.0,2.6,8.1,Rain,51.9,0.452,1,,11.22,0
SHP-103211,Calgary AB,Ottawa ON,PrairieLine,Express,Refrigerated,Gold,1,729.3,1088.5,4,0,13.17,-20.0,7.8,5.7,Clear,48.2,0.716,2,159.03,12.89,0
SHP-104606,Ottawa ON,Ottawa ON,Contract Owner-Op,Express,General Freight,Silver,12,719.3,627.0,0,0,9.0,41.0,4.7,6.0,Rain,65.5,0.82,0,133.27,10.44,1
SHP-105164,Toronto ON,Regina SK,NorthStar Carriers,Standard,General Freight,Bronze,11,616.5,184.9,0,0,7.54,-10.0,3.9,10.6,Clear,23.2,0.176,1,71.54,7.47,0
SHP-105394,Montreal QC,Hamilton ON,QuebecExpress,Standard,Fragile,Silver,7,176.5,997.6,0,0,2.19,19.0,5.9,2.2,Clear,,0.36,2,161.48,2.23,0
SHP-105564,Montreal QC,Ottawa ON,MapleFreight Fleet,Standard,Fragile,Bronze,11,565.0,877.6,1,0,8.44,36.0,6.8,2.2,Clear,69.4,0.197,0,138.27,8.45,0
SHP-100935,Toronto ON,Edmonton AB,MapleFreight Fleet,Standard,Fragile,Gold,12,740.2,1322.0,3,0,12.97,-1.0,4.3,5.3,Snow,64.1,0.479,1,79.62,18.3,1
SHP-104982,Mississauga ON,Ottawa ON,MapleFreight Fleet,Economy,Hazardous,Bronze,7,1334.6,619.6,0,0,20.05,-20.0,3.1,1.7,Clear,38.0,0.554,1,253.94,19.51,0
SHP-104137,Ottawa ON,Hamilton ON,NorthStar Carriers,Economy,General Freight,Bronze,2,279.5,1267.1,3,0,6.19,-20.0,4.6,5.1,Fog,42.5,0.636,0,168.4,7.64,1
SHP-100276,Ottawa ON,Winnipeg MB,QuebecExpress,Standard,General Freight,Silver,11,578.4,1004.1,5,0,11.54,42.0,7.3,7.1,Clear,47.4,0.361,0,183.85,10.71,0
SHP-105967,London ON,Hamilton ON,MapleFreight Fleet,Standard,Fragile,Silver,3,699.7,576.3,3,0,11.45,9.0,9.4,1.5,Clear,21.6,0.485,5,176.03,10.86,0
SHP-105793,Montreal QC,Regina SK,MapleFreight Fleet,Express,General Freight,Bronze,4,1094.7,528.1,2,0,17.06,35.0,4.6,8.5,Clear,42.3,0.797,1,84.12,17.09,0
SHP-103401,Calgary AB,Calgary AB,QuebecExpress,Economy,Refrigerated,Bronze,1,355.8,976.5,2,0,5.98,-17.0,5.7,20.0,Rain,44.8,0.209,2,,5.34,0
SHP-105586,Montreal QC,Montreal QC,QuebecExpress,Standard,Fragile,Silver,6,610.7,1769.6,1,0,10.13,56.0,4.1,4.6,Snow,73.4,0.419,4,146.25,13.0,1
SHP-105252,Toronto ON,Edmonton AB,MapleFreight Fleet,Standard,General Freight,Gold,2,482.0,262.4,2,0,6.41,-4.0,1.2,4.4,Snow,56.8,0.215,1,210.02,6.18,0
SHP-101724,Toronto ON,Hamilton ON,MapleFreight Fleet,Standard,Hazardous,Bronze,4,955.8,2377.4,3,0,16.97,7.0,,2.4,Rain,55.1,0.173,2,189.86,15.35,0
SHP-104324,Montreal QC,Edmonton AB,MapleFreight Fleet,Express,General Freight,Bronze,10,289.7,961.9,2,0,5.96,77.0,4.9,6.5,Snow,40.0,0.682,2,142.92,6.17,0
SHP-105814,Montreal QC,Montreal QC,QuebecExpress,Economy,General Freight,Silver,5,612.5,1070.5,5,0,11.38,22.0,11.2,9.3,,33.9,0.437,4,162.34,11.5,0
SHP-100134,Mississauga ON,Calgary AB,MapleFreight Fleet,Standard,General Freight,Bronze,7,1856.0,985.8,4,0,29.65,43.0,3.8,11.1,Clear,65.7,0.728,3,125.68,45.33,1
SHP-101760,Toronto ON,Toronto ON,MapleFreight Fleet,Economy,Fragile,Bronze,2,690.1,1450.8,5,0,9.16,2.0,3.4,6.9,Storm,63.6,0.439,0,195.89,10.69,1
SHP-101308,Winnipeg MB,Winnipeg MB,MapleFreight Fleet,Standard,General Freight,Silver,5,802.0,779.6,5,0,14.69,1.0,1.3,4.6,Clear,47.5,0.542,1,95.01,15.52,0
SHP-100497,Calgary AB,Winnipeg MB,MapleFreight Fleet,Economy,Refrigerated,Bronze,2,666.1,623.5,2,0,10.72,20.0,,1.4,Clear,30.7,0.478,2,102.38,9.64,0
SHP-105057,Toronto ON,Regina SK,MapleFreight Fleet,Standard,General Freight,Silver,1,419.2,561.2,3,0,6.98,-20.0,6.5,6.8,Rain,63.1,0.134,2,245.04,7.22,0
SHP-100336,Toronto ON,Regina SK,QuebecExpress,Express,Hazardous,Bronze,7,1378.0,765.1,2,0,20.76,-13.0,10.7,4.0,Clear,50.8,0.474,0,171.39,19.78,0
SHP-103336,Montreal QC,Regina SK,QuebecExpress,Standard,Hazardous,Silver,8,1176.4,1777.2,0,0,13.5,17.0,7.0,2.7,Snow,68.6,0.271,1,118.15,12.39,0
SHP-103215,Ottawa ON,Toronto ON,MapleFreight Fleet,Express,Fragile,Silver,5,803.8,1615.8,5,0,15.67,41.0,4.2,4.5,Clear,66.5,0.862,2,171.58,16.01,0
SHP-105366,Mississauga ON,Edmonton AB,MapleFreight Fleet,Standard,Hazardous,Bronze,2,686.5,2557.6,1,0,11.31,26.0,2.8,3.8,Clear,59.6,0.828,1,234.39,10.81,0
SHP-104909,Toronto ON,Edmonton AB,PrairieLine,Standard,Fragile,Bronze,9,434.6,753.2,3,0,5.86,-3.0,23.0,10.0,Clear,47.4,0.16,2,170.16,5.18,0
SHP-105148,Winnipeg MB,Edmonton AB,MapleFreight Fleet,Economy,Bulk,Bronze,8,245.5,770.8,4,0,7.05,1.0,5.6,0.6,Snow,85.3,0.237,1,167.63,7.08,0
SHP-100442,Toronto ON,Regina SK,NorthStar Carriers,Economy,General Freight,Bronze,4,255.0,817.2,4,0,7.37,17.0,14.5,6.1,Rain,56.6,0.073,0,232.79,6.79,0
SHP-105259,London ON,Sudbury ON,NorthStar Carriers,Express,Fragile,Silver,6,261.4,1334.5,0,1,4.07,36.0,8.7,1.5,Clear,56.9,0.498,0,205.35,3.67,0
SHP-105484,Toronto ON,Winnipeg MB,NorthStar Carriers,Standard,Bulk,Silver,4,654.6,549.3,0,0,8.31,18.0,15.1,2.8,Fog,62.9,0.705,1,98.78,7.53,0
SHP-103162,Toronto ON,Ottawa ON,QuebecExpress,Standard,Fragile,Bronze,12,507.8,569.9,3,0,11.08,1.0,2.1,2.9,Rain,61.2,0.757,1,163.27,10.37,0
SHP-103996,Toronto ON,Montreal QC,Contract Owner-Op,Express,Hazardous,Silver,4,771.3,1081.0,0,0,12.05,28.0,9.0,2.6,Clear,60.5,0.191,1,285.23,11.81,0
SHP-103096,Calgary AB,Winnipeg MB,QuebecExpress,Standard,Fragile,Gold,9,1064.0,2755.6,5,0,18.37,29.0,1.5,2.6,Snow,46.7,0.666,2,163.63,22.2,1
SHP-103152,Ottawa ON,Calgary AB,MapleFreight Fleet,Standard,Hazardous,Bronze,1,549.7,1434.5,3,0,8.7,-20.0,9.4,4.7,Rain,52.9,0.299,3,124.77,8.62,0
SHP-103777,Calgary AB,Sudbury ON,MapleFreight Fleet,Economy,General Freight,Gold,2,508.4,1016.1,0,0,6.39,29.0,2.4,3.2,Clear,35.3,0.577,1,130.22,6.37,0
SHP-104339,Toronto ON,Ottawa ON,MapleFreight Fleet,Economy,Bulk,Bronze,2,403.9,2337.8,1,0,7.63,19.0,15.3,3.8,Clear,47.7,0.156,1,139.25,8.03,0
SHP-101395,Montreal QC,Quebec City QC,MapleFreight Fleet,economy,General Freight,Bronze,3,872.6,517.0,4,1,13.96,-20.0,5.4,2.9,Snow,70.9,0.411,1,166.84,21.41,1
SHP-104780,Toronto ON,Sudbury ON,MapleFreight Fleet,Express,Fragile,Silver,4,705.4,622.1,4,0,11.19,-5.0,7.4,9.7,Fog,63.5,0.373,2,200.63,11.64,0
SHP-101351,Calgary AB,Calgary AB,MapleFreight Fleet,Standard,General Freight,Bronze,1,461.7,273.2,4,0,9.64,1.0,2.2,5.5,Snow,61.2,0.341,0,176.69,8.53,0
SHP-104754,Toronto ON,Montreal QC,MapleFreight Fleet,Economy,Bulk,Silver,12,831.6,3454.4,1,0,12.18,-7.0,9.2,1.2,Fog,47.7,0.228,0,154.45,12.55,0
SHP-102553,Calgary AB,Calgary AB,MapleFreight Fleet,Economy,General Freight,Gold,8,411.8,865.2,4,0,8.17,109.0,6.2,5.8,Rain,62.9,0.238,0,110.81,10.63,1
SHP-100409,Mississauga ON,Toronto ON,QuebecExpress,Standard,Refrigerated,Silver,5,483.3,600.9,4,0,10.16,-20.0,6.7,2.3,Clear,66.6,0.642,4,160.49,9.77,0
SHP-101116,Calgary AB,Calgary AB,MapleFreight Fleet,Standard,General Freight,Silver,5,746.3,1304.6,5,0,15.02,45.0,11.0,6.3,Clear,65.1,0.15,2,121.63,20.53,1
SHP-103154,Toronto ON,Winnipeg MB,NorthStar Carriers,Express,General Freight,Bronze,8,354.4,2267.8,0,0,5.44,-20.0,5.5,8.1,Fog,8.6,0.507,2,,5.29,0
SHP-101256,Toronto ON,Toronto ON,PrairieLine,Express,Refrigerated,Silver,1,451.3,967.5,0,0,5.43,-20.0,4.4,7.5,Rain,24.0,0.641,1,298.55,5.02,0
SHP-105622,Mississauga ON,Calgary AB,QuebecExpress,Economy,Bulk,Silver,4,724.8,463.2,2,0,11.51,41.0,1.2,7.1,Rain,63.5,0.664,2,,14.56,1
SHP-101867,Ottawa ON,Toronto ON,MapleFreight Fleet,Standard,Refrigerated,Silver,4,107.1,1276.2,4,0,6.33,54.0,4.2,6.9,Rain,5.0,0.52,1,178.36,6.12,0
SHP-100141,Winnipeg MB,Hamilton ON,NorthStar Carriers,Economy,Bulk,Silver,1,740.1,1531.5,1,0,10.85,-20.0,5.3,10.7,Snow,31.3,0.237,0,148.43,10.93,0
SHP-104997,London ON,Edmonton AB,PrairieLine,Standard,Hazardous,Bronze,12,172.0,779.9,0,0,1.76,44.0,,1.6,Rain,66.0,0.328,2,150.18,2.0,1
SHP-102686,Calgary AB,Regina SK,MapleFreight Fleet,Standard,Fragile,Silver,1,1099.7,1674.3,3,0,19.37,65.0,13.4,0.7,Clear,42.7,0.146,1,154.6,17.86,0
SHP-105357,Calgary AB,Calgary AB,MapleFreight Fleet,Standard,Fragile,Silver,5,789.0,879.8,1,0,12.15,7.0,7.0,3.0,Rain,13.9,0.52,0,209.98,11.71,0
SHP-103886,Ottawa ON,Sudbury ON,MapleFreight Fleet,Standard,Bulk,Silver,2,901.2,835.4,1,0,13.55,50.0,4.0,6.1,Rain,64.3,0.633,2,162.78,16.15,1
SHP-100689,Montreal QC,Quebec City QC,MapleFreight Fleet,Standard,General Freight,Gold,4,355.2,232.9,0,0,7.43,29.0,2.8,2.5,Clear,77.4,0.583,0,191.21,6.74,0
SHP-105725,Calgary AB,Winnipeg MB,PrairieLine,Standard,Refrigerated,Silver,5,440.1,512.8,1,0,5.08,52.0,5.2,6.5,Rain,93.6,0.588,2,195.42,7.16,1
SHP-103865,Toronto ON,Toronto ON,NorthStar Carriers,Standard,Refrigerated,Silver,1,318.5,1367.6,1,0,4.38,33.0,7.7,7.1,Snow,61.9,0.099,1,222.88,4.08,0
SHP-104947,London ON,Quebec City QC,MapleFreight Fleet,Express,Fragile,Silver,6,179.0,345.9,0,0,3.32,-20.0,9.9,7.1,Fog,61.5,0.3,3,187.05,3.23,0
SHP-100584,Mississauga ON,Montreal QC,PrairieLine,Express,Refrigerated,Silver,3,281.0,467.7,4,1,8.61,36.0,2.5,7.5,Clear,54.5,0.196,2,224.05,11.49,1
SHP-105794,Toronto ON,Calgary AB,NorthStar Carriers,Standard,General Freight,Bronze,2,568.6,347.8,0,0,7.47,-20.0,6.2,6.6,Clear,64.6,0.339,1,124.53,7.07,0
SHP-100333,Winnipeg MB,Toronto ON,MapleFreight Fleet,Standard,Bulk,Silver,12,585.8,409.1,3,0,10.35,-20.0,4.7,6.7,Clear,83.1,0.36,2,199.68,10.46,0
SHP-101294,London ON,Quebec City QC,QuebecExpress,Standard,Refrigerated,Silver,12,496.9,1150.6,4,0,7.62,70.0,8.3,7.4,Snow,34.5,0.18,0,178.52,8.01,0
SHP-104024,Mississauga ON,Montreal QC,MapleFreight Fleet,Express,Fragile,Bronze,3,1095.3,894.7,3,0,17.4,-19.0,2.4,7.5,Clear,19.5,0.216,1,238.47,17.42,0
SHP-105201,Montreal QC,Toronto ON,MapleFreight Fleet,Standard,Bulk,Gold,2,865.9,1071.0,1,0,12.45,-1.0,19.0,3.2,Clear,61.0,0.47,1,63.29,12.51,0
SHP-103776,Ottawa ON,Quebec City QC,MapleFreight Fleet,Standard,General Freight,Silver,3,776.1,1199.8,0,0,10.84,-7.0,3.2,1.8,Clear,87.7,0.753,3,160.85,10.94,0
SHP-101946,Toronto ON,Regina SK,MapleFreight Fleet,Economy,Bulk,Bronze,5,517.6,341.8,3,0,10.27,34.0,11.6,1.0,Fog,65.8,0.446,1,257.71,15.68,1
